campaign_id,direction,setup_tag,num_positions,num_core,num_pyramid,campaign_open_time,campaign_close_time,total_realized_profit_usd,core_only_profit_usd,pyramid_only_profit_usd,campaign_result,campaign_peak_floating_usd,campaign_mfe_usd,campaign_mae_usd,campaign_given_back_usd,any_broker_sl_hit
CAMP-1,BUY,M30_CONSENSUS_CORE_1779087600,1,1,0,2026.05.18 07:03:30,2026.05.18 10:32:58,247.45,247.45,0,WIN,451.15,451.15,-607.25,202.65,False
CAMP-2,SELL,M30_CONSENSUS_CORE_1779111000,1,1,0,2026.05.18 13:33:31,2026.05.18 13:35:11,207.93,207.93,0,WIN,364.53,364.53,-38.28,148.77,True
CAMP-3,SELL,M30_CONSENSUS_CORE_1779112800,1,1,0,2026.05.18 14:03:30,2026.05.18 14:09:32,184.08,184.08,0,WIN,338.00,338.00,-16.64,144.56,False
CAMP-4,SELL,M30_CONSENSUS_CORE_1779114600,1,1,0,2026.05.18 14:33:00,2026.05.18 14:39:23,-1061.97,-1061.97,0,LOSS,64.61,64.61,-1013.74,1078.35,True
CAMP-5,SELL,M30_CONSENSUS_CORE_1779116400,1,1,0,2026.05.18 15:03:00,2026.05.18 15:46:00,-959.2,-959.2,0,LOSS,128.40,128.40,-953.60,1082.00,True
CAMP-6,BUY,M30_CONSENSUS_CORE_1779134400,1,1,0,2026.05.18 20:03:30,2026.05.18 22:03:50,226.8,226.8,0,WIN,415.80,415.80,-667.80,186.20,False
CAMP-7,BUY,M30_CONSENSUS_CORE_1779143400,2,1,1,2026.05.18 22:33:00,2026.05.19 01:02:10,408.44,318.68,89.76,WIN,579.03,579.03,-51.88,67.20,False
CAMP-8,SELL,M30_CONSENSUS_CORE_1779163200,2,1,1,2026.05.19 04:03:22,2026.05.19 05:54:26,390.56,313.72,76.84,WIN,558.08,558.08,-599.68,165.60,False
CAMP-9,BUY,M30_CONSENSUS_CORE_1779181200,1,1,0,2026.05.19 09:03:30,2026.05.19 09:13:13,293.19,293.19,0,WIN,283.62,283.62,-263.61,0.00,False
CAMP-10,BUY,M30_CONSENSUS_CORE_1779183000,1,1,0,2026.05.19 09:33:00,2026.05.19 10:09:13,306.91,306.91,0,WIN,290.93,290.93,-193.17,1.41,False
CAMP-11,BUY,M30_CONSENSUS_CORE_1779188400,1,1,0,2026.05.19 11:03:00,2026.05.19 11:28:26,-1019.28,-1019.28,0,LOSS,91.14,91.14,-1016.80,1107.94,True
CAMP-12,BUY,M30_CONSENSUS_CORE_1779199200,1,1,0,2026.05.19 14:03:30,2026.05.19 16:07:26,-896.61,-896.61,0,LOSS,4.95,4.95,-891.66,896.28,True
CAMP-13,SELL,M30_CONSENSUS_CORE_1779294600,2,1,1,2026.05.20 16:33:00,2026.05.20 17:03:42,339.45,290.69,48.76,WIN,488.57,488.57,-235.91,146.56,False
CAMP-14,BUY,M30_CONSENSUS_CORE_1779363000,2,1,1,2026.05.21 11:33:30,2026.05.21 12:24:04,307.78,294.1,13.68,WIN,440.81,440.81,-159.80,131.44,False
CAMP-15,BUY,M30_CONSENSUS_CORE_1779382800,1,1,0,2026.05.21 17:03:30,2026.05.21 19:13:12,214.72,214.72,0,WIN,348.48,348.48,-424.32,128.64,True
CAMP-16,BUY,M30_CONSENSUS_CORE_1779391800,1,1,0,2026.05.21 19:33:30,2026.05.21 20:11:56,339.32,339.32,0,WIN,485.18,485.18,-113.22,143.14,False
CAMP-17,BUY,M30_CONSENSUS_CORE_1779397200,1,1,0,2026.05.21 21:03:00,2026.05.22 17:01:46,-917.91,-917.91,0,LOSS,32.97,32.97,-917.41,950.38,True
CAMP-18,SELL,M30_CONSENSUS_CORE_1779697800,1,1,0,2026.05.25 08:33:00,2026.05.25 09:06:06,200.85,200.85,0,WIN,333.45,333.45,-349.05,119.60,True
CAMP-19,BUY,M30_CONSENSUS_CORE_1779703200,1,1,0,2026.05.25 10:03:00,2026.05.25 13:25:23,327.5,327.5,0,WIN,472.50,472.50,-588.50,130.50,False
CAMP-20,BUY,M30_CONSENSUS_CORE_1779793200,1,1,0,2026.05.26 11:03:00,2026.05.26 12:32:26,-901.0,-901.0,0,LOSS,100.50,100.50,-888.00,988.50,True
CAMP-21,SELL,M30_CONSENSUS_CORE_1779858000,1,1,0,2026.05.27 05:03:30,2026.05.27 05:18:04,164.26,164.26,0,WIN,301.86,301.86,-24.08,128.14,False
CAMP-22,SELL,M30_CONSENSUS_CORE_1779865200,1,1,0,2026.05.27 07:03:00,2026.05.27 07:49:28,-835.94,-835.94,0,LOSS,29.40,29.40,-823.20,851.13,True
CAMP-23,SELL,M30_CONSENSUS_CORE_1779868800,1,1,0,2026.05.27 08:03:00,2026.05.27 08:16:34,139.16,139.16,0,WIN,266.96,266.96,-336.54,107.92,False
CAMP-24,SELL,M30_CONSENSUS_CORE_1779935400,1,1,0,2026.05.28 02:33:00,2026.05.28 02:53:12,163.2,163.2,0,WIN,281.28,281.28,-205.92,103.20,False
CAMP-25,SELL,M30_CONSENSUS_CORE_1779937200,1,1,0,2026.05.28 03:03:00,2026.05.28 03:06:40,156.94,156.94,0,WIN,285.56,285.56,-15.34,114.46,True
CAMP-26,SELL,M30_CONSENSUS_CORE_1780005600,1,1,0,2026.05.28 22:03:30,2026.05.29 01:10:00,260.52,260.52,0,WIN,325.03,325.03,-111.77,63.96,False
CAMP-27,SELL,M30_CONSENSUS_CORE_1780018200,1,1,0,2026.05.29 01:33:00,2026.05.29 01:52:37,127.28,127.28,0,WIN,265.74,265.74,-87.72,110.08,False
CAMP-28,BUY,M30_CONSENSUS_CORE_1780039800,1,1,0,2026.05.29 07:33:00,2026.05.29 08:00:53,152.26,152.26,0,WIN,282.44,282.44,-51.06,118.22,False
CAMP-29,BUY,M30_CONSENSUS_CORE_1780041600,1,1,0,2026.05.29 08:03:30,2026.05.29 09:01:47,320.88,320.88,0,WIN,460.32,460.32,-341.88,132.72,False
CAMP-30,SELL,M30_CONSENSUS_CORE_1780068600,2,1,1,2026.05.29 15:33:00,2026.05.29 16:40:14,-1269.13,-885.04,-384.09,LOSS,324.39,324.39,-882.59,1201.29,True
CAMP-31,BUY,M30_CONSENSUS_CORE_1780297200,1,1,0,2026.06.01 07:03:30,2026.06.01 08:25:25,167.04,167.04,0,WIN,282.24,282.24,-650.24,104.32,False
CAMP-32,BUY,M30_CONSENSUS_CORE_1780302600,1,1,0,2026.06.01 08:33:25,2026.06.01 08:39:39,322.92,322.92,0,WIN,468.00,468.00,-259.74,140.40,False
CAMP-33,BUY,M30_CONSENSUS_CORE_1780340400,3,1,2,2026.06.01 19:03:00,2026.06.01 20:43:34,461.48,343.0,118.48,WIN,663.94,663.94,-322.56,190.80,False
CAMP-34,BUY,M30_CONSENSUS_CORE_1780347600,1,1,0,2026.06.01 21:03:30,2026.06.01 22:03:00,22.95,22.95,0,WIN,150.30,150.30,-91.35,127.35,False
CAMP-35,SELL,M30_CONSENSUS_CORE_1780376400,1,1,0,2026.06.02 05:03:00,2026.06.02 05:09:51,147.2,147.2,0,WIN,270.94,270.94,-27.14,118.22,False
CAMP-36,SELL,M30_CONSENSUS_CORE_1780401600,1,1,0,2026.06.02 12:03:00,2026.06.02 12:32:54,150.48,150.48,0,WIN,286.71,286.71,-499.89,126.54,False
CAMP-37,BUY,M30_CONSENSUS_CORE_1780439400,1,1,0,2026.06.02 22:33:00,2026.06.03 01:01:24,163.52,163.52,0,WIN,297.40,297.40,-598.31,124.83,False
CAMP-38,BUY,M30_CONSENSUS_CORE_1780450200,1,1,0,2026.06.03 01:33:00,2026.06.03 02:10:55,-913.5,-913.5,0,LOSS,63.63,63.63,-871.92,935.55,True
CAMP-39,BUY,M30_CONSENSUS_CORE_1780455600,3,1,2,2026.06.03 03:03:30,2026.06.03 04:01:49,460.74,517.56,-56.82,WIN,953.22,953.22,-219.00,1172.22,True
CAMP-40,BUY,M30_CONSENSUS_CORE_1780462800,1,1,0,2026.06.03 05:03:30,2026.06.03 05:11:09,201.28,201.28,0,WIN,374.00,374.00,-57.80,136.00,False
CAMP-41,BUY,M30_CONSENSUS_CORE_1780464600,1,1,0,2026.06.03 05:33:30,2026.06.03 05:37:49,266.2,266.2,0,WIN,255.20,255.20,-17.60,0.00,False
CAMP-42,SELL,M30_CONSENSUS_CORE_1780545600,1,1,0,2026.06.04 04:03:30,2026.06.04 04:20:18,-893.75,-893.75,0,LOSS,135.20,135.20,-871.65,1006.85,True
CAMP-43,SELL,M30_CONSENSUS_CORE_1780594200,2,1,1,2026.06.04 17:33:00,2026.06.04 17:50:25,301.59,244.72,56.87,WIN,433.59,433.59,-53.77,129.00,False
CAMP-44,BUY,M30_CONSENSUS_CORE_1780601400,2,1,1,2026.06.04 19:33:30,2026.06.05 01:00:05,-1186.38,-847.55,-338.83,LOSS,205.89,205.89,-967.67,1037.27,True
CAMP-45,SELL,M30_CONSENSUS_CORE_1780673400,1,1,0,2026.06.05 15:32:41,2026.06.05 15:37:03,215.0,215.0,0,WIN,321.00,321.00,-89.25,96.75,False
CAMP-46,SELL,M30_CONSENSUS_CORE_1780939800,1,1,0,2026.06.08 17:33:00,2026.06.09 02:54:14,130.56,130.56,0,WIN,237.70,237.70,-564.72,105.60,False
CAMP-47,SELL,M30_CONSENSUS_CORE_1780990200,1,1,0,2026.06.09 07:33:00,2026.06.09 08:32:30,-757.35,-757.35,0,LOSS,87.75,87.75,-756.45,844.20,True
CAMP-48,SELL,M30_CONSENSUS_CORE_1780999200,1,1,0,2026.06.09 10:03:30,2026.06.09 10:05:21,116.9,116.9,0,WIN,217.00,217.00,-130.90,92.40,False
CAMP-49,SELL,M30_CONSENSUS_CORE_1781001000,1,1,0,2026.06.09 10:33:30,2026.06.09 15:47:43,-687.8,-687.8,0,LOSS,185.44,185.44,-680.20,865.26,True
CAMP-50,SELL,M30_CONSENSUS_CORE_1781022600,1,1,0,2026.06.09 16:33:00,2026.06.09 16:42:29,104.72,104.72,0,WIN,193.12,193.12,-124.78,86.70,False
CAMP-51,SELL,M30_CONSENSUS_CORE_1781168400,1,1,0,2026.06.11 09:03:30,2026.06.11 09:08:24,187.32,187.32,0,WIN,280.84,280.84,-5.32,90.44,True
CAMP-52,SELL,M30_CONSENSUS_CORE_1781170200,1,1,0,2026.06.11 09:33:00,2026.06.11 11:01:16,-641.94,-641.94,0,LOSS,103.74,103.74,-640.90,744.64,True
CAMP-53,SELL,M30_CONSENSUS_CORE_1781179200,2,1,1,2026.06.11 12:03:00,2026.06.11 15:12:38,218.38,184.68,33.7,WIN,315.82,315.82,-181.26,81.20,False
CAMP-54,SELL,M30_CONSENSUS_CORE_1781238600,1,1,0,2026.06.12 04:33:00,2026.06.12 09:33:00,51.2,51.2,0,WIN,165.44,165.44,-384.32,114.24,False
CAMP-55,BUY,M30_CONSENSUS_CORE_1781263800,1,1,0,2026.06.12 11:33:00,2026.06.12 18:28:36,102.52,102.52,0,WIN,187.66,187.66,-455.07,83.82,False
CAMP-56,SELL,M30_CONSENSUS_CORE_1781514000,1,1,0,2026.06.15 09:03:00,2026.06.15 09:11:21,109.71,109.71,0,WIN,201.25,201.25,-39.33,89.93,False
CAMP-57,SELL,M30_CONSENSUS_CORE_1781515800,1,1,0,2026.06.15 09:33:30,2026.06.15 11:33:37,-638.78,-638.78,0,LOSS,96.14,96.14,-632.13,728.27,True
CAMP-58,SELL,M30_CONSENSUS_CORE_1781535600,1,1,0,2026.06.15 15:03:30,2026.06.15 15:14:16,150.5,150.5,0,WIN,188.77,188.77,-74.39,29.24,False
CAMP-59,SELL,M30_CONSENSUS_CORE_1781551800,2,1,1,2026.06.15 19:33:00,2026.06.15 21:13:47,438.06,320.46,117.6,WIN,626.16,626.16,-53.13,186.78,False
CAMP-60,BUY,M30_CONSENSUS_CORE_1781573400,1,1,0,2026.06.16 01:33:00,2026.06.16 01:43:57,259.92,259.92,0,WIN,372.24,372.24,-31.68,97.20,False
CAMP-61,BUY,M30_CONSENSUS_CORE_1781575200,1,1,0,2026.06.16 02:03:30,2026.06.16 02:35:57,231.84,231.84,0,WIN,338.31,338.31,-149.31,95.13,True
CAMP-62,BUY,M30_CONSENSUS_CORE_1781582400,1,1,0,2026.06.16 04:03:30,2026.06.16 06:53:27,128.7,128.7,0,WIN,235.50,235.50,-524.70,104.40,False
CAMP-63,BUY,M30_CONSENSUS_CORE_1781593200,1,1,0,2026.06.16 07:03:00,2026.06.16 11:11:36,246.24,246.24,0,WIN,356.76,356.76,-611.64,104.04,False
CAMP-64,BUY,M30_CONSENSUS_CORE_1781609400,1,1,0,2026.06.16 11:33:00,2026.06.16 15:53:08,263.19,263.19,0,WIN,378.20,378.20,-233.12,110.05,False
CAMP-65,SELL,M30_CONSENSUS_CORE_1781629200,2,1,1,2026.06.16 17:03:00,2026.06.16 17:21:16,325.17,316.5,8.67,WIN,475.57,475.57,-108.00,142.41,False
CAMP-66,BUY,M30_CONSENSUS_CORE_1781636400,1,1,0,2026.06.16 19:03:00,2026.06.16 19:11:14,127.68,127.68,0,WIN,243.96,243.96,-37.24,102.98,False
CAMP-67,BUY,M30_CONSENSUS_CORE_1781638200,3,1,2,2026.06.16 19:33:30,2026.06.17 01:00:00,145.55,145.5,0.05,WIN,405.90,405.90,-741.56,110.92,True
CAMP-68,BUY,M30_CONSENSUS_CORE_1781690400,1,1,0,2026.06.17 10:03:30,2026.06.17 16:24:08,196.35,196.35,0,WIN,361.90,361.90,-786.50,162.25,False
CAMP-69,BUY,M30_CONSENSUS_CORE_1781713800,1,1,0,2026.06.17 16:33:30,2026.06.17 16:42:25,128.79,128.79,0,WIN,248.04,248.04,-119.78,110.24,False
CAMP-70,BUY,M30_CONSENSUS_CORE_1781715600,1,1,0,2026.06.17 17:03:00,2026.06.17 17:08:59,329.97,329.97,0,WIN,473.28,473.28,-24.99,134.13,False
CAMP-71,BUY,M30_CONSENSUS_CORE_1781731800,1,1,0,2026.06.17 21:32:53,2026.06.17 21:39:34,257.88,257.88,0,WIN,334.32,334.32,-849.24,59.64,False
CAMP-72,BUY,M30_CONSENSUS_CORE_1781749800,1,1,0,2026.06.18 02:33:00,2026.06.18 03:02:45,218.96,218.96,0,WIN,274.38,274.38,-422.96,53.38,False
CAMP-73,BUY,M30_CONSENSUS_CORE_1781753400,1,1,0,2026.06.18 03:33:30,2026.06.18 04:01:27,154.98,154.98,0,WIN,284.94,284.94,-97.74,125.46,False
CAMP-74,BUY,M30_CONSENSUS_CORE_1781757000,1,1,0,2026.06.18 04:33:30,2026.06.18 04:44:26,170.5,170.5,0,WIN,313.50,313.50,-127.05,138.60,False
CAMP-75,SELL,M30_CONSENSUS_CORE_1781773200,1,1,0,2026.06.18 09:03:00,2026.06.18 09:09:00,320.78,320.78,0,WIN,464.40,464.40,-73.96,136.74,True
CAMP-76,SELL,M30_CONSENSUS_CORE_1781775000,3,1,2,2026.06.18 09:33:00,2026.06.18 11:04:11,660.14,520.22,139.92,WIN,910.88,910.88,-216.45,910.28,False
CAMP-77,SELL,M30_CONSENSUS_CORE_1781782200,1,1,0,2026.06.18 11:33:30,2026.06.18 12:04:08,693.88,693.88,0,WIN,992.94,992.94,-24.32,293.36,False
CAMP-78,SELL,M30_CONSENSUS_CORE_1781793000,1,1,0,2026.06.18 14:33:30,2026.06.18 17:16:19,197.4,197.4,0,WIN,359.80,359.80,-1021.65,159.95,False
CAMP-79,SELL,M30_CONSENSUS_CORE_1781877600,1,1,0,2026.06.19 14:03:30,2026.06.19 15:53:06,-1138.08,-1138.08,0,LOSS,300.48,300.48,-1134.24,1417.92,True
CAMP-80,BUY,M30_CONSENSUS_CORE_1781893800,1,1,0,2026.06.19 18:33:00,2026.06.19 19:48:17,308.8,308.8,0,WIN,296.00,296.00,-615.20,0.00,False
CAMP-81,BUY,M30_CONSENSUS_CORE_1782099000,1,1,0,2026.06.22 03:33:30,2026.06.22 04:00:04,1041.39,1041.39,0,WIN,1029.78,1029.78,-42.93,0.00,False
CAMP-82,BUY,M30_CONSENSUS_CORE_1782100800,1,1,0,2026.06.22 04:02:47,2026.06.23 07:59:06,-1131.13,-1131.13,0,LOSS,118.30,118.30,-1126.14,1244.44,True
CAMP-83,SELL,M30_CONSENSUS_CORE_1782244800,1,1,0,2026.06.23 20:03:00,2026.06.23 20:34:57,172.2,172.2,0,WIN,325.50,325.50,-513.10,145.60,False
CAMP-84,SELL,M30_CONSENSUS_CORE_1782250200,1,1,0,2026.06.23 21:33:30,2026.06.23 21:48:48,463.24,463.24,0,WIN,663.78,663.78,-67.34,190.92,False
CAMP-85,SELL,M30_CONSENSUS_CORE_1782252000,1,1,0,2026.06.23 22:03:30,2026.06.23 22:22:34,223.56,223.56,0,WIN,406.62,406.62,-293.22,173.34,False
CAMP-86,SELL,M30_CONSENSUS_CORE_1782397800,1,1,0,2026.06.25 14:33:30,2026.06.25 14:37:05,442.8,442.8,0,WIN,638.40,638.40,-67.20,176.40,False
CAMP-87,SELL,M30_CONSENSUS_CORE_1782406800,1,1,0,2026.06.25 17:03:00,2026.06.25 18:56:25,-1175.38,-1175.38,0,LOSS,77.86,77.86,-1170.28,1248.14,True
CAMP-88,BUY,M30_CONSENSUS_CORE_1782457200,1,1,0,2026.06.26 07:03:00,2026.06.26 07:13:21,294.92,294.92,0,WIN,370.11,370.11,-342.37,73.00,False
CAMP-89,BUY,M30_CONSENSUS_CORE_1782459000,2,1,1,2026.06.26 07:33:00,2026.06.26 08:10:04,434.0,434.0,0.0,WIN,574.12,574.12,-267.84,574.12,False
CAMP-90,BUY,M30_CONSENSUS_CORE_1782462600,2,1,1,2026.06.26 08:33:00,2026.06.26 09:22:39,480.81,302.46,178.35,WIN,714.89,714.89,-1435.51,210.56,False
CAMP-91,BUY,M30_CONSENSUS_CORE_1782466200,3,1,2,2026.06.26 09:33:30,2026.06.26 10:02:43,413.62,217.8,195.82,WIN,591.34,591.34,-323.05,589.38,False
CAMP-92,SELL,M30_CONSENSUS_CORE_1782696600,1,1,0,2026.06.29 01:33:30,2026.06.29 07:35:34,3.9,3.9,0,WIN,,,,,False
CAMP-93,SELL,PYRAMID,1,0,1,2026.06.29 02:33:37,2026.06.29 06:22:24,-483.34,0,-483.34,LOSS,597.87,597.87,-1064.99,595.14,True
CAMP-94,BUY,M30_CONSENSUS_CORE_1782723600,2,1,1,2026.06.29 09:03:00,2026.06.29 09:50:19,414.64,300.04,114.6,WIN,602.42,602.42,-200.36,180.40,False
CAMP-95,SELL,M30_CONSENSUS_CORE_1782819000,2,1,1,2026.06.30 11:33:30,2026.06.30 11:51:25,508.39,504.39,4.0,WIN,651.79,651.79,-150.00,648.59,False
CAMP-96,SELL,M30_CONSENSUS_CORE_1782820800,1,1,0,2026.06.30 12:03:30,2026.06.30 12:33:00,258.0,258.0,0,WIN,448.00,448.00,-538.00,185.00,True
CAMP-97,SELL,M30_CONSENSUS_CORE_1782833400,2,1,1,2026.06.30 15:33:00,2026.06.30 16:10:16,-105.18,334.4,-439.58,LOSS,532.95,532.95,-438.03,970.98,True
CAMP-98,SELL,M30_CONSENSUS_CORE_1782835200,1,1,0,2026.06.30 16:13:34,2026.06.30 16:25:17,226.2,226.2,0,WIN,413.40,413.40,-685.62,185.64,False
CAMP-99,SELL,M30_CONSENSUS_CORE_1782837000,1,1,0,2026.06.30 16:33:31,2026.06.30 16:40:17,211.7,211.7,0,WIN,389.18,389.18,-196.62,164.72,False
CAMP-100,SELL,M30_CONSENSUS_CORE_1782842400,1,1,0,2026.06.30 18:02:53,2026.06.30 18:24:29,270.84,270.84,0,WIN,500.61,500.61,-88.06,222.00,False
CAMP-101,SELL,M30_CONSENSUS_CORE_1782844200,1,1,0,2026.06.30 18:33:00,2026.07.01 01:00:00,143.84,143.84,0,WIN,466.86,466.86,-159.03,46.38,False
CAMP-102,SELL,M30_CONSENSUS_CORE_1782874800,1,1,0,2026.07.01 03:03:30,2026.07.01 03:20:12,523.23,523.23,0,WIN,749.80,749.80,-590.06,218.42,False
CAMP-103,SELL,M30_CONSENSUS_CORE_1782876600,1,1,0,2026.07.01 03:33:42,2026.07.01 03:51:09,851.62,851.62,0,WIN,1227.66,1227.66,-458.20,361.82,False
CAMP-104,SELL,M30_CONSENSUS_CORE_1782880200,1,1,0,2026.07.01 04:33:00,2026.07.01 04:34:45,257.73,257.73,0,WIN,469.31,469.31,-1.42,210.87,False
CAMP-105,SELL,M30_CONSENSUS_CORE_1782882000,1,1,0,2026.07.01 05:03:00,2026.07.01 05:07:09,348.48,348.48,0,WIN,642.51,642.51,-63.36,286.11,False
CAMP-106,SELL,M30_CONSENSUS_CORE_1782936000,1,1,0,2026.07.01 20:03:00,2026.07.01 20:10:41,375.39,375.39,0,WIN,472.39,472.39,-18.43,80.51,False
CAMP-107,SELL,M30_CONSENSUS_CORE_1782937800,2,1,1,2026.07.01 20:33:31,2026.07.01 21:30:12,634.64,551.12,83.52,WIN,913.67,913.67,-278.05,262.00,False
CAMP-108,SELL,M30_CONSENSUS_CORE_1782941400,1,1,0,2026.07.01 21:33:42,2026.07.01 21:43:17,509.95,509.95,0,WIN,761.67,761.67,-245.21,245.21,False
CAMP-109,BUY,M30_CONSENSUS_CORE_1782966600,1,1,0,2026.07.02 04:33:00,2026.07.02 04:40:56,283.5,283.5,0,WIN,522.90,522.90,-443.10,222.60,False
CAMP-110,BUY,M30_CONSENSUS_CORE_1782970200,1,1,0,2026.07.02 05:33:30,2026.07.02 05:47:06,356.12,356.12,0,WIN,629.88,629.88,-307.40,255.20,True
CAMP-111,BUY,M30_CONSENSUS_CORE_1782973800,1,1,0,2026.07.02 06:33:00,2026.07.02 06:57:41,815.29,815.29,0,WIN,1175.72,1175.72,-429.59,307.23,False
CAMP-112,BUY,M30_CONSENSUS_CORE_1782975600,1,1,0,2026.07.02 07:03:30,2026.07.02 09:29:20,428.61,428.61,0,WIN,785.33,785.33,-1634.36,332.15,False
CAMP-113,SELL,M30_CONSENSUS_CORE_1783062000,3,1,2,2026.07.03 07:03:00,2026.07.03 09:13:14,1314.06,990.0,324.06,WIN,1818.39,1818.39,-990.00,1809.99,False
CAMP-114,SELL,M30_CONSENSUS_CORE_1783071000,1,1,0,2026.07.03 09:33:00,2026.07.03 11:05:46,-2027.65,-2027.65,0,LOSS,9.63,9.63,-2018.02,2027.65,True
CAMP-115,BUY,M30_CONSENSUS_CORE_1783107000,1,1,0,2026.07.03 19:33:00,2026.07.03 19:34:21,326.34,326.34,0,WIN,608.65,608.65,-23.31,253.82,False
CAMP-116,BUY,M30_CONSENSUS_CORE_1783301400,1,1,0,2026.07.06 01:33:00,2026.07.06 02:30:32,689.12,689.12,0,WIN,1008.13,1008.13,-296.38,292.00,True
CAMP-117,BUY,M30_CONSENSUS_CORE_1783335600,1,1,0,2026.07.06 11:03:00,2026.07.06 11:46:18,-1940.28,-1940.28,0,LOSS,146.28,146.28,-1915.44,2061.72,True
CAMP-118,BUY,M30_CONSENSUS_CORE_1783346400,2,1,1,2026.07.06 14:03:00,2026.07.06 15:30:45,-2318.4,-1740.48,-577.92,LOSS,716.04,716.04,-1732.92,2439.72,True
CAMP-119,SELL,M30_CONSENSUS_CORE_1783393200,2,1,1,2026.07.07 03:03:00,2026.07.07 03:30:22,-580.38,34.56,-614.94,LOSS,605.00,605.00,-1368.54,592.20,True
CAMP-120,BUY,M30_CONSENSUS_CORE_1783423800,1,1,0,2026.07.07 11:33:30,2026.07.07 12:29:07,-1443.6,-1443.6,0,LOSS,194.40,194.40,-1436.40,1624.80,True
CAMP-121,SELL,M30_CONSENSUS_CORE_1783438200,1,1,0,2026.07.07 15:33:37,2026.07.07 15:37:45,310.05,310.05,0,WIN,520.65,520.65,-166.14,191.88,False
CAMP-122,BUY,M30_CONSENSUS_CORE_1783463400,1,1,0,2026.07.07 22:33:00,2026.07.07 22:56:02,408.09,408.09,0,WIN,516.67,516.67,-63.44,98.21,False
CAMP-123,BUY,M30_CONSENSUS_CORE_1783483200,2,1,1,2026.07.08 04:03:19,2026.07.08 06:02:28,702.22,579.15,123.07,WIN,1004.08,1004.08,-1032.35,299.28,False
CAMP-124,BUY,M30_CONSENSUS_CORE_1783492200,2,1,1,2026.07.08 06:33:30,2026.07.08 08:08:08,545.6,380.0,165.6,WIN,798.86,798.86,-888.28,238.14,False
CAMP-125,SELL,M30_CONSENSUS_CORE_1783499400,1,1,0,2026.07.08 08:33:00,2026.07.08 09:05:50,249.28,249.28,0,WIN,468.16,468.16,-799.52,196.08,False
CAMP-126,SELL,M30_CONSENSUS_CORE_1783506600,2,1,1,2026.07.08 10:33:00,2026.07.08 10:37:13,863.06,744.8,118.26,WIN,1236.55,1236.55,-81.20,362.44,False
CAMP-127,SELL,M30_CONSENSUS_CORE_1783508400,1,1,0,2026.07.08 11:03:30,2026.07.08 11:16:43,652.4,652.4,0,WIN,939.40,939.40,-411.60,270.20,True
CAMP-128,BUY,M30_CONSENSUS_CORE_1783522800,1,1,0,2026.07.08 15:03:28,2026.07.08 15:20:29,467.04,467.04,0,WIN,718.48,718.48,-122.64,245.84,True
CAMP-129,SELL,M30_CONSENSUS_CORE_1783560600,2,1,1,2026.07.09 01:33:00,2026.07.09 03:12:25,-269.1,338.4,-607.5,LOSS,615.70,615.70,-1386.62,248.16,True
CAMP-130,SELL,M30_CONSENSUS_CORE_1783571400,1,1,0,2026.07.09 04:33:00,2026.07.09 05:26:32,-1704.28,-1704.28,0,LOSS,71.24,71.24,-1682.36,1739.90,True
CAMP-131,SELL,M30_CONSENSUS_CORE_1783576800,1,1,0,2026.07.09 06:03:00,2026.07.09 06:14:56,548.23,548.23,0,WIN,794.24,794.24,-104.39,215.35,False
CAMP-132,SELL,M30_CONSENSUS_CORE_1783605600,1,1,0,2026.07.09 14:03:00,2026.07.09 15:07:50,-1585.5,-1585.5,0,LOSS,432.00,432.00,-1557.00,1984.50,True
CAMP-133,SELL,M30_CONSENSUS_CORE_1783632600,2,1,1,2026.07.09 21:33:00,2026.07.10 03:35:01,632.76,473.48,159.28,WIN,906.46,906.46,-811.38,255.60,False
CAMP-134,SELL,M30_CONSENSUS_CORE_1783906200,1,1,0,2026.07.13 01:33:00,2026.07.13 01:49:01,337.64,337.64,0,WIN,624.68,624.68,-75.90,280.14,False
CAMP-135,SELL,M30_CONSENSUS_CORE_1783949400,1,1,0,2026.07.13 13:33:30,2026.07.13 13:41:56,1581.3,1581.3,0,WIN,1495.62,1495.62,-157.50,0.00,False
CAMP-136,SELL,M30_CONSENSUS_CORE_1783951200,1,1,0,2026.07.13 14:03:30,2026.07.13 14:55:45,325.8,325.8,0,WIN,595.80,595.80,-617.40,260.10,False
CAMP-137,SELL,M30_CONSENSUS_CORE_1784026800,1,1,0,2026.07.14 11:03:00,2026.07.14 11:10:01,366.6,366.6,0,WIN,626.60,626.60,-104.00,235.30,False
CAMP-138,SELL,M30_CONSENSUS_CORE_1784028600,2,1,1,2026.07.14 11:33:30,2026.07.14 12:00:41,709.51,651.91,57.6,WIN,1018.30,1018.30,-369.74,291.27,False
CAMP-139,SELL,M30_CONSENSUS_CORE_1784032200,1,1,0,2026.07.14 12:33:30,2026.07.14 14:24:48,-1824.0,-1824.0,0,LOSS,186.96,186.96,-1790.56,1977.52,True
CAMP-140,SELL,M30_CONSENSUS_CORE_1784044800,1,1,0,2026.07.14 16:02:59,2026.07.14 18:42:09,486.54,486.54,0,WIN,470.88,470.88,-1160.46,0.00,False
CAMP-141,SELL,M30_CONSENSUS_CORE_1784055600,1,1,0,2026.07.14 19:03:00,2026.07.14 21:48:28,506.88,506.88,0,WIN,756.00,756.00,-44.64,246.60,False
CAMP-142,BUY,M30_CONSENSUS_CORE_1784084400,1,1,0,2026.07.15 03:03:00,2026.07.15 03:04:53,317.52,317.52,0,WIN,580.16,580.16,-178.36,241.08,False
CAMP-143,BUY,M30_CONSENSUS_CORE_1784086200,1,1,0,2026.07.15 03:33:00,2026.07.15 03:56:03,269.12,269.12,0,WIN,559.12,559.12,-1060.24,204.16,False
CAMP-144,BUY,M30_CONSENSUS_CORE_1784088000,1,1,0,2026.07.15 04:03:00,2026.07.15 04:06:54,342.0,342.0,0,WIN,663.10,663.10,-585.20,250.80,True
CAMP-145,BUY,M30_CONSENSUS_CORE_1784095200,1,1,0,2026.07.15 06:03:30,2026.07.15 08:11:34,-1847.79,-1847.79,0,LOSS,286.65,286.65,-1818.39,2056.53,True
CAMP-146,BUY,M30_CONSENSUS_CORE_1784106000,1,1,0,2026.07.15 09:03:30,2026.07.15 11:13:43,-1636.02,-1636.02,0,LOSS,224.48,224.48,-1586.00,1810.48,True
CAMP-147,BUY,M30_CONSENSUS_CORE_1784115000,2,1,1,2026.07.15 11:33:30,2026.07.15 13:14:45,573.61,490.56,83.05,WIN,827.29,827.29,-759.72,237.07,False
CAMP-148,BUY,M30_CONSENSUS_CORE_1784125800,1,1,0,2026.07.15 14:33:30,2026.07.15 14:45:01,946.71,946.71,0,WIN,1352.73,1352.73,-142.71,361.80,False
CAMP-149,BUY,M30_CONSENSUS_CORE_1784127600,1,1,0,2026.07.15 15:03:01,2026.07.15 15:30:13,585.2,585.2,0,WIN,846.45,846.45,-446.50,246.05,False
CAMP-150,BUY,M30_CONSENSUS_CORE_1784131200,1,1,0,2026.07.15 16:03:13,2026.07.15 19:35:15,-1661.94,-1661.94,0,LOSS,261.24,261.24,-1659.42,1920.66,True
CAMP-151,BUY,M30_CONSENSUS_CORE_1784196000,1,1,0,2026.07.16 10:03:00,2026.07.16 11:02:13,394.32,394.32,0,WIN,499.26,499.26,-1133.67,90.63,False
CAMP-152,BUY,M30_CONSENSUS_CORE_1784199600,2,1,1,2026.07.16 11:03:30,2026.07.16 14:16:14,-699.42,24.78,-724.2,LOSS,647.20,647.20,-1607.12,653.10,True
CAMP-153,BUY,M30_CONSENSUS_CORE_1784215800,1,1,0,2026.07.16 15:33:30,2026.07.16 15:40:56,-1500.0,-1500.0,0,LOSS,0.00,0.00,-1472.00,1472.00,True
