position_id,campaign_id,leg_role,entry_source_path,direction,entry_time,entry_regime,frozen_owner_exit_profile,entry_price,original_sl,risk_distance,risk_usd,exit_time,exit_price,exit_authority,realized_profit_usd,realized_r_at_exit,peak_r_while_open,period_membership,total_favorable_r_at_5m,missed_r_5m,maximum_adverse_r_after_exit_5m,returned_to_entry_5m,crossed_original_sl_5m,path_classification_5m,observed_through_5m,total_favorable_r_at_10m,missed_r_10m,maximum_adverse_r_after_exit_10m,returned_to_entry_10m,crossed_original_sl_10m,path_classification_10m,observed_through_10m,total_favorable_r_at_15m,missed_r_15m,maximum_adverse_r_after_exit_15m,returned_to_entry_15m,crossed_original_sl_15m,path_classification_15m,observed_through_15m,total_favorable_r_at_20m,missed_r_20m,maximum_adverse_r_after_exit_20m,returned_to_entry_20m,crossed_original_sl_20m,path_classification_20m,observed_through_20m,total_favorable_r_at_30m,missed_r_30m,maximum_adverse_r_after_exit_30m,returned_to_entry_30m,crossed_original_sl_30m,path_classification_30m,observed_through_30m,total_favorable_r_at_60m,missed_r_60m,maximum_adverse_r_after_exit_60m,returned_to_entry_60m,crossed_original_sl_60m,path_classification_60m,observed_through_60m,clean_continuation_or_immediate_reversal
2,CAMP-1,CORE,FRESH,BUY,2026.04.20 02:03:00,TREND_UP,TREND_UP,4778.88,4751.49159,27.38841,985.98,2026.04.20 02:43:13,4749.32,BROKER_SL,-1064.16,-1.079289,0.001826,FULL_90_DAYS+FIRST_60_DAYS,-0.577252,0.502037,0.452381,True,True,IMMEDIATE_REVERSAL,2026.04.20 02:48:13,-0.577252,0.502037,0.452381,True,True,IMMEDIATE_REVERSAL,2026.04.20 02:53:13,-0.577252,0.502037,0.452381,True,True,IMMEDIATE_REVERSAL,2026.04.20 02:58:13,-0.577252,0.502037,0.452381,True,True,IMMEDIATE_REVERSAL,2026.04.20 03:03:13,-0.577252,0.502037,0.452381,True,True,IMMEDIATE_REVERSAL,2026.04.20 03:13:13,-0.392502,0.686787,0.452381,True,True,IMMEDIATE_REVERSAL,2026.04.20 03:43:13,IMMEDIATE_REVERSAL
4,CAMP-2,CORE,FRESH,BUY,2026.04.20 04:33:30,TREND_DN,GENERAL,4809.61,4747.40024,62.20976,870.94,2026.04.20 16:33:00,4818.68,PROFIT_CLOSE,126.98,0.145797,0.268125,FULL_90_DAYS+FIRST_60_DAYS,0.254944,0.109147,0.037775,False,False,CLEAN_CONTINUATION,2026.04.20 16:38:00,0.254944,0.109147,0.042116,False,False,CLEAN_CONTINUATION,2026.04.20 16:43:00,0.254944,0.109147,0.042116,False,False,CLEAN_CONTINUATION,2026.04.20 16:48:00,0.254944,0.109147,0.042116,False,False,CLEAN_CONTINUATION,2026.04.20 16:53:00,0.254944,0.109147,0.109629,False,False,CLEAN_CONTINUATION,2026.04.20 17:03:00,0.289344,0.143547,0.187591,True,False,CLEAN_CONTINUATION,2026.04.20 17:33:00,CLEAN_CONTINUATION
6,CAMP-3,CORE,FRESH,SELL,2026.04.20 17:03:30,TREND_DN,GENERAL,4814.04,4830.49346,16.45346,904.94,2026.04.20 17:12:43,4809.1,SL_MOD:PRIMARY_EXIT_FLOOR,271.7,0.30024,0.4066,FULL_90_DAYS+FIRST_60_DAYS,0.418148,0.117908,0.543959,True,False,CLEAN_CONTINUATION,2026.04.20 17:17:43,0.418148,0.117908,0.802871,True,False,CLEAN_CONTINUATION,2026.04.20 17:22:43,0.418148,0.117908,1.092172,True,False,CLEAN_CONTINUATION,2026.04.20 17:27:43,0.418148,0.117908,1.136539,True,False,CLEAN_CONTINUATION,2026.04.20 17:32:43,0.418148,0.117908,1.136539,True,False,CLEAN_CONTINUATION,2026.04.20 17:42:43,1.296991,0.996751,1.136539,True,False,CLEAN_CONTINUATION,2026.04.20 18:12:43,CLEAN_CONTINUATION
8,CAMP-4,CORE,FRESH,BUY,2026.04.22 01:33:00,TREND_DN,GENERAL,4718.94,4655.77847,63.16153,884.26,2026.04.22 02:19:52,4731.23,PROFIT_CLOSE,172.06,0.194581,0.222762,FULL_90_DAYS+FIRST_60_DAYS,0.219437,0.024857,0.012508,False,False,NO_DECISIVE_0.10R_MOVE,2026.04.22 02:24:52,0.225137,0.030557,0.017891,False,False,NO_DECISIVE_0.10R_MOVE,2026.04.22 02:29:52,0.23052,0.03594,0.028182,False,False,NO_DECISIVE_0.10R_MOVE,2026.04.22 02:34:52,0.23622,0.041639,0.036098,False,False,NO_DECISIVE_0.10R_MOVE,2026.04.22 02:39:51,0.309207,0.114627,0.036098,False,False,CLEAN_CONTINUATION,2026.04.22 02:49:52,0.451699,0.257119,0.036098,False,False,CLEAN_CONTINUATION,2026.04.22 03:19:52,CLEAN_CONTINUATION
9,CAMP-4,PYRAMID,PYRAMID,BUY,2026.04.22 02:18:26,TREND_DN,GENERAL,4729.33,4710.60829,18.72171,917.36,2026.04.22 02:19:52,4731.23,PROFIT_CLOSE,93.1,0.101487,0.196563,FULL_90_DAYS+FIRST_60_DAYS,0.185346,0.08386,0.042197,False,False,NO_DECISIVE_0.10R_MOVE,2026.04.22 02:24:52,0.204575,0.103089,0.060358,False,False,CLEAN_CONTINUATION,2026.04.22 02:29:52,0.222736,0.12125,0.095077,False,False,CLEAN_CONTINUATION,2026.04.22 02:34:52,0.241965,0.140479,0.121784,True,False,CLEAN_CONTINUATION,2026.04.22 02:39:51,0.488203,0.386717,0.121784,True,False,CLEAN_CONTINUATION,2026.04.22 02:49:52,0.968928,0.867442,0.121784,True,False,CLEAN_CONTINUATION,2026.04.22 03:19:52,CLEAN_CONTINUATION
12,CAMP-5,CORE,FRESH,BUY,2026.04.22 02:33:30,TREND_DN,GENERAL,4732.76,4710.03119,22.72881,954.61,2026.04.22 03:04:37,4743.14,SL_MOD:PRIMARY_EXIT_FLOOR,435.96,0.456689,0.556123,FULL_90_DAYS+FIRST_60_DAYS,0.607159,0.15047,0.098553,False,False,CLEAN_CONTINUATION,2026.04.22 03:09:37,0.647196,0.190507,0.098553,False,False,CLEAN_CONTINUATION,2026.04.22 03:14:37,0.647196,0.190507,0.098553,False,False,CLEAN_CONTINUATION,2026.04.22 03:19:37,0.647196,0.190507,0.098553,False,False,CLEAN_CONTINUATION,2026.04.22 03:24:37,0.647196,0.190507,0.110433,False,False,CLEAN_CONTINUATION,2026.04.22 03:34:37,0.647196,0.190507,0.238024,False,False,CLEAN_CONTINUATION,2026.04.22 04:04:37,CLEAN_CONTINUATION
13,CAMP-5,PYRAMID,PYRAMID,BUY,2026.04.22 03:01:13,TREND_DN,GENERAL,4742.21,4724.38614,17.82386,944.67,2026.04.22 03:04:37,4743.14,PROFIT_CLOSE,49.29,0.052177,0.178973,FULL_90_DAYS+FIRST_60_DAYS,0.244055,0.191878,0.125674,True,False,CLEAN_CONTINUATION,2026.04.22 03:09:37,0.29511,0.242933,0.125674,True,False,CLEAN_CONTINUATION,2026.04.22 03:14:37,0.29511,0.242933,0.125674,True,False,CLEAN_CONTINUATION,2026.04.22 03:19:37,0.29511,0.242933,0.125674,True,False,CLEAN_CONTINUATION,2026.04.22 03:24:37,0.29511,0.242933,0.140822,True,False,CLEAN_CONTINUATION,2026.04.22 03:34:37,0.29511,0.242933,0.303526,True,False,CLEAN_CONTINUATION,2026.04.22 04:04:37,CLEAN_CONTINUATION
16,CAMP-6,CORE,FRESH,BUY,2026.04.22 03:33:00,TREND_DN,GENERAL,4746.45,4724.46296,21.98704,989.41,2026.04.22 04:31:52,4748.91,PROFIT_CLOSE,110.7,0.111884,0.168281,FULL_90_DAYS+FIRST_60_DAYS,0.20876,0.096875,0.070496,False,False,NO_DECISIVE_0.10R_MOVE,2026.04.22 04:36:52,0.338381,0.226497,0.070496,False,False,CLEAN_CONTINUATION,2026.04.22 04:41:52,0.338381,0.226497,0.070496,False,False,CLEAN_CONTINUATION,2026.04.22 04:46:52,0.355209,0.243325,0.070496,False,False,CLEAN_CONTINUATION,2026.04.22 04:51:52,0.373857,0.261972,0.070496,False,False,CLEAN_CONTINUATION,2026.04.22 05:01:52,0.530767,0.418883,0.070496,False,False,CLEAN_CONTINUATION,2026.04.22 05:31:52,CLEAN_CONTINUATION
17,CAMP-6,PYRAMID,PYRAMID,BUY,2026.04.22 04:24:53,TREND_DN,GENERAL,4746.41,4732.67904,13.73096,1002.36,2026.04.22 04:31:52,4748.91,PROFIT_CLOSE,182.5,0.18207,0.272376,FULL_90_DAYS+FIRST_60_DAYS,0.337194,0.155124,0.112884,False,False,IMMEDIATE_REVERSAL,2026.04.22 04:36:52,0.544754,0.362684,0.112884,False,False,IMMEDIATE_REVERSAL,2026.04.22 04:41:52,0.544754,0.362684,0.112884,False,False,IMMEDIATE_REVERSAL,2026.04.22 04:46:52,0.5717,0.389631,0.112884,False,False,IMMEDIATE_REVERSAL,2026.04.22 04:51:52,0.60156,0.41949,0.112884,False,False,IMMEDIATE_REVERSAL,2026.04.22 05:01:52,0.852817,0.670747,0.112884,False,False,IMMEDIATE_REVERSAL,2026.04.22 05:31:52,IMMEDIATE_REVERSAL
20,CAMP-7,CORE,FRESH,SELL,2026.04.22 08:03:00,TREND_DN,GENERAL,4752.96,4761.71049,8.75049,1032.56,2026.04.22 08:16:15,4761.8,BROKER_SL,-1043.12,-1.010228,0.063996,FULL_90_DAYS+FIRST_60_DAYS,-0.913091,0.097137,1.102796,True,True,IMMEDIATE_REVERSAL,2026.04.22 08:21:15,-0.913091,0.097137,1.150793,True,True,IMMEDIATE_REVERSAL,2026.04.22 08:26:15,-0.913091,0.097137,1.150793,True,True,IMMEDIATE_REVERSAL,2026.04.22 08:31:15,-0.913091,0.097137,1.150793,True,True,IMMEDIATE_REVERSAL,2026.04.22 08:36:15,-0.913091,0.097137,1.150793,True,True,IMMEDIATE_REVERSAL,2026.04.22 08:46:15,-0.699388,0.31084,1.195362,True,True,IMMEDIATE_REVERSAL,2026.04.22 09:16:15,IMMEDIATE_REVERSAL
22,CAMP-8,CORE,FRESH,SELL,2026.04.22 10:33:00,TREND_DN,GENERAL,4765.14,4774.86969,9.72969,924.32,2026.04.22 10:47:00,4763.15,PROFIT_CLOSE,189.05,0.204528,0.372057,FULL_90_DAYS+FIRST_60_DAYS,0.405974,0.201445,0.151084,False,False,IMMEDIATE_REVERSAL,2026.04.22 10:52:00,0.547808,0.343279,0.151084,False,False,IMMEDIATE_REVERSAL,2026.04.22 10:57:00,0.555002,0.350474,0.151084,False,False,IMMEDIATE_REVERSAL,2026.04.22 11:02:00,0.635169,0.430641,0.151084,False,False,IMMEDIATE_REVERSAL,2026.04.22 11:07:00,0.896226,0.691698,0.151084,False,False,IMMEDIATE_REVERSAL,2026.04.22 11:17:00,1.352561,1.148033,0.151084,False,False,IMMEDIATE_REVERSAL,2026.04.22 11:47:00,IMMEDIATE_REVERSAL
24,CAMP-9,CORE,FRESH,SELL,2026.04.22 11:03:30,TREND_DN,GENERAL,4759.53,4775.78571,16.25571,942.83,2026.04.22 11:32:05,4756.56,PROFIT_CLOSE,172.26,0.182705,0.340804,FULL_90_DAYS+FIRST_60_DAYS,0.463222,0.280517,0.03568,False,False,CLEAN_CONTINUATION,2026.04.22 11:37:05,0.464452,0.281747,0.03568,False,False,CLEAN_CONTINUATION,2026.04.22 11:42:05,0.464452,0.281747,0.03568,False,False,CLEAN_CONTINUATION,2026.04.22 11:47:05,0.464452,0.281747,0.03568,False,False,CLEAN_CONTINUATION,2026.04.22 11:52:05,0.464452,0.281747,0.244222,True,False,CLEAN_CONTINUATION,2026.04.22 12:02:05,0.464452,0.281747,0.340188,True,False,CLEAN_CONTINUATION,2026.04.22 12:32:05,CLEAN_CONTINUATION
26,CAMP-10,CORE,FRESH,SELL,2026.04.22 11:33:30,TREND_DN,GENERAL,4753.64,4764.80399,11.16399,960.1,2026.04.22 13:03:51,4750.49,SL_MOD:PRIMARY_EXIT_FLOOR,270.9,0.282157,0.488176,FULL_90_DAYS+FIRST_60_DAYS,0.41383,0.131673,0.160337,False,False,CLEAN_CONTINUATION,2026.04.22 13:08:51,0.689717,0.407561,0.160337,False,False,CLEAN_CONTINUATION,2026.04.22 13:13:51,0.689717,0.407561,0.290219,True,False,CLEAN_CONTINUATION,2026.04.22 13:18:51,0.689717,0.407561,0.524006,True,False,CLEAN_CONTINUATION,2026.04.22 13:23:51,0.689717,0.407561,0.55894,True,False,CLEAN_CONTINUATION,2026.04.22 13:33:50,0.689717,0.407561,0.908278,True,False,CLEAN_CONTINUATION,2026.04.22 14:03:51,CLEAN_CONTINUATION
28,CAMP-11,CORE,FRESH,SELL,2026.04.22 13:33:30,TREND_DN,GENERAL,4756.19,4764.75834,8.56834,993.92,2026.04.22 14:42:18,4752.42,SL_MOD:PRIMARY_EXIT_FLOOR,437.32,0.439994,0.667577,FULL_90_DAYS+FIRST_60_DAYS,0.923168,0.483174,0.099202,False,False,CLEAN_CONTINUATION,2026.04.22 14:47:18,0.952345,0.512351,0.124878,False,False,CLEAN_CONTINUATION,2026.04.22 14:52:18,0.952345,0.512351,0.124878,False,False,CLEAN_CONTINUATION,2026.04.22 14:57:18,0.952345,0.512351,0.39681,False,False,CLEAN_CONTINUATION,2026.04.22 15:02:18,0.952345,0.512351,0.608052,True,False,CLEAN_CONTINUATION,2026.04.22 15:12:18,1.191598,0.751604,0.902158,True,False,CLEAN_CONTINUATION,2026.04.22 15:42:18,CLEAN_CONTINUATION
30,CAMP-12,CORE,FRESH,SELL,2026.04.22 19:03:00,TREND_DN,GENERAL,4728.09,4744.12444,16.03444,1026.2,2026.04.22 21:48:04,4744.12,BROKER_SL,-1025.92,-0.999726,0.256948,FULL_90_DAYS+FIRST_60_DAYS,-0.975403,0.024323,0.338646,True,True,IMMEDIATE_REVERSAL,2026.04.22 21:53:04,-0.727811,0.271915,0.338646,True,True,IMMEDIATE_REVERSAL,2026.04.22 21:58:04,-0.704112,0.295614,0.338646,True,True,IMMEDIATE_REVERSAL,2026.04.22 22:03:04,-0.704112,0.295614,0.338646,True,True,IMMEDIATE_REVERSAL,2026.04.22 22:08:04,-0.558176,0.441549,0.338646,True,True,IMMEDIATE_REVERSAL,2026.04.22 22:18:04,-0.558176,0.441549,0.338646,True,True,IMMEDIATE_REVERSAL,2026.04.22 22:48:04,IMMEDIATE_REVERSAL
32,CAMP-13,CORE,FRESH,SELL,2026.04.23 16:33:25,TREND_DN,GENERAL,4731.01,4747.25963,16.24963,926.23,2026.04.23 16:35:20,4727.74,PROFIT_CLOSE,186.39,0.201236,0.36924,FULL_90_DAYS+FIRST_60_DAYS,0.348316,0.14708,0.272622,True,False,CLEAN_CONTINUATION,2026.04.23 16:40:20,0.348316,0.14708,0.49355,True,False,CLEAN_CONTINUATION,2026.04.23 16:45:20,0.348316,0.14708,0.669554,True,False,CLEAN_CONTINUATION,2026.04.23 16:50:20,0.348316,0.14708,0.841865,True,False,CLEAN_CONTINUATION,2026.04.23 16:55:20,0.856635,0.6554,0.841865,True,False,CLEAN_CONTINUATION,2026.04.23 17:05:20,0.856635,0.6554,0.841865,True,False,CLEAN_CONTINUATION,2026.04.23 17:35:20,CLEAN_CONTINUATION
34,CAMP-14,CORE,FRESH,SELL,2026.04.23 19:03:00,TREND_DN,GENERAL,4719.54,4746.9114,27.3714,930.63,2026.04.23 20:10:56,4711.57,SL_MOD:PRIMARY_EXIT_FLOOR,270.98,0.29118,0.499061,FULL_90_DAYS+FIRST_60_DAYS,0.372652,0.081472,0.191806,False,False,IMMEDIATE_REVERSAL,2026.04.23 20:15:56,0.542172,0.250992,0.222495,False,False,IMMEDIATE_REVERSAL,2026.04.23 20:20:56,0.542172,0.250992,0.222495,False,False,IMMEDIATE_REVERSAL,2026.04.23 20:25:56,0.560439,0.269259,0.250992,False,False,IMMEDIATE_REVERSAL,2026.04.23 20:30:56,0.98022,0.68904,0.250992,False,False,IMMEDIATE_REVERSAL,2026.04.23 20:40:56,2.010127,1.718948,0.398957,True,False,IMMEDIATE_REVERSAL,2026.04.23 21:10:56,IMMEDIATE_REVERSAL
36,CAMP-15,CORE,FRESH,BUY,2026.04.27 04:33:00,TREND_DN,GENERAL,4699.7,4687.73767,11.96233,980.91,2026.04.27 04:51:16,4703.95,SL_MOD:PRIMARY_EXIT_FLOOR,348.5,0.355283,0.511607,FULL_90_DAYS+FIRST_60_DAYS,0.565944,0.210661,0.163012,False,False,CLEAN_CONTINUATION,2026.04.27 04:56:16,0.565944,0.210661,0.331039,False,False,CLEAN_CONTINUATION,2026.04.27 05:01:16,0.591859,0.236576,0.615265,True,False,CLEAN_CONTINUATION,2026.04.27 05:06:16,0.591859,0.236576,0.644523,True,False,CLEAN_CONTINUATION,2026.04.27 05:11:16,0.715581,0.360298,0.644523,True,False,CLEAN_CONTINUATION,2026.04.27 05:21:16,1.736285,1.381002,0.644523,True,False,CLEAN_CONTINUATION,2026.04.27 05:51:16,CLEAN_CONTINUATION
38,CAMP-16,CORE,FRESH,BUY,2026.04.27 05:03:00,TREND_DN,GENERAL,4704.5,4686.73113,17.76887,1012.83,2026.04.27 05:41:01,4712.12,SL_MOD:PRIMARY_EXIT_FLOOR,434.34,0.428839,0.566158,FULL_90_DAYS+FIRST_60_DAYS,0.566158,0.137319,0.066971,False,False,CLEAN_CONTINUATION,2026.04.27 05:46:01,0.894823,0.465983,0.066971,False,False,CLEAN_CONTINUATION,2026.04.27 05:51:01,1.069285,0.640446,0.066971,False,False,CLEAN_CONTINUATION,2026.04.27 05:56:01,1.069285,0.640446,0.066971,False,False,CLEAN_CONTINUATION,2026.04.27 06:01:01,1.069285,0.640446,0.066971,False,False,CLEAN_CONTINUATION,2026.04.27 06:11:01,1.182404,0.753565,0.066971,False,False,CLEAN_CONTINUATION,2026.04.27 06:41:01,CLEAN_CONTINUATION
39,CAMP-16,PYRAMID,PYRAMID,BUY,2026.04.27 05:39:45,TREND_DN,GENERAL,4712.36,4691.59927,20.76073,1017.27,2026.04.27 05:41:04,4712.41,SL_MOD:PRIMARY_EXIT_FLOOR,2.45,0.002408,0.086702,FULL_90_DAYS+FIRST_60_DAYS,0.105969,0.103561,0.071288,True,False,CLEAN_CONTINUATION,2026.04.27 05:46:04,0.38727,0.384861,0.071288,True,False,CLEAN_CONTINUATION,2026.04.27 05:51:04,0.53659,0.534182,0.071288,True,False,CLEAN_CONTINUATION,2026.04.27 05:56:04,0.53659,0.534182,0.071288,True,False,CLEAN_CONTINUATION,2026.04.27 06:01:04,0.53659,0.534182,0.071288,True,False,CLEAN_CONTINUATION,2026.04.27 06:11:04,0.633407,0.630999,0.071288,True,False,CLEAN_CONTINUATION,2026.04.27 06:41:04,CLEAN_CONTINUATION
42,CAMP-17,CORE,FRESH,BUY,2026.04.27 06:33:00,TREND_DN,GENERAL,4719.77,4690.28274,29.48726,1061.54,2026.04.27 06:47:07,4726.88,PROFIT_CLOSE,255.96,0.241121,0.327938,FULL_90_DAYS+FIRST_60_DAYS,0.241121,0.0,0.123782,False,False,IMMEDIATE_REVERSAL,2026.04.27 06:52:05,0.241121,0.0,0.146165,False,False,IMMEDIATE_REVERSAL,2026.04.27 06:57:07,0.241121,0.0,0.146165,False,False,IMMEDIATE_REVERSAL,2026.04.27 07:02:07,0.262825,0.021704,0.146165,False,False,IMMEDIATE_REVERSAL,2026.04.27 07:07:07,0.283851,0.04273,0.146165,False,False,IMMEDIATE_REVERSAL,2026.04.27 07:17:07,0.35066,0.109539,0.146165,False,False,IMMEDIATE_REVERSAL,2026.04.27 07:47:07,IMMEDIATE_REVERSAL
43,CAMP-17,PYRAMID,PYRAMID,BUY,2026.04.27 06:35:30,TREND_DN,GENERAL,4722.2,4689.79674,32.40326,1036.91,2026.04.27 06:47:07,4726.88,PROFIT_CLOSE,149.76,0.14443,0.223434,FULL_90_DAYS+FIRST_60_DAYS,0.14443,0.0,0.112643,False,False,IMMEDIATE_REVERSAL,2026.04.27 06:52:05,0.14443,0.0,0.133011,False,False,IMMEDIATE_REVERSAL,2026.04.27 06:57:07,0.14443,0.0,0.133011,False,False,IMMEDIATE_REVERSAL,2026.04.27 07:02:07,0.164181,0.019751,0.133011,False,False,IMMEDIATE_REVERSAL,2026.04.27 07:07:07,0.183315,0.038885,0.133011,False,False,IMMEDIATE_REVERSAL,2026.04.27 07:17:07,0.244111,0.099681,0.133011,False,False,IMMEDIATE_REVERSAL,2026.04.27 07:47:07,IMMEDIATE_REVERSAL
46,CAMP-18,CORE,FRESH,SELL,2026.04.27 12:03:00,TREND_UP,TREND_UP,4706.78,4717.25154,10.47154,1099.51,2026.04.27 12:12:19,4704.54,PROFIT_CLOSE,235.2,0.213914,0.396314,FULL_90_DAYS+FIRST_60_DAYS,0.300816,0.086902,0.166165,False,False,IMMEDIATE_REVERSAL,2026.04.27 12:17:19,0.300816,0.086902,0.166165,False,False,IMMEDIATE_REVERSAL,2026.04.27 12:22:19,0.300816,0.086902,0.212958,False,False,IMMEDIATE_REVERSAL,2026.04.27 12:27:19,0.678984,0.46507,0.212958,False,False,IMMEDIATE_REVERSAL,2026.04.27 12:32:19,0.678984,0.46507,0.212958,False,False,IMMEDIATE_REVERSAL,2026.04.27 12:42:19,0.678984,0.46507,0.237787,True,False,IMMEDIATE_REVERSAL,2026.04.27 13:12:19,IMMEDIATE_REVERSAL
48,CAMP-19,CORE,FRESH,BUY,2026.04.27 18:33:00,TREND_DN,GENERAL,4679.37,4663.1064,16.2636,1122.19,2026.04.27 20:35:10,4685.93,SL_MOD:PRIMARY_EXIT_FLOOR,452.64,0.403355,0.403355,FULL_90_DAYS+FIRST_60_DAYS,0.417497,0.014142,0.364618,False,False,IMMEDIATE_REVERSAL,2026.04.27 20:40:10,0.417497,0.014142,0.364618,False,False,IMMEDIATE_REVERSAL,2026.04.27 20:45:10,0.417497,0.014142,0.364618,False,False,IMMEDIATE_REVERSAL,2026.04.27 20:50:10,0.417497,0.014142,0.364618,False,False,IMMEDIATE_REVERSAL,2026.04.27 20:55:10,0.417497,0.014142,0.373226,False,False,IMMEDIATE_REVERSAL,2026.04.27 21:05:10,0.417497,0.014142,0.42795,True,False,IMMEDIATE_REVERSAL,2026.04.27 21:35:10,IMMEDIATE_REVERSAL
50,CAMP-20,CORE,FRESH,SELL,2026.04.28 04:03:00,TREND_DN,GENERAL,4686.14,4704.92819,18.78819,1164.87,2026.04.28 05:03:43,4671.16,PROFIT_CLOSE,928.76,0.797309,1.042143,FULL_90_DAYS+FIRST_60_DAYS,0.81647,0.019161,0.304979,False,False,IMMEDIATE_REVERSAL,2026.04.28 05:08:43,0.81647,0.019161,0.37151,False,False,IMMEDIATE_REVERSAL,2026.04.28 05:13:43,0.81647,0.019161,0.469976,False,False,IMMEDIATE_REVERSAL,2026.04.28 05:18:43,0.81647,0.019161,0.469976,False,False,IMMEDIATE_REVERSAL,2026.04.28 05:23:43,0.81647,0.019161,0.469976,False,False,IMMEDIATE_REVERSAL,2026.04.28 05:33:43,1.039482,0.242173,0.469976,False,False,IMMEDIATE_REVERSAL,2026.04.28 06:03:43,IMMEDIATE_REVERSAL
51,CAMP-20,PYRAMID,PYRAMID,SELL,2026.04.28 04:53:02,TREND_DN,GENERAL,4682.05,4705.95576,23.90576,1171.38,2026.04.28 05:03:43,4671.16,PROFIT_CLOSE,533.61,0.455538,0.64796,FULL_90_DAYS+FIRST_60_DAYS,0.470597,0.015059,0.239691,False,False,IMMEDIATE_REVERSAL,2026.04.28 05:08:43,0.470597,0.015059,0.29198,False,False,IMMEDIATE_REVERSAL,2026.04.28 05:13:43,0.470597,0.015059,0.369367,False,False,IMMEDIATE_REVERSAL,2026.04.28 05:18:43,0.470597,0.015059,0.369367,False,False,IMMEDIATE_REVERSAL,2026.04.28 05:23:43,0.470597,0.015059,0.369367,False,False,IMMEDIATE_REVERSAL,2026.04.28 05:33:43,0.645869,0.190331,0.369367,False,False,IMMEDIATE_REVERSAL,2026.04.28 06:03:43,IMMEDIATE_REVERSAL
52,CAMP-20,PYRAMID,PYRAMID,SELL,2026.04.28 04:58:32,TREND_DN,GENERAL,4672.41,4707.88376,35.47376,1170.64,2026.04.28 05:03:43,4671.16,PROFIT_CLOSE,41.25,0.035237,0.16491,FULL_90_DAYS+FIRST_60_DAYS,0.045386,0.010148,0.161528,True,False,IMMEDIATE_REVERSAL,2026.04.28 05:08:43,0.045386,0.010148,0.196765,True,False,IMMEDIATE_REVERSAL,2026.04.28 05:13:43,0.045386,0.010148,0.248916,True,False,IMMEDIATE_REVERSAL,2026.04.28 05:18:43,0.045386,0.010148,0.248916,True,False,IMMEDIATE_REVERSAL,2026.04.28 05:23:43,0.045386,0.010148,0.248916,True,False,IMMEDIATE_REVERSAL,2026.04.28 05:33:43,0.163501,0.128264,0.248916,True,False,IMMEDIATE_REVERSAL,2026.04.28 06:03:43,IMMEDIATE_REVERSAL
56,CAMP-21,CORE,FRESH,SELL,2026.04.29 03:33:30,TREND_DN,GENERAL,4602.01,4612.77923,10.76923,1313.84,2026.04.29 03:50:59,4598.85,SL_MOD:PRIMARY_EXIT_FLOOR,385.52,0.293429,0.417858,FULL_90_DAYS+FIRST_60_DAYS,0.519072,0.225643,0.070571,False,False,CLEAN_CONTINUATION,2026.04.29 03:55:59,0.587787,0.294357,0.3055,True,False,CLEAN_CONTINUATION,2026.04.29 04:00:59,1.998287,1.704857,0.3055,True,False,CLEAN_CONTINUATION,2026.04.29 04:05:59,2.404073,2.110643,0.3055,True,False,CLEAN_CONTINUATION,2026.04.29 04:10:59,2.404073,2.110643,0.3055,True,False,CLEAN_CONTINUATION,2026.04.29 04:20:59,2.404073,2.110643,0.3055,True,False,CLEAN_CONTINUATION,2026.04.29 04:50:59,CLEAN_CONTINUATION
58,CAMP-22,CORE,FRESH,SELL,2026.04.29 04:33:30,TREND_DN,GENERAL,4586.07,4609.87616,23.80616,1356.95,2026.04.29 10:16:23,4581.33,PROFIT_CLOSE,270.18,0.199108,0.386034,FULL_90_DAYS+FIRST_60_DAYS,0.422159,0.223052,0.0021,False,False,CLEAN_CONTINUATION,2026.04.29 10:21:23,0.622948,0.42384,0.0021,False,False,CLEAN_CONTINUATION,2026.04.29 10:26:23,0.693098,0.49399,0.0021,False,False,CLEAN_CONTINUATION,2026.04.29 10:31:23,0.693098,0.49399,0.0021,False,False,CLEAN_CONTINUATION,2026.04.29 10:36:23,0.702759,0.503651,0.0021,False,False,CLEAN_CONTINUATION,2026.04.29 10:46:23,0.901027,0.701919,0.0021,False,False,CLEAN_CONTINUATION,2026.04.29 11:16:23,CLEAN_CONTINUATION
60,CAMP-23,CORE,FRESH,SELL,2026.04.29 10:33:30,TREND_DN,GENERAL,4577.83,4592.33406,14.50406,1377.89,2026.04.29 10:37:31,4574.96,PROFIT_CLOSE,272.65,0.197875,0.365414,FULL_90_DAYS+FIRST_60_DAYS,0.532264,0.334389,0.173055,False,False,IMMEDIATE_REVERSAL,2026.04.29 10:42:31,0.686014,0.488139,0.173055,False,False,IMMEDIATE_REVERSAL,2026.04.29 10:47:31,0.701183,0.503307,0.173055,False,False,IMMEDIATE_REVERSAL,2026.04.29 10:52:31,0.701183,0.503307,0.173055,False,False,IMMEDIATE_REVERSAL,2026.04.29 10:57:31,0.862517,0.664642,0.173055,False,False,IMMEDIATE_REVERSAL,2026.04.29 11:07:31,1.356172,1.158297,0.173055,False,False,IMMEDIATE_REVERSAL,2026.04.29 11:37:31,IMMEDIATE_REVERSAL
62,CAMP-24,CORE,FRESH,SELL,2026.04.30 06:03:30,TREND_DN,GENERAL,4568.56,4586.68651,18.12651,1413.87,2026.04.30 06:14:37,4565.52,PROFIT_CLOSE,237.12,0.16771,0.320525,FULL_90_DAYS+FIRST_60_DAYS,0.278598,0.110887,0.074477,False,False,CLEAN_CONTINUATION,2026.04.30 06:19:37,0.281356,0.113646,0.074477,False,False,CLEAN_CONTINUATION,2026.04.30 06:24:37,0.295148,0.127438,0.083303,False,False,CLEAN_CONTINUATION,2026.04.30 06:29:37,0.461203,0.293493,0.083303,False,False,CLEAN_CONTINUATION,2026.04.30 06:34:37,0.596364,0.428654,0.083303,False,False,CLEAN_CONTINUATION,2026.04.30 06:44:37,0.958817,0.791106,0.083303,False,False,CLEAN_CONTINUATION,2026.04.30 07:14:37,CLEAN_CONTINUATION
64,CAMP-25,CORE,FRESH,SELL,2026.04.30 07:03:30,TREND_DN,GENERAL,4551.49,4573.59169,22.10169,1436.61,2026.04.30 07:31:01,4545.09,PROFIT_CLOSE,416.0,0.28957,0.366035,FULL_90_DAYS+FIRST_60_DAYS,0.468742,0.179172,0.02398,False,False,CLEAN_CONTINUATION,2026.04.30 07:36:01,0.468742,0.179172,0.02398,False,False,CLEAN_CONTINUATION,2026.04.30 07:41:01,0.468742,0.179172,0.163788,False,False,CLEAN_CONTINUATION,2026.04.30 07:46:01,0.468742,0.179172,0.208129,False,False,CLEAN_CONTINUATION,2026.04.30 07:51:01,0.468742,0.179172,0.208129,False,False,CLEAN_CONTINUATION,2026.04.30 08:01:01,0.468742,0.179172,0.635246,True,False,CLEAN_CONTINUATION,2026.04.30 08:31:01,CLEAN_CONTINUATION
65,CAMP-25,PYRAMID,PYRAMID,SELL,2026.04.30 07:30:00,TREND_DN,GENERAL,4547.2,4559.95934,12.75934,1429.04,2026.04.30 07:31:01,4545.09,PROFIT_CLOSE,236.32,0.16537,0.297822,FULL_90_DAYS+FIRST_60_DAYS,0.47573,0.310361,0.041538,False,False,CLEAN_CONTINUATION,2026.04.30 07:36:01,0.47573,0.310361,0.041538,False,False,CLEAN_CONTINUATION,2026.04.30 07:41:01,0.47573,0.310361,0.283714,True,False,CLEAN_CONTINUATION,2026.04.30 07:46:01,0.47573,0.310361,0.36052,True,False,CLEAN_CONTINUATION,2026.04.30 07:51:01,0.47573,0.310361,0.36052,True,False,CLEAN_CONTINUATION,2026.04.30 08:01:01,0.47573,0.310361,1.10037,True,False,CLEAN_CONTINUATION,2026.04.30 08:31:01,CLEAN_CONTINUATION
68,CAMP-26,CORE,FRESH,SELL,2026.04.30 07:33:30,TREND_DN,GENERAL,4543.15,4560.79069,17.64069,1499.46,2026.04.30 08:32:08,4560.89,BROKER_SL,-1507.9,-1.005629,0.114508,FULL_90_DAYS+FIRST_60_DAYS,-0.986355,0.019274,0.196704,True,True,IMMEDIATE_REVERSAL,2026.04.30 08:37:08,-0.986355,0.019274,0.341823,True,True,IMMEDIATE_REVERSAL,2026.04.30 08:42:08,-0.986355,0.019274,0.363931,True,True,IMMEDIATE_REVERSAL,2026.04.30 08:47:08,-0.986355,0.019274,0.508484,True,True,IMMEDIATE_REVERSAL,2026.04.30 08:52:08,-0.986355,0.019274,0.508484,True,True,IMMEDIATE_REVERSAL,2026.04.30 09:02:08,-0.98012,0.025509,0.798722,True,True,IMMEDIATE_REVERSAL,2026.04.30 09:32:08,IMMEDIATE_REVERSAL
69,CAMP-26,PYRAMID,PYRAMID,SELL,2026.04.30 07:38:31,TREND_DN,GENERAL,4542.63,4560.89469,18.26469,1497.71,2026.04.30 08:32:08,4560.89,BROKER_SL,-1497.32,-0.999743,0.062963,FULL_90_DAYS+FIRST_60_DAYS,-0.981128,0.018615,0.189984,True,True,IMMEDIATE_REVERSAL,2026.04.30 08:37:08,-0.981128,0.018615,0.330145,True,True,IMMEDIATE_REVERSAL,2026.04.30 08:42:08,-0.981128,0.018615,0.351498,True,True,IMMEDIATE_REVERSAL,2026.04.30 08:47:08,-0.981128,0.018615,0.491112,True,True,IMMEDIATE_REVERSAL,2026.04.30 08:52:08,-0.981128,0.018615,0.491112,True,True,IMMEDIATE_REVERSAL,2026.04.30 09:02:08,-0.975105,0.024638,0.771434,True,True,IMMEDIATE_REVERSAL,2026.04.30 09:32:08,IMMEDIATE_REVERSAL
72,CAMP-27,CORE,FRESH,BUY,2026.04.30 20:33:00,TREND_UP,TREND_UP,4616.82,4601.68136,15.13864,1195.95,2026.04.30 21:01:41,4620.74,PROFIT_CLOSE,309.68,0.258941,0.360667,FULL_90_DAYS+FIRST_60_DAYS,0.511275,0.252334,0.008587,False,False,CLEAN_CONTINUATION,2026.04.30 21:06:41,0.511275,0.252334,0.008587,False,False,CLEAN_CONTINUATION,2026.04.30 21:11:41,0.511275,0.252334,0.039634,False,False,CLEAN_CONTINUATION,2026.04.30 21:16:41,0.554872,0.295931,0.039634,False,False,CLEAN_CONTINUATION,2026.04.30 21:21:41,0.554872,0.295931,0.079928,False,False,CLEAN_CONTINUATION,2026.04.30 21:31:41,0.59979,0.34085,0.105029,False,False,CLEAN_CONTINUATION,2026.04.30 22:01:41,CLEAN_CONTINUATION
73,CAMP-27,PYRAMID,PYRAMID,BUY,2026.04.30 20:35:30,TREND_UP,TREND_UP,4618.34,4601.37736,16.96264,1187.38,2026.04.30 21:01:41,4620.74,PROFIT_CLOSE,168.0,0.141488,0.232276,FULL_90_DAYS+FIRST_60_DAYS,0.366688,0.225201,0.007664,False,False,CLEAN_CONTINUATION,2026.04.30 21:06:41,0.366688,0.225201,0.007664,False,False,CLEAN_CONTINUATION,2026.04.30 21:11:41,0.366688,0.225201,0.035372,False,False,CLEAN_CONTINUATION,2026.04.30 21:16:41,0.405598,0.26411,0.035372,False,False,CLEAN_CONTINUATION,2026.04.30 21:21:41,0.405598,0.26411,0.071333,False,False,CLEAN_CONTINUATION,2026.04.30 21:31:41,0.445686,0.304198,0.093735,False,False,CLEAN_CONTINUATION,2026.04.30 22:01:41,CLEAN_CONTINUATION
76,CAMP-28,CORE,FRESH,BUY,2026.04.30 21:03:30,TREND_UP,TREND_UP,4622.58,4612.24371,10.33629,1250.69,2026.04.30 22:01:30,4624.38,PROFIT_CLOSE,217.8,0.174144,0.321198,FULL_90_DAYS+FIRST_60_DAYS,0.220582,0.046438,0.143185,False,False,IMMEDIATE_REVERSAL,2026.04.30 22:06:30,0.481798,0.307654,0.143185,False,False,IMMEDIATE_REVERSAL,2026.04.30 22:11:30,0.481798,0.307654,0.143185,False,False,IMMEDIATE_REVERSAL,2026.04.30 22:16:30,0.481798,0.307654,0.664649,True,False,IMMEDIATE_REVERSAL,2026.04.30 22:21:30,0.481798,0.307654,0.827183,True,False,IMMEDIATE_REVERSAL,2026.04.30 22:31:30,0.481798,0.307654,0.949084,True,False,IMMEDIATE_REVERSAL,2026.04.30 22:59:59,IMMEDIATE_REVERSAL
78,CAMP-29,CORE,FRESH,BUY,2026.05.01 01:33:33,TREND_UP,TREND_UP,4629.67,4610.59009,19.07991,1259.27,2026.05.01 05:18:52,4633.15,PROFIT_CLOSE,229.68,0.182391,0.332287,FULL_90_DAYS+FIRST_60_DAYS,0.226416,0.044025,0.223796,True,False,IMMEDIATE_REVERSAL,2026.05.01 05:23:52,0.226416,0.044025,0.224844,True,False,IMMEDIATE_REVERSAL,2026.05.01 05:28:52,0.226416,0.044025,0.245808,True,False,IMMEDIATE_REVERSAL,2026.05.01 05:33:50,0.226416,0.044025,0.267821,True,False,IMMEDIATE_REVERSAL,2026.05.01 05:38:52,0.226416,0.044025,0.665621,True,False,IMMEDIATE_REVERSAL,2026.05.01 05:48:52,0.226416,0.044025,0.870549,True,False,IMMEDIATE_REVERSAL,2026.05.01 06:18:51,IMMEDIATE_REVERSAL
80,CAMP-30,CORE,FRESH,BUY,2026.05.01 05:33:00,TREND_UP,TREND_UP,4629.76,4615.51609,14.24391,1281.95,2026.05.01 07:30:20,4615.46,BROKER_SL,-1287.0,-1.003939,0.152346,FULL_90_DAYS+FIRST_60_DAYS,-0.902141,0.101798,0.215531,True,True,CLEAN_CONTINUATION,2026.05.01 07:35:20,-0.882483,0.121455,0.215531,True,True,CLEAN_CONTINUATION,2026.05.01 07:40:20,-0.882483,0.121455,0.236592,True,True,CLEAN_CONTINUATION,2026.05.01 07:45:20,-0.882483,0.121455,0.378407,True,True,CLEAN_CONTINUATION,2026.05.01 07:50:20,-0.882483,0.121455,0.490736,True,True,CLEAN_CONTINUATION,2026.05.01 08:00:20,-0.882483,0.121455,0.554623,True,True,CLEAN_CONTINUATION,2026.05.01 08:30:20,CLEAN_CONTINUATION
82,CAMP-31,CORE,FRESH,SELL,2026.05.01 10:03:30,TREND_UP,TREND_UP,4594.95,4621.44793,26.49793,1165.91,2026.05.01 10:23:30,4589.66,PROFIT_CLOSE,232.76,0.199638,0.367199,FULL_90_DAYS+FIRST_60_DAYS,0.269078,0.069439,0.091328,False,False,NO_DECISIVE_0.10R_MOVE,2026.05.01 10:28:30,0.341914,0.142275,0.140766,False,False,IMMEDIATE_REVERSAL,2026.05.01 10:33:30,0.413617,0.213979,0.140766,False,False,IMMEDIATE_REVERSAL,2026.05.01 10:38:30,0.413617,0.213979,0.140766,False,False,IMMEDIATE_REVERSAL,2026.05.01 10:43:30,0.527211,0.327573,0.140766,False,False,IMMEDIATE_REVERSAL,2026.05.01 10:53:30,0.977058,0.777419,0.140766,False,False,IMMEDIATE_REVERSAL,2026.05.01 11:23:30,IMMEDIATE_REVERSAL
84,CAMP-32,CORE,FRESH,SELL,2026.05.01 10:33:30,TREND_UP,TREND_UP,4586.95,4601.42324,14.47324,1186.8,2026.05.01 10:50:40,4584.62,PROFIT_CLOSE,191.06,0.160987,0.300556,FULL_90_DAYS+FIRST_60_DAYS,0.546526,0.385539,0.031092,False,False,CLEAN_CONTINUATION,2026.05.01 10:55:40,0.751732,0.590745,0.031092,False,False,CLEAN_CONTINUATION,2026.05.01 11:00:40,0.751732,0.590745,0.031092,False,False,CLEAN_CONTINUATION,2026.05.01 11:05:40,0.751732,0.590745,0.031092,False,False,CLEAN_CONTINUATION,2026.05.01 11:10:40,1.151781,0.990794,0.031092,False,False,CLEAN_CONTINUATION,2026.05.01 11:20:40,1.428153,1.267166,0.031092,False,False,CLEAN_CONTINUATION,2026.05.01 11:50:40,CLEAN_CONTINUATION
86,CAMP-33,CORE,FRESH,SELL,2026.05.01 11:03:30,TREND_UP,TREND_UP,4579.46,4603.04981,23.58981,1203.08,2026.05.01 11:32:02,4570.03,SL_MOD:PRIMARY_EXIT_FLOOR,480.93,0.399749,0.558716,FULL_90_DAYS+FIRST_60_DAYS,0.553629,0.15388,0.097924,False,False,CLEAN_CONTINUATION,2026.05.01 11:37:02,0.553629,0.15388,0.097924,False,False,CLEAN_CONTINUATION,2026.05.01 11:42:02,0.553629,0.15388,0.117,False,False,CLEAN_CONTINUATION,2026.05.01 11:47:02,0.553629,0.15388,0.117,False,False,CLEAN_CONTINUATION,2026.05.01 11:52:02,0.600259,0.20051,0.117,False,False,CLEAN_CONTINUATION,2026.05.01 12:02:02,0.636716,0.236967,0.117,False,False,CLEAN_CONTINUATION,2026.05.01 12:32:02,CLEAN_CONTINUATION
88,CAMP-34,CORE,FRESH,SELL,2026.05.01 18:03:30,RANGING,GENERAL,4627.17,4669.13529,41.96529,1216.99,2026.05.01 20:00:00,4639.14,WEEKEND_CLOSE,-347.13,-0.285236,0.187298,FULL_90_DAYS+FIRST_60_DAYS,-0.285236,0.0,0.0,False,False,NO_DECISIVE_0.10R_MOVE,NO_POST_EXIT_TICK,-0.285236,0.0,0.0,False,False,NO_DECISIVE_0.10R_MOVE,NO_POST_EXIT_TICK,-0.285236,0.0,0.0,False,False,NO_DECISIVE_0.10R_MOVE,NO_POST_EXIT_TICK,-0.285236,0.0,0.0,False,False,NO_DECISIVE_0.10R_MOVE,NO_POST_EXIT_TICK,-0.285236,0.0,0.0,False,False,NO_DECISIVE_0.10R_MOVE,NO_POST_EXIT_TICK,-0.285236,0.0,0.0,False,False,NO_DECISIVE_0.10R_MOVE,NO_POST_EXIT_TICK,NO_DECISIVE_0.10R_MOVE
90,CAMP-35,CORE,FRESH,SELL,2026.05.04 02:03:03,TREND_UP,TREND_UP,4616.44,4633.2826,16.8426,1212.67,2026.05.04 03:05:52,4609.87,SL_MOD:PRIMARY_EXIT_FLOOR,473.04,0.390082,0.695855,FULL_90_DAYS+FIRST_60_DAYS,0.423331,0.033249,0.409082,True,False,IMMEDIATE_REVERSAL,2026.05.04 03:10:52,0.423331,0.033249,0.409082,True,False,IMMEDIATE_REVERSAL,2026.05.04 03:15:52,0.663199,0.273117,0.409082,True,False,IMMEDIATE_REVERSAL,2026.05.04 03:20:52,0.833007,0.442924,0.409082,True,False,IMMEDIATE_REVERSAL,2026.05.04 03:25:52,0.848444,0.458362,0.409082,True,False,IMMEDIATE_REVERSAL,2026.05.04 03:35:52,0.996283,0.606201,0.409082,True,False,IMMEDIATE_REVERSAL,2026.05.04 04:05:52,IMMEDIATE_REVERSAL
92,CAMP-36,CORE,FRESH,SELL,2026.05.05 06:33:30,TREND_DN,GENERAL,4537.14,4544.75739,7.61739,1264.49,2026.05.05 06:58:09,4533.99,SL_MOD:PRIMARY_EXIT_FLOOR,522.9,0.413527,0.590753,FULL_90_DAYS+FIRST_60_DAYS,0.413527,0.0,0.258619,False,False,IMMEDIATE_REVERSAL,2026.05.05 07:03:09,0.481792,0.068265,0.258619,False,False,IMMEDIATE_REVERSAL,2026.05.05 07:08:09,0.481792,0.068265,0.258619,False,False,IMMEDIATE_REVERSAL,2026.05.05 07:13:07,0.572374,0.158847,0.258619,False,False,IMMEDIATE_REVERSAL,2026.05.05 07:18:09,0.943893,0.530366,0.258619,False,False,IMMEDIATE_REVERSAL,2026.05.05 07:28:09,1.17363,0.760103,0.371519,False,False,IMMEDIATE_REVERSAL,2026.05.05 07:58:09,IMMEDIATE_REVERSAL
94,CAMP-37,CORE,FRESH,SELL,2026.05.05 07:03:00,TREND_DN,GENERAL,4534.8,4545.10903,10.30903,1319.55,2026.05.05 07:21:49,4531.41,SL_MOD:PRIMARY_EXIT_FLOOR,433.92,0.328839,0.470463,FULL_90_DAYS+FIRST_60_DAYS,0.460762,0.131923,0.165874,False,False,IMMEDIATE_REVERSAL,2026.05.05 07:26:49,0.640216,0.311378,0.165874,False,False,IMMEDIATE_REVERSAL,2026.05.05 07:31:49,0.640216,0.311378,0.246386,False,False,IMMEDIATE_REVERSAL,2026.05.05 07:36:48,0.640216,0.311378,0.246386,False,False,IMMEDIATE_REVERSAL,2026.05.05 07:41:49,0.640216,0.311378,0.386069,True,False,IMMEDIATE_REVERSAL,2026.05.05 07:51:49,0.640216,0.311378,1.381313,True,True,IMMEDIATE_REVERSAL,2026.05.05 08:21:49,IMMEDIATE_REVERSAL
95,CAMP-37,PYRAMID,PYRAMID,SELL,2026.05.05 07:20:41,TREND_DN,GENERAL,4530.33,4545.96999,15.63999,1313.76,2026.05.05 07:25:11,4530.11,SL_MOD:PRIMARY_EXIT_FLOOR,18.48,0.014066,0.024297,FULL_90_DAYS+FIRST_60_DAYS,0.047315,0.033248,0.084399,True,False,NO_DECISIVE_0.10R_MOVE,2026.05.05 07:30:11,0.136189,0.122123,0.245525,True,False,CLEAN_CONTINUATION,2026.05.05 07:35:11,0.136189,0.122123,0.245525,True,False,CLEAN_CONTINUATION,2026.05.05 07:40:11,0.136189,0.122123,0.245525,True,False,CLEAN_CONTINUATION,2026.05.05 07:45:11,0.136189,0.122123,0.429029,True,False,CLEAN_CONTINUATION,2026.05.05 07:55:10,0.136189,0.122123,0.993607,True,False,CLEAN_CONTINUATION,2026.05.05 08:25:11,CLEAN_CONTINUATION
98,CAMP-38,CORE,FRESH,SELL,2026.05.05 08:03:30,TREND_DN,GENERAL,4536.27,4544.74843,8.47843,1365.02,2026.05.05 08:08:26,4544.88,BROKER_SL,-1386.21,-1.015522,0.062512,FULL_90_DAYS+FIRST_60_DAYS,-0.602709,0.412812,0.090819,True,True,CLEAN_CONTINUATION,2026.05.05 08:13:26,0.016509,1.032031,0.090819,True,True,CLEAN_CONTINUATION,2026.05.05 08:18:26,0.034201,1.049723,0.090819,True,True,CLEAN_CONTINUATION,2026.05.05 08:23:26,0.034201,1.049723,0.090819,True,True,CLEAN_CONTINUATION,2026.05.05 08:28:26,0.034201,1.049723,0.754857,True,True,CLEAN_CONTINUATION,2026.05.05 08:38:26,0.034201,1.049723,0.861009,True,True,CLEAN_CONTINUATION,2026.05.05 09:08:26,CLEAN_CONTINUATION
100,CAMP-39,CORE,FRESH,SELL,2026.05.05 09:33:00,TREND_DN,GENERAL,4540.99,4555.41949,14.42949,1226.51,2026.05.05 10:13:39,4555.42,BROKER_SL,-1226.55,-1.000035,0.0,FULL_90_DAYS+FIRST_60_DAYS,-0.806681,0.193354,0.026335,True,True,CLEAN_CONTINUATION,2026.05.05 10:18:39,-0.801136,0.198898,0.026335,True,True,CLEAN_CONTINUATION,2026.05.05 10:23:39,-0.568973,0.431062,0.026335,True,True,CLEAN_CONTINUATION,2026.05.05 10:28:39,-0.528084,0.47195,0.026335,True,True,CLEAN_CONTINUATION,2026.05.05 10:33:39,-0.528084,0.47195,0.212066,True,True,CLEAN_CONTINUATION,2026.05.05 10:43:39,-0.173255,0.826779,0.212066,True,True,CLEAN_CONTINUATION,2026.05.05 11:13:39,CLEAN_CONTINUATION
102,CAMP-40,CORE,FRESH,SELL,2026.05.05 11:03:00,TREND_DN,GENERAL,4546.06,4562.04571,15.98571,1103.01,2026.05.05 13:55:39,4542.95,PROFIT_CLOSE,214.59,0.194549,0.354692,FULL_90_DAYS+FIRST_60_DAYS,0.28025,0.085702,0.135121,False,False,IMMEDIATE_REVERSAL,2026.05.05 14:00:39,0.387846,0.193298,0.135121,False,False,IMMEDIATE_REVERSAL,2026.05.05 14:05:39,0.387846,0.193298,0.462288,True,False,IMMEDIATE_REVERSAL,2026.05.05 14:10:38,0.387846,0.193298,0.701251,True,False,IMMEDIATE_REVERSAL,2026.05.05 14:15:39,0.387846,0.193298,0.853887,True,False,IMMEDIATE_REVERSAL,2026.05.05 14:25:39,0.387846,0.193298,1.387489,True,True,IMMEDIATE_REVERSAL,2026.05.05 14:55:39,IMMEDIATE_REVERSAL
104,CAMP-41,CORE,FRESH,SELL,2026.05.05 14:03:30,TREND_DN,GENERAL,4542.22,4557.70069,15.48069,1114.61,2026.05.05 14:28:48,4557.83,BROKER_SL,-1123.92,-1.008352,0.094957,FULL_90_DAYS+FIRST_60_DAYS,-0.841693,0.166659,0.078162,True,True,CLEAN_CONTINUATION,2026.05.05 14:33:48,-0.841693,0.166659,0.202187,True,True,CLEAN_CONTINUATION,2026.05.05 14:38:48,-0.841693,0.166659,0.461866,True,True,CLEAN_CONTINUATION,2026.05.05 14:43:48,-0.841693,0.166659,0.461866,True,True,CLEAN_CONTINUATION,2026.05.05 14:48:48,-0.841693,0.166659,0.471555,True,True,CLEAN_CONTINUATION,2026.05.05 14:58:48,-0.78291,0.225442,1.07618,True,True,CLEAN_CONTINUATION,2026.05.05 15:28:48,CLEAN_CONTINUATION
106,CAMP-42,CORE,FRESH,SELL,2026.05.05 15:03:30,TREND_DN,GENERAL,4556.6,4567.74029,11.14029,1013.77,2026.05.05 15:21:26,4568.13,BROKER_SL,-1049.23,-1.034981,0.202867,FULL_90_DAYS+FIRST_60_DAYS,-0.82224,0.212741,0.570901,True,True,CLEAN_CONTINUATION,2026.05.05 15:26:26,-0.82224,0.212741,0.599626,True,True,CLEAN_CONTINUATION,2026.05.05 15:31:26,-0.82224,0.212741,0.599626,True,True,CLEAN_CONTINUATION,2026.05.05 15:36:26,-0.82224,0.212741,0.599626,True,True,CLEAN_CONTINUATION,2026.05.05 15:41:26,-0.542175,0.492806,0.599626,True,True,CLEAN_CONTINUATION,2026.05.05 15:51:26,-0.47934,0.555641,1.53856,True,True,CLEAN_CONTINUATION,2026.05.05 16:21:26,CLEAN_CONTINUATION
108,CAMP-43,CORE,FRESH,SELL,2026.05.05 19:33:00,TREND_UP,TREND_UP,4554.55,4587.82724,33.27724,898.48,2026.05.06 01:34:26,4548.51,PROFIT_CLOSE,161.84,0.180126,0.24233,FULL_90_DAYS+FIRST_60_DAYS,0.180126,0.0,0.079935,False,False,NO_DECISIVE_0.10R_MOVE,2026.05.06 01:39:25,0.180126,0.0,0.079935,False,False,NO_DECISIVE_0.10R_MOVE,2026.05.06 01:44:26,0.217689,0.037563,0.079935,False,False,NO_DECISIVE_0.10R_MOVE,2026.05.06 01:49:26,0.217689,0.037563,0.262341,True,False,IMMEDIATE_REVERSAL,2026.05.06 01:54:26,0.217689,0.037563,0.874171,True,False,IMMEDIATE_REVERSAL,2026.05.06 02:04:26,0.217689,0.037563,1.273543,True,True,IMMEDIATE_REVERSAL,2026.05.06 02:34:26,IMMEDIATE_REVERSAL
109,CAMP-43,PYRAMID,PYRAMID,SELL,2026.05.06 01:11:19,TREND_UP,TREND_UP,4550.8,4561.27351,10.47351,900.72,2026.05.06 01:34:26,4548.51,PROFIT_CLOSE,196.94,0.218647,0.416289,FULL_90_DAYS+FIRST_60_DAYS,0.218647,0.0,0.253974,True,False,IMMEDIATE_REVERSAL,2026.05.06 01:39:25,0.218647,0.0,0.253974,True,False,IMMEDIATE_REVERSAL,2026.05.06 01:44:26,0.337996,0.119349,0.253974,True,False,IMMEDIATE_REVERSAL,2026.05.06 01:49:26,0.337996,0.119349,0.833531,True,False,IMMEDIATE_REVERSAL,2026.05.06 01:54:26,0.337996,0.119349,2.777482,True,True,IMMEDIATE_REVERSAL,2026.05.06 02:04:26,0.337996,0.119349,4.046397,True,True,IMMEDIATE_REVERSAL,2026.05.06 02:34:26,IMMEDIATE_REVERSAL
112,CAMP-44,CORE,FRESH,SELL,2026.05.06 15:03:00,TREND_UP,TREND_UP,4686.07,4722.9997,36.9297,923.24,2026.05.06 15:15:13,4672.1,SL_MOD:PRIMARY_EXIT_FLOOR,349.25,0.378286,0.552672,FULL_90_DAYS+FIRST_60_DAYS,0.693751,0.315464,0.135934,False,False,CLEAN_CONTINUATION,2026.05.06 15:20:13,0.693751,0.315464,0.372329,False,False,CLEAN_CONTINUATION,2026.05.06 15:25:13,0.693751,0.315464,0.454106,True,False,CLEAN_CONTINUATION,2026.05.06 15:30:13,0.693751,0.315464,0.454106,True,False,CLEAN_CONTINUATION,2026.05.06 15:35:13,0.693751,0.315464,0.454106,True,False,CLEAN_CONTINUATION,2026.05.06 15:45:13,0.693751,0.315464,0.559171,True,False,CLEAN_CONTINUATION,2026.05.06 16:15:13,CLEAN_CONTINUATION
114,CAMP-45,CORE,FRESH,SELL,2026.05.06 15:33:43,TREND_UP,TREND_UP,4682.28,4724.12014,41.84014,962.32,2026.05.06 16:08:54,4675.22,PROFIT_CLOSE,162.38,0.168738,0.307839,FULL_90_DAYS+FIRST_60_DAYS,0.317877,0.149139,0.142208,False,False,CLEAN_CONTINUATION,2026.05.06 16:13:54,0.317877,0.149139,0.384559,True,False,CLEAN_CONTINUATION,2026.05.06 16:18:54,0.317877,0.149139,0.384559,True,False,CLEAN_CONTINUATION,2026.05.06 16:23:54,0.317877,0.149139,0.384559,True,False,CLEAN_CONTINUATION,2026.05.06 16:28:54,0.317877,0.149139,0.578392,True,False,CLEAN_CONTINUATION,2026.05.06 16:38:54,0.317877,0.149139,0.834605,True,False,CLEAN_CONTINUATION,2026.05.06 17:08:54,CLEAN_CONTINUATION
116,CAMP-46,CORE,FRESH,SELL,2026.05.06 19:03:00,TREND_UP,TREND_UP,4686.59,4708.14093,21.55093,991.34,2026.05.06 19:58:41,4682.76,PROFIT_CLOSE,176.18,0.177719,0.324812,FULL_90_DAYS+FIRST_60_DAYS,0.31182,0.134101,0.156838,False,False,CLEAN_CONTINUATION,2026.05.06 20:03:41,0.31182,0.134101,0.252425,True,False,CLEAN_CONTINUATION,2026.05.06 20:08:41,0.31182,0.134101,0.252425,True,False,CLEAN_CONTINUATION,2026.05.06 20:13:41,0.31182,0.134101,0.252425,True,False,CLEAN_CONTINUATION,2026.05.06 20:18:41,0.31182,0.134101,0.252425,True,False,CLEAN_CONTINUATION,2026.05.06 20:28:41,0.347085,0.169366,0.252425,True,False,CLEAN_CONTINUATION,2026.05.06 20:58:41,CLEAN_CONTINUATION
118,CAMP-47,CORE,FRESH,BUY,2026.05.06 21:33:30,TREND_UP,TREND_UP,4688.31,4676.1534,12.1566,1009.0,2026.05.06 22:04:20,4691.97,PROFIT_CLOSE,303.78,0.301071,0.370992,FULL_90_DAYS+FIRST_60_DAYS,0.458187,0.157116,0.102825,False,False,IMMEDIATE_REVERSAL,2026.05.06 22:09:20,0.609545,0.308474,0.102825,False,False,IMMEDIATE_REVERSAL,2026.05.06 22:14:20,0.806969,0.505898,0.102825,False,False,IMMEDIATE_REVERSAL,2026.05.06 22:19:20,0.91802,0.616949,0.102825,False,False,IMMEDIATE_REVERSAL,2026.05.06 22:24:20,0.972311,0.67124,0.102825,False,False,IMMEDIATE_REVERSAL,2026.05.06 22:34:20,0.972311,0.67124,0.102825,False,False,IMMEDIATE_REVERSAL,2026.05.06 22:59:59,IMMEDIATE_REVERSAL
119,CAMP-47,PYRAMID,PYRAMID,BUY,2026.05.06 22:03:19,TREND_UP,TREND_UP,4690.51,4675.77576,14.73424,1001.93,2026.05.06 22:04:20,4691.97,PROFIT_CLOSE,99.28,0.099089,0.156778,FULL_90_DAYS+FIRST_60_DAYS,0.228719,0.12963,0.084836,False,False,CLEAN_CONTINUATION,2026.05.06 22:09:20,0.353598,0.254509,0.084836,False,False,CLEAN_CONTINUATION,2026.05.06 22:14:20,0.516484,0.417395,0.084836,False,False,CLEAN_CONTINUATION,2026.05.06 22:19:20,0.608108,0.509018,0.084836,False,False,CLEAN_CONTINUATION,2026.05.06 22:24:20,0.652901,0.553812,0.084836,False,False,CLEAN_CONTINUATION,2026.05.06 22:34:20,0.652901,0.553812,0.084836,False,False,CLEAN_CONTINUATION,2026.05.06 22:59:59,CLEAN_CONTINUATION
122,CAMP-48,CORE,FRESH,BUY,2026.05.07 21:03:00,TREND_UP,TREND_UP,4709.84,4680.93869,28.90131,1040.45,2026.05.08 01:00:15,4680.01,BROKER_SL,-1078.42,-1.036497,0.216945,FULL_90_DAYS+FIRST_60_DAYS,-0.547246,0.489251,0.059513,True,True,CLEAN_CONTINUATION,2026.05.08 01:05:15,-0.547246,0.489251,0.059513,True,True,CLEAN_CONTINUATION,2026.05.08 01:10:15,-0.408498,0.627999,0.059513,True,True,CLEAN_CONTINUATION,2026.05.08 01:15:15,-0.408498,0.627999,0.059513,True,True,CLEAN_CONTINUATION,2026.05.08 01:20:15,-0.365593,0.670904,0.059513,True,True,CLEAN_CONTINUATION,2026.05.08 01:30:15,-0.365593,0.670904,0.059513,True,True,CLEAN_CONTINUATION,2026.05.08 02:00:15,CLEAN_CONTINUATION
124,CAMP-49,CORE,FRESH,BUY,2026.05.08 01:33:15,TREND_UP,TREND_UP,4692.54,4673.5545,18.9855,930.29,2026.05.08 02:31:23,4695.8,PROFIT_CLOSE,159.74,0.17171,0.312344,FULL_90_DAYS+FIRST_60_DAYS,0.316031,0.144321,0.043718,False,False,CLEAN_CONTINUATION,2026.05.08 02:36:23,0.345,0.17329,0.043718,False,False,CLEAN_CONTINUATION,2026.05.08 02:41:23,0.379764,0.208054,0.043718,False,False,CLEAN_CONTINUATION,2026.05.08 02:46:22,0.579916,0.408206,0.043718,False,False,CLEAN_CONTINUATION,2026.05.08 02:51:23,0.736878,0.565168,0.043718,False,False,CLEAN_CONTINUATION,2026.05.08 03:01:23,0.899107,0.727397,0.09797,False,False,CLEAN_CONTINUATION,2026.05.08 03:31:23,CLEAN_CONTINUATION
126,CAMP-50,CORE,FRESH,BUY,2026.05.08 02:33:30,TREND_UP,TREND_UP,4697.4,4677.1467,20.2533,951.91,2026.05.08 03:00:34,4704.74,PROFIT_CLOSE,344.98,0.36241,0.450791,FULL_90_DAYS+FIRST_60_DAYS,0.431535,0.069125,0.157999,False,False,IMMEDIATE_REVERSAL,2026.05.08 03:05:33,0.552009,0.189599,0.157999,False,False,IMMEDIATE_REVERSAL,2026.05.08 03:10:34,0.602865,0.240455,0.301185,False,False,IMMEDIATE_REVERSAL,2026.05.08 03:15:34,0.602865,0.240455,0.533246,True,False,IMMEDIATE_REVERSAL,2026.05.08 03:20:34,0.602865,0.240455,0.533246,True,False,IMMEDIATE_REVERSAL,2026.05.08 03:30:34,0.602865,0.240455,0.533246,True,False,IMMEDIATE_REVERSAL,2026.05.08 04:00:34,IMMEDIATE_REVERSAL
127,CAMP-50,PYRAMID,PYRAMID,BUY,2026.05.08 02:53:02,TREND_UP,TREND_UP,4703.72,4676.02014,27.69986,941.8,2026.05.08 03:00:34,4704.74,PROFIT_CLOSE,34.68,0.036823,0.101444,FULL_90_DAYS+FIRST_60_DAYS,0.087365,0.050542,0.115524,True,False,IMMEDIATE_REVERSAL,2026.05.08 03:05:33,0.175452,0.138629,0.115524,True,False,IMMEDIATE_REVERSAL,2026.05.08 03:10:34,0.212636,0.175813,0.220218,True,False,IMMEDIATE_REVERSAL,2026.05.08 03:15:34,0.212636,0.175813,0.389894,True,False,IMMEDIATE_REVERSAL,2026.05.08 03:20:34,0.212636,0.175813,0.389894,True,False,IMMEDIATE_REVERSAL,2026.05.08 03:30:34,0.212636,0.175813,0.389894,True,False,IMMEDIATE_REVERSAL,2026.05.08 04:00:34,IMMEDIATE_REVERSAL
130,CAMP-51,CORE,FRESH,BUY,2026.05.08 03:03:30,TREND_UP,TREND_UP,4704.57,4675.89103,28.67897,975.09,2026.05.08 04:02:00,4710.54,PROFIT_CLOSE,202.98,0.208166,0.380766,FULL_90_DAYS+FIRST_60_DAYS,0.51257,0.304404,0.046027,False,False,CLEAN_CONTINUATION,2026.05.08 04:07:00,0.51257,0.304404,0.046027,False,False,CLEAN_CONTINUATION,2026.05.08 04:12:00,0.51257,0.304404,0.046027,False,False,CLEAN_CONTINUATION,2026.05.08 04:17:00,0.51257,0.304404,0.046027,False,False,CLEAN_CONTINUATION,2026.05.08 04:22:00,0.51257,0.304404,0.046027,False,False,CLEAN_CONTINUATION,2026.05.08 04:32:00,0.727013,0.518847,0.187245,False,False,CLEAN_CONTINUATION,2026.05.08 05:02:00,CLEAN_CONTINUATION
132,CAMP-52,CORE,FRESH,BUY,2026.05.08 04:33:30,TREND_UP,TREND_UP,4712.21,4692.51084,19.69916,1004.66,2026.05.08 05:00:12,4722.13,PROFIT_CLOSE,505.92,0.503574,0.670586,FULL_90_DAYS+FIRST_60_DAYS,1.044206,0.540632,0.030458,False,False,CLEAN_CONTINUATION,2026.05.08 05:05:12,1.044206,0.540632,0.030458,False,False,CLEAN_CONTINUATION,2026.05.08 05:10:12,1.044206,0.540632,0.030458,False,False,CLEAN_CONTINUATION,2026.05.08 05:15:12,1.044206,0.540632,0.19544,False,False,CLEAN_CONTINUATION,2026.05.08 05:20:12,1.044206,0.540632,0.19544,False,False,CLEAN_CONTINUATION,2026.05.08 05:30:12,1.044206,0.540632,0.767038,True,False,CLEAN_CONTINUATION,2026.05.08 06:00:12,CLEAN_CONTINUATION
133,CAMP-52,PYRAMID,PYRAMID,BUY,2026.05.08 04:36:01,TREND_UP,TREND_UP,4711.06,4692.74084,18.31916,1007.56,2026.05.08 05:00:12,4722.13,PROFIT_CLOSE,608.85,0.604284,0.783877,FULL_90_DAYS+FIRST_60_DAYS,1.185643,0.581359,0.032753,False,False,CLEAN_CONTINUATION,2026.05.08 05:05:12,1.185643,0.581359,0.032753,False,False,CLEAN_CONTINUATION,2026.05.08 05:10:12,1.185643,0.581359,0.032753,False,False,CLEAN_CONTINUATION,2026.05.08 05:15:12,1.185643,0.581359,0.210163,False,False,CLEAN_CONTINUATION,2026.05.08 05:20:12,1.185643,0.581359,0.210163,False,False,CLEAN_CONTINUATION,2026.05.08 05:30:12,1.185643,0.581359,0.82482,True,False,CLEAN_CONTINUATION,2026.05.08 06:00:12,CLEAN_CONTINUATION
134,CAMP-52,PYRAMID,PYRAMID,BUY,2026.05.08 04:51:03,TREND_UP,TREND_UP,4720.48,4700.45663,20.02337,1021.19,2026.05.08 05:00:12,4722.13,PROFIT_CLOSE,84.15,0.082404,0.246711,FULL_90_DAYS+FIRST_60_DAYS,0.614282,0.531878,0.029965,False,False,CLEAN_CONTINUATION,2026.05.08 05:05:12,0.614282,0.531878,0.029965,False,False,CLEAN_CONTINUATION,2026.05.08 05:10:12,0.614282,0.531878,0.029965,False,False,CLEAN_CONTINUATION,2026.05.08 05:15:12,0.614282,0.531878,0.192275,True,False,CLEAN_CONTINUATION,2026.05.08 05:20:12,0.614282,0.531878,0.192275,True,False,CLEAN_CONTINUATION,2026.05.08 05:30:12,0.614282,0.531878,0.754618,True,False,CLEAN_CONTINUATION,2026.05.08 06:00:12,CLEAN_CONTINUATION
139,CAMP-53,PYRAMID,PYRAMID,BUY,2026.05.08 05:07:42,TREND_UP,TREND_UP,4728.23,4698.88901,29.34099,1114.96,2026.05.08 10:25:32,4698.84,BROKER_SL,-1116.82,-1.00167,0.220851,FULL_90_DAYS+FIRST_60_DAYS,-0.695954,0.305716,0.048396,True,True,CLEAN_CONTINUATION,2026.05.08 10:30:32,-0.58621,0.41546,0.048396,True,True,CLEAN_CONTINUATION,2026.05.08 10:35:32,-0.557581,0.444089,0.048396,True,True,CLEAN_CONTINUATION,2026.05.08 10:40:32,-0.557581,0.444089,0.048396,True,True,CLEAN_CONTINUATION,2026.05.08 10:45:32,-0.498619,0.503051,0.048396,True,True,CLEAN_CONTINUATION,2026.05.08 10:55:32,-0.194949,0.806721,0.048396,True,True,CLEAN_CONTINUATION,2026.05.08 11:25:32,CLEAN_CONTINUATION
138,CAMP-53,CORE,FRESH,BUY,2026.05.08 05:03:43,TREND_UP,TREND_UP,4730.05,4698.52501,31.52499,1134.9,2026.05.08 10:25:35,4698.53,BROKER_SL,-1134.72,-0.999841,0.147819,FULL_90_DAYS+FIRST_60_DAYS,-0.705472,0.29437,0.03521,True,True,CLEAN_CONTINUATION,2026.05.08 10:30:35,-0.603331,0.396511,0.03521,True,True,CLEAN_CONTINUATION,2026.05.08 10:35:35,-0.576685,0.423156,0.03521,True,True,CLEAN_CONTINUATION,2026.05.08 10:40:35,-0.576685,0.423156,0.03521,True,True,CLEAN_CONTINUATION,2026.05.08 10:45:35,-0.521808,0.478034,0.03521,True,True,CLEAN_CONTINUATION,2026.05.08 10:55:35,-0.239175,0.760666,0.03521,True,True,CLEAN_CONTINUATION,2026.05.08 11:25:35,CLEAN_CONTINUATION
142,CAMP-54,CORE,FRESH,BUY,2026.05.11 01:33:00,TREND_UP,TREND_UP,4690.74,4674.15047,16.58953,912.42,2026.05.11 02:06:06,4694.11,PROFIT_CLOSE,185.35,0.203141,0.37373,FULL_90_DAYS+FIRST_60_DAYS,0.273064,0.069924,0.165164,False,False,IMMEDIATE_REVERSAL,2026.05.11 02:11:06,0.273064,0.069924,0.318273,True,False,IMMEDIATE_REVERSAL,2026.05.11 02:16:06,0.357455,0.154314,0.318273,True,False,IMMEDIATE_REVERSAL,2026.05.11 02:21:06,0.36288,0.159739,0.318273,True,False,IMMEDIATE_REVERSAL,2026.05.11 02:26:06,0.403267,0.200126,0.318273,True,False,IMMEDIATE_REVERSAL,2026.05.11 02:36:06,0.470176,0.267036,0.716717,True,False,IMMEDIATE_REVERSAL,2026.05.11 03:06:06,IMMEDIATE_REVERSAL
144,CAMP-55,CORE,FRESH,BUY,2026.05.11 04:33:00,TREND_DN,GENERAL,4695.94,4663.25513,32.68487,915.18,2026.05.11 08:43:20,4663.25,BROKER_SL,-915.32,-1.000156,0.179594,FULL_90_DAYS+FIRST_60_DAYS,-0.911736,0.08842,0.141962,True,True,IMMEDIATE_REVERSAL,2026.05.11 08:48:20,-0.911736,0.08842,0.320944,True,True,IMMEDIATE_REVERSAL,2026.05.11 08:53:20,-0.911736,0.08842,0.462293,True,True,IMMEDIATE_REVERSAL,2026.05.11 08:58:20,-0.911736,0.08842,0.462293,True,True,IMMEDIATE_REVERSAL,2026.05.11 09:03:20,-0.882059,0.118097,0.462293,True,True,IMMEDIATE_REVERSAL,2026.05.11 09:13:20,-0.659632,0.340525,0.462293,True,True,IMMEDIATE_REVERSAL,2026.05.11 09:43:20,IMMEDIATE_REVERSAL
146,CAMP-56,CORE,FRESH,BUY,2026.05.11 14:33:30,TREND_DN,GENERAL,4672.26,4656.83246,15.42754,833.09,2026.05.11 15:21:25,4678.44,PROFIT_CLOSE,333.72,0.400583,0.526981,FULL_90_DAYS+FIRST_60_DAYS,1.50186,1.101277,0.121212,False,False,IMMEDIATE_REVERSAL,2026.05.11 15:26:25,1.50186,1.101277,0.121212,False,False,IMMEDIATE_REVERSAL,2026.05.11 15:31:25,1.635388,1.234805,0.121212,False,False,IMMEDIATE_REVERSAL,2026.05.11 15:36:25,1.69567,1.295086,0.121212,False,False,IMMEDIATE_REVERSAL,2026.05.11 15:41:25,1.69567,1.295086,0.121212,False,False,IMMEDIATE_REVERSAL,2026.05.11 15:51:25,3.942949,3.542366,0.121212,False,False,IMMEDIATE_REVERSAL,2026.05.11 16:21:25,IMMEDIATE_REVERSAL
147,CAMP-56,PYRAMID,PYRAMID,BUY,2026.05.11 14:41:53,TREND_DN,GENERAL,4676.98,4655.86506,21.11494,823.48,2026.05.11 15:21:25,4678.44,PROFIT_CLOSE,56.94,0.069145,0.161497,FULL_90_DAYS+FIRST_60_DAYS,0.873789,0.804643,0.088563,True,False,CLEAN_CONTINUATION,2026.05.11 15:26:25,0.873789,0.804643,0.088563,True,False,CLEAN_CONTINUATION,2026.05.11 15:31:25,0.97135,0.902205,0.088563,True,False,CLEAN_CONTINUATION,2026.05.11 15:36:25,1.015395,0.946249,0.088563,True,False,CLEAN_CONTINUATION,2026.05.11 15:41:25,1.015395,0.946249,0.088563,True,False,CLEAN_CONTINUATION,2026.05.11 15:51:25,2.65736,2.588214,0.088563,True,False,CLEAN_CONTINUATION,2026.05.11 16:21:25,CLEAN_CONTINUATION
150,CAMP-57,CORE,FRESH,BUY,2026.05.12 08:33:30,TREND_UP,TREND_UP,4718.22,4705.55126,12.66874,874.14,2026.05.12 09:00:23,4705.23,BROKER_SL,-896.31,-1.025362,0.153133,FULL_90_DAYS+FIRST_60_DAYS,-0.60622,0.419142,0.090775,True,True,CLEAN_CONTINUATION,2026.05.12 09:05:23,-0.60622,0.419142,0.187075,True,True,CLEAN_CONTINUATION,2026.05.12 09:10:23,-0.60622,0.419142,0.187075,True,True,CLEAN_CONTINUATION,2026.05.12 09:15:23,-0.60622,0.419142,0.389936,True,True,CLEAN_CONTINUATION,2026.05.12 09:20:23,-0.60622,0.419142,0.79487,True,True,CLEAN_CONTINUATION,2026.05.12 09:30:23,-0.60622,0.419142,0.852492,True,True,CLEAN_CONTINUATION,2026.05.12 10:00:23,CLEAN_CONTINUATION
152,CAMP-58,CORE,FRESH,BUY,2026.05.12 12:33:30,CHOPPY,GENERAL,4702.39,4696.26186,6.12814,790.52,2026.05.12 12:33:57,4704.86,SL_MOD:PRIMARY_EXIT_FLOOR,318.63,0.403061,0.403061,FULL_90_DAYS+FIRST_60_DAYS,0.481388,0.078327,1.044362,True,False,IMMEDIATE_REVERSAL,2026.05.12 12:38:57,0.481388,0.078327,1.217335,True,False,IMMEDIATE_REVERSAL,2026.05.12 12:43:57,0.481388,0.078327,1.726461,True,True,IMMEDIATE_REVERSAL,2026.05.12 12:48:57,0.481388,0.078327,1.726461,True,True,IMMEDIATE_REVERSAL,2026.05.12 12:53:57,0.481388,0.078327,1.726461,True,True,IMMEDIATE_REVERSAL,2026.05.12 13:03:56,0.980724,0.577663,2.044665,True,True,IMMEDIATE_REVERSAL,2026.05.12 13:33:57,IMMEDIATE_REVERSAL
154,CAMP-59,CORE,FRESH,BUY,2026.05.12 13:03:00,TREND_DN,GENERAL,4703.34,4691.43506,11.90494,821.44,2026.05.12 13:08:55,4708.11,SL_MOD:PRIMARY_EXIT_FLOOR,329.13,0.400675,0.400675,FULL_90_DAYS+FIRST_60_DAYS,0.425035,0.02436,0.316675,False,False,IMMEDIATE_REVERSAL,2026.05.12 13:13:55,0.425035,0.02436,0.769428,True,False,IMMEDIATE_REVERSAL,2026.05.12 13:18:55,0.425035,0.02436,0.769428,True,False,IMMEDIATE_REVERSAL,2026.05.12 13:23:55,0.425035,0.02436,0.769428,True,False,IMMEDIATE_REVERSAL,2026.05.12 13:28:54,0.425035,0.02436,1.364139,True,False,IMMEDIATE_REVERSAL,2026.05.12 13:38:55,0.425035,0.02436,1.926931,True,True,IMMEDIATE_REVERSAL,2026.05.12 14:08:55,IMMEDIATE_REVERSAL
156,CAMP-60,CORE,FRESH,BUY,2026.05.12 14:33:30,TREND_DN,GENERAL,4699.5,4683.41644,16.08356,852.43,2026.05.12 14:44:52,4704.36,PROFIT_CLOSE,257.58,0.302171,0.410978,FULL_90_DAYS+FIRST_60_DAYS,0.479993,0.177821,0.108185,False,False,CLEAN_CONTINUATION,2026.05.12 14:49:52,0.527867,0.225696,0.108185,False,False,CLEAN_CONTINUATION,2026.05.12 14:54:52,0.603721,0.30155,0.108185,False,False,CLEAN_CONTINUATION,2026.05.12 14:59:52,0.603721,0.30155,0.108185,False,False,CLEAN_CONTINUATION,2026.05.12 15:04:52,0.603721,0.30155,0.366834,True,False,CLEAN_CONTINUATION,2026.05.12 15:14:52,0.603721,0.30155,0.917086,True,False,CLEAN_CONTINUATION,2026.05.12 15:44:52,CLEAN_CONTINUATION
157,CAMP-60,PYRAMID,PYRAMID,BUY,2026.05.12 14:41:57,TREND_DN,GENERAL,4704.47,4682.37989,22.09011,839.42,2026.05.12 14:44:55,4704.51,PROFIT_CLOSE,1.52,0.001811,0.074241,FULL_90_DAYS+FIRST_60_DAYS,0.12449,0.122679,0.085559,True,False,CLEAN_CONTINUATION,2026.05.12 14:49:55,0.159347,0.157537,0.085559,True,False,CLEAN_CONTINUATION,2026.05.12 14:54:55,0.214576,0.212765,0.085559,True,False,CLEAN_CONTINUATION,2026.05.12 14:59:55,0.214576,0.212765,0.085559,True,False,CLEAN_CONTINUATION,2026.05.12 15:04:55,0.214576,0.212765,0.273878,True,False,CLEAN_CONTINUATION,2026.05.12 15:14:55,0.214576,0.212765,0.67451,True,False,CLEAN_CONTINUATION,2026.05.12 15:44:55,CLEAN_CONTINUATION
161,CAMP-61,PYRAMID,PYRAMID,BUY,2026.05.12 15:54:11,TREND_DN,GENERAL,4710.65,4683.8459,26.8041,857.73,2026.05.12 16:15:48,4683.72,BROKER_SL,-861.76,-1.004697,0.012685,FULL_90_DAYS+FIRST_60_DAYS,-0.806966,0.197731,0.157066,True,True,IMMEDIATE_REVERSAL,2026.05.12 16:20:48,-0.565958,0.438739,0.157066,True,True,IMMEDIATE_REVERSAL,2026.05.12 16:25:48,-0.565958,0.438739,0.157066,True,True,IMMEDIATE_REVERSAL,2026.05.12 16:30:48,-0.565958,0.438739,0.157066,True,True,IMMEDIATE_REVERSAL,2026.05.12 16:35:48,-0.335023,0.669674,0.157066,True,True,IMMEDIATE_REVERSAL,2026.05.12 16:45:48,-0.335023,0.669674,0.290254,True,True,IMMEDIATE_REVERSAL,2026.05.12 17:15:48,IMMEDIATE_REVERSAL
160,CAMP-61,CORE,FRESH,BUY,2026.05.12 15:03:30,TREND_DN,GENERAL,4705.19,4682.26456,22.92544,871.17,2026.05.12 16:16:41,4682.24,BROKER_SL,-872.1,-1.001073,0.290507,FULL_90_DAYS+FIRST_60_DAYS,-0.668691,0.332382,0.119082,True,True,IMMEDIATE_REVERSAL,2026.05.12 16:21:41,-0.423549,0.577524,0.119082,True,True,IMMEDIATE_REVERSAL,2026.05.12 16:26:41,-0.423549,0.577524,0.119082,True,True,IMMEDIATE_REVERSAL,2026.05.12 16:31:41,-0.423549,0.577524,0.119082,True,True,IMMEDIATE_REVERSAL,2026.05.12 16:36:41,-0.153543,0.84753,0.119082,True,True,IMMEDIATE_REVERSAL,2026.05.12 16:46:41,-0.153543,0.84753,0.274804,True,True,IMMEDIATE_REVERSAL,2026.05.12 17:16:41,IMMEDIATE_REVERSAL
164,CAMP-62,CORE,FRESH,BUY,2026.05.12 20:33:00,TREND_DN,GENERAL,4678.56,4660.91657,17.64343,705.74,2026.05.12 21:42:26,4696.38,SL_MOD:PRIMARY_EXIT_FLOOR,712.8,1.010009,1.010009,FULL_90_DAYS+FIRST_60_DAYS,1.07689,0.06688,0.316265,False,False,IMMEDIATE_REVERSAL,2026.05.12 21:47:26,1.07689,0.06688,0.317965,False,False,IMMEDIATE_REVERSAL,2026.05.12 21:52:26,1.114864,0.104855,0.317965,False,False,IMMEDIATE_REVERSAL,2026.05.12 21:57:26,1.130734,0.120725,0.317965,False,False,IMMEDIATE_REVERSAL,2026.05.12 22:02:26,1.271863,0.261854,0.317965,False,False,IMMEDIATE_REVERSAL,2026.05.12 22:12:26,1.819376,0.809366,0.317965,False,False,IMMEDIATE_REVERSAL,2026.05.12 22:42:26,IMMEDIATE_REVERSAL
166,CAMP-63,CORE,FRESH,BUY,2026.05.13 03:33:00,CHOPPY,GENERAL,4720.78,4712.7742,8.0058,776.56,2026.05.13 03:41:02,4723.92,SL_MOD:PRIMARY_EXIT_FLOOR,304.58,0.392216,0.562092,FULL_90_DAYS+FIRST_60_DAYS,0.417198,0.024982,0.836893,True,False,IMMEDIATE_REVERSAL,2026.05.13 03:46:02,0.417198,0.024982,0.941817,True,False,IMMEDIATE_REVERSAL,2026.05.13 03:51:02,0.417198,0.024982,1.082965,True,False,IMMEDIATE_REVERSAL,2026.05.13 03:56:02,0.417198,0.024982,1.68253,True,True,IMMEDIATE_REVERSAL,2026.05.13 04:01:02,0.417198,0.024982,2.063504,True,True,IMMEDIATE_REVERSAL,2026.05.13 04:11:02,0.417198,0.024982,2.767993,True,True,IMMEDIATE_REVERSAL,2026.05.13 04:41:02,IMMEDIATE_REVERSAL
168,CAMP-64,CORE,FRESH,BUY,2026.05.13 18:33:00,TREND_DN,GENERAL,4690.61,4672.94806,17.66194,794.79,2026.05.13 18:41:00,4697.84,SL_MOD:PRIMARY_EXIT_FLOOR,325.35,0.409356,0.522028,FULL_90_DAYS+FIRST_60_DAYS,0.533351,0.123995,0.041332,False,False,CLEAN_CONTINUATION,2026.05.13 18:46:00,0.533351,0.123995,0.080399,False,False,CLEAN_CONTINUATION,2026.05.13 18:51:00,0.533351,0.123995,0.170989,False,False,CLEAN_CONTINUATION,2026.05.13 18:56:00,0.533351,0.123995,0.180614,False,False,CLEAN_CONTINUATION,2026.05.13 19:01:00,0.698678,0.289323,0.180614,False,False,CLEAN_CONTINUATION,2026.05.13 19:11:00,1.091047,0.681692,0.180614,False,False,CLEAN_CONTINUATION,2026.05.13 19:41:00,CLEAN_CONTINUATION
169,CAMP-64,PYRAMID,PYRAMID,BUY,2026.05.13 18:38:43,TREND_DN,GENERAL,4697.74,4671.52206,26.21794,786.54,2026.05.13 18:41:00,4697.84,PROFIT_CLOSE,3.0,0.003814,0.079717,FULL_90_DAYS+FIRST_60_DAYS,0.087345,0.083531,0.027844,True,False,NO_DECISIVE_0.10R_MOVE,2026.05.13 18:46:00,0.087345,0.083531,0.054161,True,False,NO_DECISIVE_0.10R_MOVE,2026.05.13 18:51:00,0.087345,0.083531,0.115188,True,False,IMMEDIATE_REVERSAL,2026.05.13 18:56:00,0.087345,0.083531,0.121672,True,False,IMMEDIATE_REVERSAL,2026.05.13 19:01:00,0.198719,0.194905,0.121672,True,False,IMMEDIATE_REVERSAL,2026.05.13 19:11:00,0.463042,0.459227,0.121672,True,False,IMMEDIATE_REVERSAL,2026.05.13 19:41:00,IMMEDIATE_REVERSAL
172,CAMP-65,CORE,FRESH,BUY,2026.05.13 19:33:00,TREND_DN,GENERAL,4703.9,4691.38031,12.51969,838.82,2026.05.13 20:34:18,4691.32,BROKER_SL,-842.86,-1.004816,0.063101,FULL_90_DAYS+FIRST_60_DAYS,-0.888999,0.115818,0.096648,True,True,CLEAN_CONTINUATION,2026.05.13 20:39:18,-0.814716,0.190101,0.096648,True,True,CLEAN_CONTINUATION,2026.05.13 20:44:18,-0.755609,0.249208,0.096648,True,True,CLEAN_CONTINUATION,2026.05.13 20:49:18,-0.755609,0.249208,0.193296,True,True,CLEAN_CONTINUATION,2026.05.13 20:54:18,-0.755609,0.249208,0.553528,True,True,CLEAN_CONTINUATION,2026.05.13 21:04:18,-0.755609,0.249208,0.553528,True,True,CLEAN_CONTINUATION,2026.05.13 21:34:18,CLEAN_CONTINUATION
174,CAMP-66,CORE,FRESH,BUY,2026.05.13 21:33:30,TREND_DN,GENERAL,4691.0,4682.05537,8.94463,760.29,2026.05.13 21:46:44,4681.81,BROKER_SL,-781.15,-1.027436,0.034658,FULL_90_DAYS+FIRST_60_DAYS,-0.904457,0.122979,0.46732,True,True,CLEAN_CONTINUATION,2026.05.13 21:51:44,-0.401361,0.626074,0.46732,True,True,CLEAN_CONTINUATION,2026.05.13 21:56:44,-0.394654,0.632782,0.46732,True,True,CLEAN_CONTINUATION,2026.05.13 22:01:44,-0.394654,0.632782,0.46732,True,True,CLEAN_CONTINUATION,2026.05.13 22:06:44,-0.205713,0.821722,0.46732,True,True,CLEAN_CONTINUATION,2026.05.13 22:16:44,-0.053667,0.973769,0.46732,True,True,CLEAN_CONTINUATION,2026.05.13 22:46:44,CLEAN_CONTINUATION
176,CAMP-67,CORE,FRESH,BUY,2026.05.13 22:33:00,TREND_DN,GENERAL,4686.85,4674.72876,12.12124,678.79,2026.05.14 01:00:51,4692.09,SL_MOD:PRIMARY_EXIT_FLOOR,272.27,0.401112,0.401112,FULL_90_DAYS+FIRST_60_DAYS,0.557037,0.155925,0.235124,False,False,CLEAN_CONTINUATION,2026.05.14 01:05:48,0.557037,0.155925,0.263174,False,False,CLEAN_CONTINUATION,2026.05.14 01:10:51,0.557037,0.155925,0.263174,False,False,CLEAN_CONTINUATION,2026.05.14 01:15:49,0.725337,0.324224,0.263174,False,False,CLEAN_CONTINUATION,2026.05.14 01:20:51,0.944786,0.543674,0.263174,False,False,CLEAN_CONTINUATION,2026.05.14 01:30:51,1.104836,0.703723,0.263174,False,False,CLEAN_CONTINUATION,2026.05.14 02:00:51,CLEAN_CONTINUATION
178,CAMP-68,CORE,FRESH,BUY,2026.05.14 01:33:30,TREND_DN,GENERAL,4696.57,4686.4093,10.1607,701.09,2026.05.14 01:45:36,4698.64,PROFIT_CLOSE,142.83,0.203726,0.371037,FULL_90_DAYS+FIRST_60_DAYS,0.282461,0.078735,0.196837,False,False,IMMEDIATE_REVERSAL,2026.05.14 01:50:36,0.396626,0.1929,0.196837,False,False,IMMEDIATE_REVERSAL,2026.05.14 01:55:36,0.396626,0.1929,0.196837,False,False,IMMEDIATE_REVERSAL,2026.05.14 02:00:36,0.437962,0.234236,0.196837,False,False,IMMEDIATE_REVERSAL,2026.05.14 02:05:36,0.545238,0.341512,0.196837,False,False,IMMEDIATE_REVERSAL,2026.05.14 02:15:36,0.545238,0.341512,0.424183,True,False,IMMEDIATE_REVERSAL,2026.05.14 02:45:36,IMMEDIATE_REVERSAL
180,CAMP-69,CORE,FRESH,BUY,2026.05.14 02:33:30,TREND_DN,GENERAL,4695.81,4686.80353,9.00647,720.52,2026.05.14 03:01:06,4698.3,SL_MOD:PRIMARY_EXIT_FLOOR,199.2,0.276467,0.405263,FULL_90_DAYS+FIRST_60_DAYS,0.360851,0.084384,0.981516,True,False,IMMEDIATE_REVERSAL,2026.05.14 03:06:06,0.360851,0.084384,0.981516,True,False,IMMEDIATE_REVERSAL,2026.05.14 03:11:06,0.549604,0.273137,0.981516,True,False,IMMEDIATE_REVERSAL,2026.05.14 03:16:06,1.06701,0.790543,0.981516,True,False,IMMEDIATE_REVERSAL,2026.05.14 03:21:06,1.06701,0.790543,0.981516,True,False,IMMEDIATE_REVERSAL,2026.05.14 03:31:06,1.243549,0.967082,0.981516,True,False,IMMEDIATE_REVERSAL,2026.05.14 04:01:06,IMMEDIATE_REVERSAL
182,CAMP-70,CORE,FRESH,BUY,2026.05.14 10:03:00,TREND_DN,GENERAL,4701.67,4681.74743,19.92257,737.14,2026.05.14 10:30:57,4705.02,PROFIT_CLOSE,123.95,0.168151,0.306185,FULL_90_DAYS+FIRST_60_DAYS,0.629939,0.461788,0.10591,False,False,IMMEDIATE_REVERSAL,2026.05.14 10:35:57,0.857821,0.68967,0.10591,False,False,IMMEDIATE_REVERSAL,2026.05.14 10:40:57,0.857821,0.68967,0.10591,False,False,IMMEDIATE_REVERSAL,2026.05.14 10:45:57,0.857821,0.68967,0.40808,True,False,IMMEDIATE_REVERSAL,2026.05.14 10:50:57,0.857821,0.68967,0.718783,True,False,IMMEDIATE_REVERSAL,2026.05.14 11:00:57,0.857821,0.68967,0.718783,True,False,IMMEDIATE_REVERSAL,2026.05.14 11:30:57,IMMEDIATE_REVERSAL
184,CAMP-71,CORE,FRESH,BUY,2026.05.14 20:03:00,TREND_DN,GENERAL,4679.92,4667.19259,12.72741,750.92,2026.05.14 21:45:28,4667.19,BROKER_SL,-751.07,-1.000204,0.241212,FULL_90_DAYS+FIRST_60_DAYS,-0.759778,0.240426,0.014928,True,True,CLEAN_CONTINUATION,2026.05.14 21:50:28,-0.747993,0.252211,0.014928,True,True,CLEAN_CONTINUATION,2026.05.14 21:55:28,-0.630923,0.369282,0.014928,True,True,CLEAN_CONTINUATION,2026.05.14 22:00:28,-0.630923,0.369282,0.014928,True,True,CLEAN_CONTINUATION,2026.05.14 22:05:28,-0.630923,0.369282,0.0275,True,True,CLEAN_CONTINUATION,2026.05.14 22:15:28,-0.630923,0.369282,0.961704,True,True,CLEAN_CONTINUATION,2026.05.14 22:45:28,CLEAN_CONTINUATION
186,CAMP-72,CORE,FRESH,SELL,2026.05.18 03:03:27,TREND_DN,GENERAL,4531.33,4561.29511,29.96511,659.23,2026.05.18 03:33:59,4501.26,SL_MOD:PRIMARY_EXIT_FLOOR,661.54,1.003501,1.003501,FULL_90_DAYS+FIRST_60_DAYS,1.449686,0.446186,0.074754,False,False,CLEAN_CONTINUATION,2026.05.18 03:38:59,1.57917,0.575669,0.074754,False,False,CLEAN_CONTINUATION,2026.05.18 03:43:59,1.695973,0.692472,0.074754,False,False,CLEAN_CONTINUATION,2026.05.18 03:48:59,1.695973,0.692472,0.074754,False,False,CLEAN_CONTINUATION,2026.05.18 03:53:59,1.695973,0.692472,0.520272,False,False,CLEAN_CONTINUATION,2026.05.18 04:03:59,1.695973,0.692472,0.520272,False,False,CLEAN_CONTINUATION,2026.05.18 04:33:59,CLEAN_CONTINUATION
188,CAMP-73,CORE,FRESH,SELL,2026.05.18 13:33:31,TREND_DN,GENERAL,4536.22,4547.87046,11.65046,745.63,2026.05.18 13:35:11,4534.0,PROFIT_CLOSE,142.08,0.19055,0.359641,FULL_90_DAYS+FIRST_60_DAYS,0.212866,0.022317,0.484101,True,False,IMMEDIATE_REVERSAL,2026.05.18 13:40:11,0.212866,0.022317,0.953611,True,False,IMMEDIATE_REVERSAL,2026.05.18 13:45:11,0.212866,0.022317,1.199095,True,True,IMMEDIATE_REVERSAL,2026.05.18 13:50:11,0.212866,0.022317,1.199095,True,True,IMMEDIATE_REVERSAL,2026.05.18 13:55:11,0.212866,0.022317,1.199095,True,True,IMMEDIATE_REVERSAL,2026.05.18 14:05:11,0.543326,0.352776,1.199095,True,True,IMMEDIATE_REVERSAL,2026.05.18 14:35:11,IMMEDIATE_REVERSAL
190,CAMP-74,CORE,FRESH,SELL,2026.05.18 14:03:30,TREND_DN,GENERAL,4540.47,4550.44821,9.97821,758.34,2026.05.18 14:09:32,4538.7,PROFIT_CLOSE,134.52,0.177387,0.32571,FULL_90_DAYS+FIRST_60_DAYS,1.06031,0.882924,0.080175,False,False,CLEAN_CONTINUATION,2026.05.18 14:14:32,1.06031,0.882924,0.170371,False,False,CLEAN_CONTINUATION,2026.05.18 14:19:32,1.06031,0.882924,0.170371,False,False,CLEAN_CONTINUATION,2026.05.18 14:24:32,1.06031,0.882924,0.170371,False,False,CLEAN_CONTINUATION,2026.05.18 14:29:32,1.06031,0.882924,1.451161,True,True,CLEAN_CONTINUATION,2026.05.18 14:39:32,1.06031,0.882924,2.87326,True,True,CLEAN_CONTINUATION,2026.05.18 15:09:32,CLEAN_CONTINUATION
192,CAMP-75,CORE,FRESH,SELL,2026.05.18 14:33:00,TREND_DN,GENERAL,4539.15,4550.77033,11.62033,766.94,2026.05.18 14:39:23,4550.82,BROKER_SL,-770.22,-1.004277,0.0611,FULL_90_DAYS+FIRST_60_DAYS,-0.898428,0.105849,1.424228,True,True,IMMEDIATE_REVERSAL,2026.05.18 14:44:23,-0.898428,0.105849,1.424228,True,True,IMMEDIATE_REVERSAL,2026.05.18 14:49:23,-0.898428,0.105849,1.424228,True,True,IMMEDIATE_REVERSAL,2026.05.18 14:54:23,-0.898428,0.105849,1.424228,True,True,IMMEDIATE_REVERSAL,2026.05.18 14:59:23,-0.734921,0.269356,1.424228,True,True,IMMEDIATE_REVERSAL,2026.05.18 15:09:23,-0.540435,0.463842,1.424228,True,True,IMMEDIATE_REVERSAL,2026.05.18 15:39:23,IMMEDIATE_REVERSAL
194,CAMP-76,CORE,FRESH,SELL,2026.05.18 15:03:00,TREND_DN,GENERAL,4548.64,4572.51901,23.87901,692.49,2026.05.18 15:46:00,4572.62,BROKER_SL,-695.42,-1.00423,0.134428,FULL_90_DAYS+FIRST_60_DAYS,-0.840488,0.163742,0.100925,True,True,CLEAN_CONTINUATION,2026.05.18 15:51:00,-0.58964,0.41459,0.100925,True,True,CLEAN_CONTINUATION,2026.05.18 15:56:00,-0.58964,0.41459,0.137359,True,True,CLEAN_CONTINUATION,2026.05.18 16:01:00,-0.58964,0.41459,0.185937,True,True,CLEAN_CONTINUATION,2026.05.18 16:06:00,-0.560325,0.443904,0.185937,True,True,CLEAN_CONTINUATION,2026.05.18 16:16:00,-0.560325,0.443904,0.313665,True,True,CLEAN_CONTINUATION,2026.05.18 16:46:00,CLEAN_CONTINUATION
196,CAMP-77,CORE,FRESH,BUY,2026.05.18 20:03:30,TREND_DN,GENERAL,4553.16,4528.53741,24.62259,615.57,2026.05.18 22:03:35,4563.27,SL_MOD:PRIMARY_EXIT_FLOOR,252.75,0.410598,0.410598,FULL_90_DAYS+FIRST_60_DAYS,0.482484,0.071885,0.447963,True,False,IMMEDIATE_REVERSAL,2026.05.18 22:08:35,0.482484,0.071885,0.492231,True,False,IMMEDIATE_REVERSAL,2026.05.18 22:13:35,0.482484,0.071885,0.499135,True,False,IMMEDIATE_REVERSAL,2026.05.18 22:18:35,0.482484,0.071885,0.499135,True,False,IMMEDIATE_REVERSAL,2026.05.18 22:23:35,0.482484,0.071885,0.681894,True,False,IMMEDIATE_REVERSAL,2026.05.18 22:33:35,0.482484,0.071885,0.681894,True,False,IMMEDIATE_REVERSAL,2026.05.18 22:59:59,IMMEDIATE_REVERSAL
198,CAMP-78,CORE,FRESH,BUY,2026.05.18 22:33:00,TREND_DN,GENERAL,4556.67,4528.2525,28.4175,653.6,2026.05.19 01:02:10,4566.95,PROFIT_CLOSE,233.54,0.357312,0.48681,FULL_90_DAYS+FIRST_60_DAYS,0.531149,0.173837,0.036949,False,False,CLEAN_CONTINUATION,2026.05.19 01:07:10,0.579358,0.222046,0.036949,False,False,CLEAN_CONTINUATION,2026.05.19 01:12:09,0.622993,0.265681,0.036949,False,False,CLEAN_CONTINUATION,2026.05.19 01:17:10,0.624401,0.267089,0.036949,False,False,CLEAN_CONTINUATION,2026.05.19 01:22:09,0.624401,0.267089,0.036949,False,False,CLEAN_CONTINUATION,2026.05.19 01:32:10,0.782402,0.42509,0.036949,False,False,CLEAN_CONTINUATION,2026.05.19 02:02:10,CLEAN_CONTINUATION
199,CAMP-78,PYRAMID,PYRAMID,BUY,2026.05.18 22:48:51,TREND_DN,GENERAL,4561.67,4542.07297,19.59703,646.7,2026.05.19 01:02:10,4566.95,PROFIT_CLOSE,170.08,0.262996,0.45078,FULL_90_DAYS+FIRST_60_DAYS,0.515075,0.252079,0.05358,False,False,CLEAN_CONTINUATION,2026.05.19 01:07:10,0.584984,0.321988,0.05358,False,False,CLEAN_CONTINUATION,2026.05.19 01:12:09,0.648259,0.385262,0.05358,False,False,CLEAN_CONTINUATION,2026.05.19 01:17:10,0.6503,0.387304,0.05358,False,False,CLEAN_CONTINUATION,2026.05.19 01:22:09,0.6503,0.387304,0.05358,False,False,CLEAN_CONTINUATION,2026.05.19 01:32:10,0.879416,0.61642,0.05358,False,False,CLEAN_CONTINUATION,2026.05.19 02:02:10,CLEAN_CONTINUATION
202,CAMP-79,CORE,FRESH,SELL,2026.05.19 04:03:22,CHOPPY,GENERAL,4562.14,4591.7644,29.6244,681.36,2026.05.19 05:16:30,4554.71,PROFIT_CLOSE,170.89,0.250807,0.350387,FULL_90_DAYS+FIRST_60_DAYS,0.263296,0.01249,0.163041,False,False,IMMEDIATE_REVERSAL,2026.05.19 05:21:30,0.263296,0.01249,0.184983,False,False,IMMEDIATE_REVERSAL,2026.05.19 05:26:30,0.263296,0.01249,0.259246,True,False,IMMEDIATE_REVERSAL,2026.05.19 05:31:30,0.316631,0.065824,0.259246,True,False,IMMEDIATE_REVERSAL,2026.05.19 05:36:30,0.36659,0.115783,0.259246,True,False,IMMEDIATE_REVERSAL,2026.05.19 05:46:30,0.620097,0.36929,0.259246,True,False,IMMEDIATE_REVERSAL,2026.05.19 06:16:30,IMMEDIATE_REVERSAL
203,CAMP-79,PYRAMID,PYRAMID,SELL,2026.05.19 04:24:23,CHOPPY,GENERAL,4556.54,4593.08497,36.54497,657.81,2026.05.19 05:16:30,4554.71,PROFIT_CLOSE,32.94,0.050075,0.130798,FULL_90_DAYS+FIRST_60_DAYS,0.0602,0.010125,0.132166,True,False,IMMEDIATE_REVERSAL,2026.05.19 05:21:30,0.0602,0.010125,0.149952,True,False,IMMEDIATE_REVERSAL,2026.05.19 05:26:30,0.0602,0.010125,0.210152,True,False,IMMEDIATE_REVERSAL,2026.05.19 05:31:30,0.103434,0.053359,0.210152,True,False,IMMEDIATE_REVERSAL,2026.05.19 05:36:30,0.143932,0.093857,0.210152,True,False,IMMEDIATE_REVERSAL,2026.05.19 05:46:30,0.349432,0.299357,0.210152,True,False,IMMEDIATE_REVERSAL,2026.05.19 06:16:30,IMMEDIATE_REVERSAL
206,CAMP-80,CORE,FRESH,BUY,2026.05.19 09:03:30,TREND_DN,GENERAL,4539.12,4528.04417,11.07583,708.85,2026.05.19 09:13:17,4543.93,SL_MOD:PRIMARY_EXIT_FLOOR,307.84,0.43428,0.43428,FULL_90_DAYS+FIRST_60_DAYS,0.610339,0.176059,0.268151,False,False,CLEAN_CONTINUATION,2026.05.19 09:18:17,1.091567,0.657287,0.268151,False,False,CLEAN_CONTINUATION,2026.05.19 09:23:17,1.337147,0.902867,0.268151,False,False,CLEAN_CONTINUATION,2026.05.19 09:28:17,1.337147,0.902867,0.268151,False,False,CLEAN_CONTINUATION,2026.05.19 09:33:17,1.337147,0.902867,0.268151,False,False,CLEAN_CONTINUATION,2026.05.19 09:43:17,1.459937,1.025657,0.268151,False,False,CLEAN_CONTINUATION,2026.05.19 10:13:17,CLEAN_CONTINUATION
208,CAMP-81,CORE,FRESH,BUY,2026.05.19 09:33:00,TREND_DN,GENERAL,4547.24,4526.29816,20.94184,732.96,2026.05.19 10:10:48,4551.35,PROFIT_CLOSE,143.85,0.196258,0.384399,FULL_90_DAYS+FIRST_60_DAYS,0.203421,0.007163,0.199123,True,False,IMMEDIATE_REVERSAL,2026.05.19 10:15:48,0.203421,0.007163,0.223476,True,False,IMMEDIATE_REVERSAL,2026.05.19 10:20:48,0.203421,0.007163,0.305131,True,False,IMMEDIATE_REVERSAL,2026.05.19 10:25:48,0.203421,0.007163,0.393471,True,False,IMMEDIATE_REVERSAL,2026.05.19 10:30:48,0.203421,0.007163,0.437879,True,False,IMMEDIATE_REVERSAL,2026.05.19 10:40:48,0.574926,0.378668,0.474648,True,False,IMMEDIATE_REVERSAL,2026.05.19 11:10:48,IMMEDIATE_REVERSAL
210,CAMP-82,CORE,FRESH,BUY,2026.05.19 11:03:00,TREND_DN,GENERAL,4553.71,4537.27009,16.43991,756.24,2026.05.19 11:28:26,4537.27,BROKER_SL,-756.24,-1.000006,0.089417,FULL_90_DAYS+FIRST_60_DAYS,-0.801708,0.198298,0.05292,True,True,CLEAN_CONTINUATION,2026.05.19 11:33:26,-0.531634,0.468372,0.05292,True,True,CLEAN_CONTINUATION,2026.05.19 11:38:26,-0.531634,0.468372,0.05292,True,True,CLEAN_CONTINUATION,2026.05.19 11:43:26,-0.308397,0.691609,0.05292,True,True,CLEAN_CONTINUATION,2026.05.19 11:48:26,-0.308397,0.691609,0.05292,True,True,CLEAN_CONTINUATION,2026.05.19 11:58:26,-0.308397,0.691609,0.07056,True,True,CLEAN_CONTINUATION,2026.05.19 12:28:26,CLEAN_CONTINUATION
212,CAMP-83,CORE,FRESH,BUY,2026.05.19 14:03:30,TREND_DN,GENERAL,4547.01,4519.8948,27.1152,677.88,2026.05.19 16:07:26,4519.84,BROKER_SL,-679.25,-1.002021,0.005532,FULL_90_DAYS+FIRST_60_DAYS,-0.755296,0.246725,0.184398,True,True,IMMEDIATE_REVERSAL,2026.05.19 16:12:26,-0.755296,0.246725,0.184398,True,True,IMMEDIATE_REVERSAL,2026.05.19 16:17:26,-0.755296,0.246725,0.388343,True,True,IMMEDIATE_REVERSAL,2026.05.19 16:22:26,-0.755296,0.246725,0.760828,True,True,IMMEDIATE_REVERSAL,2026.05.19 16:27:26,-0.755296,0.246725,2.034283,True,True,IMMEDIATE_REVERSAL,2026.05.19 16:37:26,-0.755296,0.246725,2.034283,True,True,IMMEDIATE_REVERSAL,2026.05.19 17:07:26,IMMEDIATE_REVERSAL
214,CAMP-84,CORE,FRESH,SELL,2026.05.20 16:33:00,TREND_DN,GENERAL,4490.43,4510.59343,20.16343,604.9,2026.05.20 16:42:00,4484.9,PROFIT_CLOSE,165.9,0.274259,0.334765,FULL_90_DAYS+FIRST_60_DAYS,0.364522,0.090262,0.327821,True,False,IMMEDIATE_REVERSAL,2026.05.20 16:47:00,0.364522,0.090262,0.368489,True,False,IMMEDIATE_REVERSAL,2026.05.20 16:52:00,0.364522,0.090262,0.368489,True,False,IMMEDIATE_REVERSAL,2026.05.20 16:57:00,0.435938,0.161679,0.368489,True,False,IMMEDIATE_REVERSAL,2026.05.20 17:02:00,0.897169,0.62291,0.368489,True,False,IMMEDIATE_REVERSAL,2026.05.20 17:12:00,1.15159,0.877331,2.175721,True,True,IMMEDIATE_REVERSAL,2026.05.20 17:42:00,IMMEDIATE_REVERSAL
215,CAMP-84,PYRAMID,PYRAMID,SELL,2026.05.20 16:40:09,TREND_DN,GENERAL,4485.46,4511.63487,26.17487,602.02,2026.05.20 16:42:00,4484.9,PROFIT_CLOSE,12.88,0.021395,0.068004,FULL_90_DAYS+FIRST_60_DAYS,0.090927,0.069532,0.252532,True,False,IMMEDIATE_REVERSAL,2026.05.20 16:47:00,0.090927,0.069532,0.28386,True,False,IMMEDIATE_REVERSAL,2026.05.20 16:52:00,0.090927,0.069532,0.28386,True,False,IMMEDIATE_REVERSAL,2026.05.20 16:57:00,0.145941,0.124547,0.28386,True,False,IMMEDIATE_REVERSAL,2026.05.20 17:02:00,0.501244,0.47985,0.28386,True,False,IMMEDIATE_REVERSAL,2026.05.20 17:12:00,0.697234,0.675839,1.676035,True,True,IMMEDIATE_REVERSAL,2026.05.20 17:42:00,IMMEDIATE_REVERSAL
218,CAMP-85,CORE,FRESH,SELL,2026.05.20 17:03:00,TREND_DN,GENERAL,4481.77,4512.40026,30.63026,612.61,2026.05.20 17:13:58,4471.45,PROFIT_CLOSE,206.4,0.336921,0.475346,FULL_90_DAYS+FIRST_60_DAYS,0.350307,0.013385,1.025783,True,False,IMMEDIATE_REVERSAL,2026.05.20 17:18:58,0.350307,0.013385,1.303286,True,False,IMMEDIATE_REVERSAL,2026.05.20 17:23:58,0.350307,0.013385,1.303286,True,False,IMMEDIATE_REVERSAL,2026.05.20 17:28:58,0.350307,0.013385,1.797243,True,True,IMMEDIATE_REVERSAL,2026.05.20 17:33:58,0.350307,0.013385,1.871352,True,True,IMMEDIATE_REVERSAL,2026.05.20 17:43:58,0.350307,0.013385,2.155712,True,True,IMMEDIATE_REVERSAL,2026.05.20 18:13:58,IMMEDIATE_REVERSAL
219,CAMP-85,PYRAMID,PYRAMID,SELL,2026.05.20 17:07:32,TREND_DN,GENERAL,4478.87,4512.98026,34.11026,613.99,2026.05.20 17:13:58,4471.45,PROFIT_CLOSE,133.56,0.21753,0.341832,FULL_90_DAYS+FIRST_60_DAYS,0.229549,0.01202,0.921131,True,False,IMMEDIATE_REVERSAL,2026.05.20 17:18:58,0.229549,0.01202,1.170322,True,False,IMMEDIATE_REVERSAL,2026.05.20 17:23:58,0.229549,0.01202,1.170322,True,False,IMMEDIATE_REVERSAL,2026.05.20 17:28:58,0.229549,0.01202,1.613884,True,True,IMMEDIATE_REVERSAL,2026.05.20 17:33:58,0.229549,0.01202,1.680433,True,True,IMMEDIATE_REVERSAL,2026.05.20 17:43:58,0.229549,0.01202,1.935781,True,True,IMMEDIATE_REVERSAL,2026.05.20 18:13:58,IMMEDIATE_REVERSAL
222,CAMP-86,CORE,FRESH,BUY,2026.05.21 11:33:30,TREND_UP,TREND_UP,4531.36,4506.60589,24.75411,643.61,2026.05.21 12:20:00,4539.97,PROFIT_CLOSE,223.86,0.347821,0.396298,FULL_90_DAYS+FIRST_60_DAYS,0.450834,0.103013,0.113516,False,False,CLEAN_CONTINUATION,2026.05.21 12:25:00,0.450834,0.103013,0.177344,False,False,CLEAN_CONTINUATION,2026.05.21 12:30:00,0.468609,0.120788,0.250059,False,False,CLEAN_CONTINUATION,2026.05.21 12:35:00,0.468609,0.120788,0.300152,False,False,CLEAN_CONTINUATION,2026.05.21 12:40:00,0.468609,0.120788,0.489616,True,False,CLEAN_CONTINUATION,2026.05.21 12:50:00,0.468609,0.120788,0.489616,True,False,CLEAN_CONTINUATION,2026.05.21 13:20:00,CLEAN_CONTINUATION
223,CAMP-86,PYRAMID,PYRAMID,BUY,2026.05.21 12:13:27,TREND_UP,TREND_UP,4539.29,4522.90679,16.38321,655.33,2026.05.21 12:20:00,4539.97,PROFIT_CLOSE,27.2,0.041506,0.114752,FULL_90_DAYS+FIRST_60_DAYS,0.197153,0.155647,0.171517,True,False,CLEAN_CONTINUATION,2026.05.21 12:25:00,0.197153,0.155647,0.267957,True,False,CLEAN_CONTINUATION,2026.05.21 12:30:00,0.22401,0.182504,0.377826,True,False,CLEAN_CONTINUATION,2026.05.21 12:35:00,0.22401,0.182504,0.453513,True,False,CLEAN_CONTINUATION,2026.05.21 12:40:00,0.22401,0.182504,0.739782,True,False,CLEAN_CONTINUATION,2026.05.21 12:50:00,0.22401,0.182504,0.739782,True,False,CLEAN_CONTINUATION,2026.05.21 13:20:00,CLEAN_CONTINUATION
226,CAMP-87,CORE,FRESH,BUY,2026.05.21 17:03:30,TREND_DN,GENERAL,4509.95,4482.66127,27.28873,682.22,2026.05.21 19:13:25,4515.92,PROFIT_CLOSE,149.25,0.218772,0.399066,FULL_90_DAYS+FIRST_60_DAYS,0.27887,0.060098,0.050204,False,False,NO_DECISIVE_0.10R_MOVE,2026.05.21 19:18:25,0.325043,0.106271,0.050204,False,False,CLEAN_CONTINUATION,2026.05.21 19:23:25,0.325043,0.106271,0.050204,False,False,CLEAN_CONTINUATION,2026.05.21 19:28:25,0.32944,0.110668,0.050204,False,False,CLEAN_CONTINUATION,2026.05.21 19:33:25,0.344831,0.126059,0.050204,False,False,CLEAN_CONTINUATION,2026.05.21 19:43:25,0.799964,0.581192,0.063763,False,False,CLEAN_CONTINUATION,2026.05.21 20:13:25,CLEAN_CONTINUATION
228,CAMP-88,CORE,FRESH,BUY,2026.05.21 19:33:30,TREND_DN,GENERAL,4517.51,4491.08111,26.42889,687.15,2026.05.21 20:11:56,4527.49,SL_MOD:PRIMARY_EXIT_FLOOR,259.48,0.377617,0.539939,FULL_90_DAYS+FIRST_60_DAYS,0.740099,0.362482,0.163836,False,False,CLEAN_CONTINUATION,2026.05.21 20:16:56,1.086311,0.708694,0.163836,False,False,CLEAN_CONTINUATION,2026.05.21 20:21:56,1.090852,0.713235,0.163836,False,False,CLEAN_CONTINUATION,2026.05.21 20:26:56,1.194905,0.817288,0.163836,False,False,CLEAN_CONTINUATION,2026.05.21 20:31:56,1.194905,0.817288,0.163836,False,False,CLEAN_CONTINUATION,2026.05.21 20:41:56,1.580089,1.202472,0.163836,False,False,CLEAN_CONTINUATION,2026.05.21 21:11:56,CLEAN_CONTINUATION
230,CAMP-89,CORE,FRESH,SELL,2026.05.22 03:03:00,TREND_UP,TREND_UP,4532.54,4548.43657,15.89657,731.24,2026.05.22 04:00:00,4527.68,PROFIT_CLOSE,223.56,0.305726,0.420845,FULL_90_DAYS+FIRST_60_DAYS,0.368003,0.062278,0.556095,True,False,IMMEDIATE_REVERSAL,2026.05.22 04:05:00,0.566159,0.260434,0.556095,True,False,IMMEDIATE_REVERSAL,2026.05.22 04:10:00,0.566159,0.260434,0.556095,True,False,IMMEDIATE_REVERSAL,2026.05.22 04:15:00,0.566159,0.260434,0.556095,True,False,IMMEDIATE_REVERSAL,2026.05.22 04:20:00,0.566159,0.260434,0.556095,True,False,IMMEDIATE_REVERSAL,2026.05.22 04:30:00,0.708328,0.402603,0.556095,True,False,IMMEDIATE_REVERSAL,2026.05.22 05:00:00,IMMEDIATE_REVERSAL
231,CAMP-89,PYRAMID,PYRAMID,SELL,2026.05.22 03:54:31,TREND_UP,TREND_UP,4528.99,4544.24509,15.25509,732.24,2026.05.22 04:00:00,4527.68,PROFIT_CLOSE,62.88,0.085873,0.205833,FULL_90_DAYS+FIRST_60_DAYS,0.150769,0.064896,0.579479,True,False,IMMEDIATE_REVERSAL,2026.05.22 04:05:00,0.357258,0.271385,0.579479,True,False,IMMEDIATE_REVERSAL,2026.05.22 04:10:00,0.357258,0.271385,0.579479,True,False,IMMEDIATE_REVERSAL,2026.05.22 04:15:00,0.357258,0.271385,0.579479,True,False,IMMEDIATE_REVERSAL,2026.05.22 04:20:00,0.357258,0.271385,0.579479,True,False,IMMEDIATE_REVERSAL,2026.05.22 04:30:00,0.505405,0.419532,0.579479,True,False,IMMEDIATE_REVERSAL,2026.05.22 05:00:00,IMMEDIATE_REVERSAL
234,CAMP-90,CORE,FRESH,BUY,2026.05.22 07:03:30,TREND_UP,TREND_UP,4529.16,4516.24329,12.91671,762.09,2026.05.22 08:42:02,4531.91,PROFIT_CLOSE,162.25,0.212903,0.388644,FULL_90_DAYS+FIRST_60_DAYS,0.398708,0.185806,0.035613,False,False,CLEAN_CONTINUATION,2026.05.22 08:47:02,0.398708,0.185806,0.060387,False,False,CLEAN_CONTINUATION,2026.05.22 08:52:02,0.398708,0.185806,1.285157,True,True,CLEAN_CONTINUATION,2026.05.22 08:57:02,0.398708,0.185806,1.886703,True,True,CLEAN_CONTINUATION,2026.05.22 09:02:02,0.398708,0.185806,1.886703,True,True,CLEAN_CONTINUATION,2026.05.22 09:12:02,0.398708,0.185806,1.886703,True,True,CLEAN_CONTINUATION,2026.05.22 09:42:02,CLEAN_CONTINUATION
236,CAMP-91,CORE,FRESH,BUY,2026.05.22 09:33:00,TREND_UP,TREND_UP,4524.18,4502.89671,21.28329,766.2,2026.05.22 11:21:27,4527.95,PROFIT_CLOSE,135.72,0.177134,0.331246,FULL_90_DAYS+FIRST_60_DAYS,0.220361,0.043226,0.09585,False,False,NO_DECISIVE_0.10R_MOVE,2026.05.22 11:26:27,0.220361,0.043226,0.166328,False,False,IMMEDIATE_REVERSAL,2026.05.22 11:31:27,0.220361,0.043226,0.514488,True,False,IMMEDIATE_REVERSAL,2026.05.22 11:36:27,0.220361,0.043226,0.514488,True,False,IMMEDIATE_REVERSAL,2026.05.22 11:41:27,0.220361,0.043226,0.514488,True,False,IMMEDIATE_REVERSAL,2026.05.22 11:51:27,0.220361,0.043226,0.601881,True,False,IMMEDIATE_REVERSAL,2026.05.22 12:21:27,IMMEDIATE_REVERSAL
238,CAMP-92,CORE,FRESH,BUY,2026.05.22 15:03:00,TREND_DN,GENERAL,4521.25,4508.46756,12.78244,779.73,2026.05.22 15:12:17,4526.43,SL_MOD:PRIMARY_EXIT_FLOOR,315.98,0.405245,0.405245,FULL_90_DAYS+FIRST_60_DAYS,0.710351,0.305106,0.089967,False,False,CLEAN_CONTINUATION,2026.05.22 15:17:17,1.149234,0.743989,0.108743,False,False,CLEAN_CONTINUATION,2026.05.22 15:22:17,1.149234,0.743989,0.207316,False,False,CLEAN_CONTINUATION,2026.05.22 15:27:17,1.149234,0.743989,0.527286,True,False,CLEAN_CONTINUATION,2026.05.22 15:32:17,1.149234,0.743989,0.891848,True,False,CLEAN_CONTINUATION,2026.05.22 15:42:17,1.149234,0.743989,0.891848,True,False,CLEAN_CONTINUATION,2026.05.22 16:12:17,CLEAN_CONTINUATION
240,CAMP-93,CORE,FRESH,BUY,2026.05.22 16:03:29,RANGING,GENERAL,4523.4,4512.08327,11.31673,814.8,2026.05.22 16:13:48,4531.03,SL_MOD:PRIMARY_EXIT_FLOOR,549.36,0.674225,0.965829,FULL_90_DAYS+FIRST_60_DAYS,0.698083,0.023858,0.366714,False,False,IMMEDIATE_REVERSAL,2026.05.22 16:18:48,0.698083,0.023858,0.576138,False,False,IMMEDIATE_REVERSAL,2026.05.22 16:23:48,0.698083,0.023858,0.798817,True,False,IMMEDIATE_REVERSAL,2026.05.22 16:28:48,0.698083,0.023858,0.959641,True,False,IMMEDIATE_REVERSAL,2026.05.22 16:33:48,0.698083,0.023858,1.75404,True,True,IMMEDIATE_REVERSAL,2026.05.22 16:43:48,0.698083,0.023858,2.788792,True,True,IMMEDIATE_REVERSAL,2026.05.22 17:13:48,IMMEDIATE_REVERSAL
