Blocker ID,Blocker/module name,Category,File,Function,Strategy affected,Earliest commit,Earliest date,First version,Original purpose,Original severity,Current severity,Current default state,Exact condition,Exact action taken,Exact log/block reason,Independent veto,Duplicates another blocker,Duplicate-of,Strengthened in commit/version,Still active in latest,Old-period presence,Current-period presence,Expected trade-frequency impact,False-block risk,Recommendation,Evidence
B001,ANTI-BIAS opposite/same-direction block,Signal-generation / re-entry restriction,backend/ea_code/XAUUSD_AI_Sniper_EA.mq5,AdaptiveXAUConfirm(...ANTI-BIAS...),All setups,c6c2040,2026-05-18,v5.8.x,Stop repeating the same losing side same-session,HARD,HARD,enabled (no dedicated input flag found; part of core flow),opposite/same-direction confirmation fails AdaptiveXAUConfirm,return without opening,TRADE BLOCKED BECAUSE: <antiBiasReason>,yes,no,,unchanged since introduction,yes,present (v5.8.50 line 4760),present (v6.23.3 line 15366),medium,medium (statistically tuned; not independently re-tested in this audit),KEEP_SOFT,c6c2040; v5.8.50:4760; v6.23.3:15366
B002,B-GRADE QUALITY BLOCK (damage-prone setup names),Setup eligibility gate,backend/ea_code/XAUUSD_AI_Sniper_EA.mq5,IsDamageProneSetupName + AdaptiveXAUConfirm,B-grade setups,c6c2040 (framework); d0a761a (EPF sibling),2026-05-18,v5.8.x,Filter B-grade setups from historically damage-prone setup names,HARD (report-fit-scout soften path),HARD (same soften path retained),enabled via InpTrendPullbackBRequireAntiBias,B-grade + damage-prone setup name + fails stricter fast confirm,return without opening (unless blocked-memory scout rescues at reduced size),B-GRADE QUALITY BLOCK: %s %s failed stricter fast XAU confirmation. %s,yes,no,,unchanged,yes,present (v5.8.50:4773),present (v6.23.3:15382),medium,medium,KEEP_SOFT,v5.8.50:4773; v6.23.3:15382-15429
B003,SMART-GUARD HARD (statistically catastrophic setup),Grade/score threshold / repeated-loss memory,backend/ea_code/XAUUSD_AI_Sniper_EA.mq5,IsSmartGuardDamageSetup + inline stats check,B-grade trend-break setups,da00863,2026-05-14,v5.8.x,Block setups with decayed win rate/expectancy below hard thresholds,HARD,HARD,InpSmartGuardEnable=true (master switch),"decayed WR<=InpSmartGuardHardWinRate(35%) AND expectancy<=InpSmartGuardHardExpectancy(-150) AND enough samples, not strongRetest/inactivityRelaxed",return without opening,SMART-GUARD HARD: %s B-grade blocked | ... reason=statistically catastrophic,yes,no,,unchanged (constants spot-checked unchanged since v5.8.50),yes,present (v5.8.50:4823),present (v6.23.3:15471),medium,LOW (statistically backed; prior audit's counterfactual found this class of blocker reliable),KEEP_HARD,da00863; v5.8.50:4808-4832; v6.23.3:15446-15505
B004,SMART-GUARD SOFT (reduced-lot on marginal stats),Risk & lot-sizing reduction,backend/ea_code/XAUUSD_AI_Sniper_EA.mq5,same block as B003,B-grade trend-break setups,da00863,2026-05-14,v5.8.x,Reduce size instead of hard-blocking when sample is small or moderately negative,SOFT (lot multiplier),SOFT (unchanged),InpSmartGuardSoftLotMulti=0.70,not enough samples OR hardBad OR not strongRetest,lot size *= 0.70,SMART-GUARD SOFT: %s allowed with reduced risk x0.70 | mode=...,no (size reduction only),no,,unchanged,yes,present,present,low,low,KEEP_SOFT,v5.8.50:4849; v6.23.3 same region
B005,SMART-GUARD requires HTF confirm (SG-FAST),Setup eligibility gate,backend/ea_code/XAUUSD_AI_Sniper_EA.mq5,AdaptiveXAUConfirm(...SMART-GUARD...),B-grade damage setups,da00863,2026-05-14,v5.8.x,Require fast-TF adaptive confirmation before allowing a flagged damage setup,HARD,HARD,InpSmartGuardRequireHTF,"AdaptiveXAUConfirm(signal,SMART-GUARD,...) fails",return,SMART-GUARD: %s blocked by adaptive fast confirmation for %s. %s,yes,yes,B001/B002 (same AdaptiveXAUConfirm gate framework reused across many callers),unchanged,yes,present (v5.8.50:4861),present (v6.23.3:15496),medium,medium,MERGE (AdaptiveXAUConfirm called from ~8 different gate names -- consolidation candidate),v5.8.50:4861; v6.23.3:15496
B006,A+ to A demotion without H1 alignment,Grade/score threshold,backend/ea_code/XAUUSD_AI_Sniper_EA.mq5,inline in primary path,A+ counter-trend setups,pre-window (v5.4.0 per code comment),<2026-05-15,pre-v5.8,Prevent over-confident counter-H1-trend A+ bets after $14k/$6k/$5k pyramid losses,SOFT (grade demote),SOFT (unchanged),always-on,grade==A+ AND !htfAligned AND !isTrendFollowingSetup,grade downgraded to A (loses size multiplier + AI-veto exposure),A+ DEMOTED -> A: setup=... counter-trend without H1 alignment,no,no,,unchanged,yes,present (v5.8.50:4899),present (v6.23.3:15678),low,LOW -- prior audit's counterfactual found only 20%% (1/5) would-have-won if bypassed,KEEP_SOFT,v5.8.50:4899-4926; v6.23.3:15650-15682; audits/xau_signal_counterfactual_audit_2026-07-06_to_2026-07-08.md
B007,Combined score below grade-B threshold,Grade/score threshold,backend/ea_code/XAUUSD_AI_Sniper_EA.mq5,inline in primary path,All setups,pre-window,<2026-05-15,pre-v5.8,Core grading funnel -- only trade signals meeting a minimum quality score,HARD,HARD,"always-on (A+=5.5/A=4.0/B=3.0 constants unchanged, re-verified same region exists in current source)",combinedScore < dynGradeB (post-loss-tightened threshold),return without opening,TRADE BLOCKED BECAUSE: <reason> | Regime:... | Setup:... | Score:...,yes,no,,unchanged core constants; threshold itself can tighten post-loss (dynGradeB),yes,present (v5.8.50:4927),present (v6.23.3:15695),high (primary funnel),low (core to strategy),KEEP_HARD,v5.8.50:4927-4952; v6.23.3:15688-15712
B008,XAUEntryTimingGuard BAD-TIMING,Entry timing / timing-engine check,backend/ea_code/XAUUSD_AI_Sniper_EA.mq5,XAUEntryTimingGuard(),All setups (esp. TREND_PULLBACK),1ff7f09,2026-05-19,v5.8.18-era,"Reject late-chase entries, spike-cooldown windows, failed impulses, post-sweep traps, bad-RR setups","originally partially-enforced (only lateChaseEntry sub-case had a real return false, per v6.17.16 forensic finding)",HARD (unconditional since v6.17.16),always-on,blockClass computed from lateChaseEntry||spikeCooldown||failedImpulseBlock||postSweepTrap||timingBadRRForReport,return without opening,TRADE BLOCKED BECAUSE: <timingReason>,yes,yes,"B008b/B008c (XAU_ClassifySetup, XAU_TimingEngineConfirmsEntry -- three functions answer 'is timing OK')","5cb2bb8 (v6.17.16, made HARD_BLOCK unconditional)",yes,present (v5.8.50:4953),present (v6.23.3:15713),high,"HIGH -- v6.17.16's own forensic audit found 3/19 executed trades in one window had this self-label and still executed and lost; unconditional block raises false-block risk on the other 4 sub-conditions, not individually re-validated","MERGE (with B008b/B008c) + INVESTIGATE_MORE on failedImpulseBlock sub-condition (partially addressed by v6.23.3, see B045)",1ff7f09; 5cb2bb8; v5.8.50:10391; v6.23.3:30740
B008b,XAU_ClassifySetup countertrend classifier,Entry timing / BOS-CHoCH-SMC structure conflict,backend/ea_code/XAUUSD_AI_Sniper_EA.mq5,XAU_ClassifySetup(),Countertrend setups,1436aab,2026-07-08,v6.17.23,Replace fixed one-bar wait with adaptive countertrend evidence classification,HARD (used inside ContextGateAllows),HARD,always-on,used inside ContextGateAllows() Gate,contributes to ContextGateAllows() hard return,(inside ContextGateAllows -- no standalone log string),yes (via ContextGateAllows),yes,B008/B008c,35169dee (v6.17.24 fixed a direction-inversion bug in this classifier one day later),yes,absent,present,medium,medium (v6.17.24 same-week bugfix shows a real correctness bug at introduction),MERGE (with B008/B008c),1436aab; 35169dee; v6.23.3 ContextGateAllows call at 16536
B008c,XAU_TimingEngineConfirmsEntry wall-clock reconfirmation,Entry timing / Entry Timing Guard,backend/ea_code/XAUUSD_AI_Sniper_EA.mq5,XAU_TimingEngineConfirmsEntry(),All setups,0f823ab,2026-07-08,v6.17.22,One-bar / 2-3 minute wall-clock reconfirmation before entry,HARD,HARD,always-on,called twice in current primary path (adaptive-reversal branch + main branch),return false,TIMING_ENGINE CANCELLED BY ADAPTIVE TRANSITION AUTHORITY: ...,yes,yes,B008/B008b,c34d020 (v6.23.1 added an Adaptive Transition Authority cancellation path on top),yes,absent,present (called TWICE: lines 14821 and 16826),medium-high (called twice = double exposure),medium,MERGE (with B008/B008b) -- single highest-priority consolidation candidate in this audit,"0f823ab; v6.23.3:14821,16826,28314"
B009,Hedge-mode consistency check,Broker-execution / execution-state gate,backend/ea_code/XAUUSD_AI_Sniper_EA.mq5,inline,All setups,pre-window,<2026-05-15,pre-v5.8,Prevent entries inconsistent with account hedge-mode setting,HARD,HARD,always-on,hedge-mode mismatch,return,TRADE BLOCKED BECAUSE: <hedgeMsg>,yes,no,,unchanged,yes,present (v5.8.50:4970),present (v6.23.3:15735/15747),low,low (genuine execution-safety),KEEP_HARD,v5.8.50 ~4970; v6.23.3:15735-15748
B010,SPREAD block,Spread/slippage/broker-execution gate,backend/ea_code/XAUUSD_AI_Sniper_EA.mq5,inline (spreadBlocksEntry),All setups,pre-window,<2026-05-15,pre-v5.8,Refuse entry when spread is abnormally wide,HARD,HARD,always-on,spreadBlocksEntry true,return,TRADE BLOCKED BECAUSE: <spreadBlockReason>,yes,no,,loosened once (v6.17.14 'spread loosening'),yes,present (v5.8.50:5019),present (v6.23.3:15835),medium,low-medium,KEEP_HARD,v5.8.50:5019; v6.23.3:15835; cacc1c4 (v6.17.14 loosening)
B011,NEWS FILTER (high-impact event nearby),News protection / post-news gate,backend/ea_code/XAUUSD_AI_Sniper_EA.mq5,IsNewsSafe() + InpUseNewsFilter,All setups,pre-window,<2026-05-15,pre-v5.8,Avoid entries around scheduled high-impact news,HARD,HARD (situationally advisory -- see B011b),InpUseNewsFilter,!IsNewsSafe(),return,TRADE BLOCKED BECAUSE: NEWS FILTER (high-impact event nearby),yes,yes,B011b (XAU_EvaluateAdaptiveNewsMomentumEntry),unchanged core logic; new sibling system added alongside it,yes,present (v5.8.50:5038),present (v6.23.3:15858),medium,"medium (now 3 overlapping news systems, see DUPLICATED_AND_CONTRADICTORY_BLOCKERS.md SS6)",MERGE (unify with B011b and the NEWS_OBSERVING advisory carve-out),v5.8.50:5038; v6.23.3:15853-15860
B011b,Adaptive post-news momentum entry gate,News protection / post-news gate,backend/ea_code/XAUUSD_AI_Sniper_EA.mq5,XAU_EvaluateAdaptiveNewsMomentumEntry(),All setups,b4fb4ac,2026-07-02,v6.10,Allow continuation entries after news once momentum confirms,HARD (independent veto) + advisory carve-out for B011,HARD,always-on,spreadBlocksEntry false AND adaptive news momentum evaluation fails,return,TRADE BLOCKED BECAUSE: <adaptiveNewsWhy>,yes,yes,B011,unchanged since introduction,yes,absent,present (v6.23.3:15808),medium,medium,MERGE (with B011),b4fb4ac; v6.23.3:15808-15817
B012,DXY correlation veto,HTF trend & consensus gates,backend/ea_code/XAUUSD_AI_Sniper_EA.mq5,GetDXYBias() + InpUseDXYFilter,All setups,pre-window,<2026-05-15,pre-v5.8,Block gold entries contradicting dollar-index bias,HARD,HARD,InpUseDXYFilter,dxyBias != 0 AND dxyBias != signal,return,DXY VETO -- gold_bias=%d vs signal=%s,yes,no,,unchanged,yes,present (v5.8.50:5047),present (v6.23.3:15874),medium,MEDIUM-HIGH -- relies on a ~15-min cached cross-asset value to reject a fast M5 opportunity (task Q10),SOFTEN (consider informational-only during strong same-direction M5 momentum),v5.8.50:5047-5062; v6.23.3:15874-15883
B013,ANTI-REVERSAL cooldown,Cooldowns & delay timers,backend/ea_code/XAUUSD_AI_Sniper_EA.mq5,inline (InpReversalCooldown),Re-entry / direction flip,pre-window,<2026-05-15,pre-v5.8,Prevent immediate flip-flopping after a close,HARD (time-boxed),HARD,InpReversalCooldown (seconds),direction flip within cooldown window,return,"ANTI-REVERSAL cooldown (%ds left, flipping %s->%s)",yes,no,,unchanged,yes,present (v5.8.50:5064),present (v6.23.3:15998),low-medium,low,KEEP_HARD,v5.8.50:5064-5078; v6.23.3:15998-16000
B014,DIRECTION LOCKOUT (repeated-loss side lock),Repeated-loss / similarity-memory block,backend/ea_code/XAUUSD_AI_Sniper_EA.mq5,IsDirectionLocked(),Directional re-entry,2291e67,2026-04-23,pre-v5.8,Lock a side (BUY or SELL) out after recent repeated losses on that side,HARD (time-boxed),HARD,always-on,IsDirectionLocked(signal) true,return,DIR-LOCK -- %s side locked until %s due to recent losses,yes,no,,unchanged,yes,present (v5.8.50:5079),present (v6.23.3:16032),medium,low-medium,KEEP_HARD,2291e67; v5.8.50:5079-5099; v6.23.3:16032-16040
B015,LOCAL ML VETO,Signal-generation blocker / AI confidence gate,backend/ea_code/XAUUSD_AI_Sniper_EA.mq5,inline (mlScore),All setups,pre-window,<2026-05-15,pre-v5.8,Reject signals with low local ML-model predicted win rate,HARD,HARD,always-on,mlScore below threshold,return,TRADE BLOCKED BECAUSE: LOCAL ML VETO -- WR=%d%%,yes,no,,unchanged,yes,present (v5.8.50 ~5145),present (v6.23.3:16166),medium,medium (model not re-validated in this audit),KEEP_SOFT,v5.8.50 ~5145; v6.23.3:16166-16170
B016,HIVE VETO (cross-account signature match),Cross-instance & duplicate-trade locks,backend/ea_code/XAUUSD_AI_Sniper_EA.mq5,inline (signature lookup),All setups,pre-window,<2026-05-15,pre-v5.8,Prevent duplicate entries across fleet instances sharing a signature,HARD,HARD,always-on,signature match in hive,return,TRADE BLOCKED BECAUSE: HIVE VETO -- signature %s,yes,yes,"B040 (XAU_CrossInstanceEntryLockActive -- newer, function-level, inside OpenTrade)",unchanged,yes,present (v5.8.50 ~5160),present (v6.23.3:16184),low,low,MERGE (with B040 -- two independent cross-instance dedup systems),v5.8.50 ~5160; v6.23.3:16184-16188
B017,CONVICTION-VETO (AI confidence floor),AI confidence & AI Director gates,backend/ea_code/XAUUSD_AI_Sniper_EA.mq5,inline (InpMinAIConfidence),All setups,pre-window (v4.5.0 per comment),<2026-05-15,pre-v5.8,Skip marginal 50-60%% AI-confidence trades,HARD,superseded/renamed as AI DIRECTOR BLOCK (B018) in current,InpConvictionSizing,lastAIConfidence>0 AND < InpMinAIConfidence,return,CONVICTION-VETO: AI confidence %d%% < min %d%% -- SKIP,yes,yes,B018,replaced in spirit by AI Director (v6.3.0-era); old code path not confirmed fully removed,uncertain,present (v5.8.50:5203),uncertain (INVESTIGATE_MORE),medium,medium,INVESTIGATE_MORE,v5.8.50:5199-5208
B018,AI DIRECTOR BLOCK (low-confidence AI SKIP),AI confidence & AI Director gates,backend/ea_code/XAUUSD_AI_Sniper_EA.mq5,AI Director committee block (inline ~16197-16413),All setups,79024ac (AI DIRECTOR framework); hard-block branch confirmed present at HEAD,2026-06-28,v6.3.6,"Full AI committee review of market context, can ALLOW/BLOCK/REDUCE/INCREASE",HARD in the low-confidence-SKIP branch,HARD (unchanged) DESPITE v6.17.11 commit claiming advisory-only,always-on,AI SKIP verdict with confidence < minimum,return / marks aiVerdictStr=BLOCK,AI DIRECTOR BLOCK: AI SKIP with confidence %d%% < min %.0f%%. Trade blocked.,yes,yes,B017,fc80e1f (v6.17.11) claims to demote this to advisory-only -- verified NOT fully true in shipped code,yes,absent,present (v6.23.3:16360-16362),high,HIGH -- directly contradicts the codebase's own stated architecture; AI is a probabilistic/cacheable/skippable subsystem given hard-veto power over signals that already passed a dozen deterministic gates (task Q11),"FIX_BUG (either genuinely demote to advisory as the commit message claims, or stop claiming advisory-only)",79024ac; fc80e1f; v6.23.3:16197-16413 esp. 16360-16362; DUPLICATED_AND_CONTRADICTORY_BLOCKERS.md SS4
B019,ContextGateAllows HTF bias + swing S/R gate,HTF trend & consensus gates / location rules,backend/ea_code/XAUUSD_AI_Sniper_EA.mq5,ContextGateAllows(),All setups,d10d65e,2026-04-30,pre-v5.8,Block entries fighting H4 bias or sitting within 0.4xATR of a recent swing high/low without break-retest,HARD,HARD,always-on,H4 EMA50/EMA200 conflict OR swing S/R proximity,return,(inside function -- caller just returns false),yes,yes,"B003/B005 (SmartGuard structure-conflict overlap -- unresolved, see DUPLICATED_AND_CONTRADICTORY_BLOCKERS.md SS3)",now also incorporates XAU_ClassifySetup() countertrend evidence (v6.17.23),yes,present (v5.8.50:5257),present (v6.23.3:16536),high (last-defense gate before OpenTrade in both eras),"medium (relies on H4 -- slower TF -- to reject fast M5 opportunities, task Q10)",INVESTIGATE_MORE (overlap with SmartGuard),d10d65e; v5.8.50:5257; v6.23.3:16536; 1436aab
B020,PROFIT GUARDIAN VETO (PG_BlockReason),Setup eligibility gate / drawdown restriction,backend/ea_code/XAUUSD_AI_Sniper_EA.mq5,PG_BlockReason(),All setups,4650259,2026-05-04,pre-v5.8,"Block counter-trend stacks, tier-3 halt, post-loss cooldown, enforce Selective Mode (A/A+ only after giveback brake)",HARD,HARD,always-on,pgBlock string non-empty,return,PROFIT GUARDIAN VETO: <pgBlock> (signal=... grade=...),yes,yes,"B021/B024 (overlapping account-state lot/veto stack, see DUPLICATED_AND_CONTRADICTORY_BLOCKERS.md SS8)",unchanged core,yes,present (v5.8.50:5262),present (v6.23.3:16572),medium,medium,MERGE (with B021/B024/B033 account-state stack),4650259; v5.8.50:5262-5274; v6.23.3:16572-16575
B021,EPF_EntryBlockReason (Entry Price Floor tiers),Setup eligibility gate / risk reduction,backend/ea_code/XAUUSD_AI_Sniper_EA.mq5,EPF_EntryBlockReason(),All setups,1301b07 (sibling); d0a761a (this fn),2026-05-25,v5.8.x,Tiered entry-price-floor protection with adaptive T4 soft-pass,HARD (with adaptive soft-pass),HARD,always-on,epfBlock string non-empty,return (unless T4 adaptive pass at reduced size),EPF VETO: <epfBlock> (signal=... setupScore=... combined=... grade=...),yes,yes,B020/B024,unchanged,yes,present (v5.8.50:5275),present (v6.23.3:16587),medium,medium,MERGE (with B020/B024),d0a761a; v5.8.50:5275-5290; v6.23.3:16587-16593
B022,EPF CLUSTER VETO,Anti-chase/overextension / pyramid restriction,backend/ea_code/XAUUSD_AI_Sniper_EA.mq5,EPF_IsClusteredEntry(),Pyramiding/rescue adds,d0a761a-era,2026-05-25,v5.8.x,Reject fresh entries too close in price+time to an existing same-direction position (prevents reversal-amplifying stacks),HARD,HARD,always-on,EPF_IsClusteredEntry() true,return,EPF CLUSTER VETO: entry too close to existing same-direction position,yes,no,,unchanged,yes,present (v5.8.50:5291),present (v6.23.3:16607),low-medium,LOW -- prior audit found the one traceable rescue-add-into-adverse-move in the dataset made a loss worse; this is exactly the protection that should stay,KEEP_HARD,v5.8.50:5291-5301; v6.23.3:16607-16609
B023,XAU_TradeBrainPreEntry BRAIN-BLOCK,Memory-based block,backend/ea_code/XAUUSD_AI_Sniper_EA.mq5,XAU_TradeBrainPreEntry(),All setups,0b0882b-era (trade brain memory added 2026-06-01),2026-06-01,v5.8.39,Use persisted trade-outcome memory to pre-screen new entries,HARD,HARD,always-on,XAU_TradeBrainPreEntry() returns false,return,dashboard tag BRAIN-BLOCK,yes,no,,strengthened by v6.3.8 persistent TradeBrain,yes,present (v5.8.50:5338),present (v6.23.3:16645),medium,"medium (memory-based blocks risk treating small/biased samples as ground truth, task Q12)",INVESTIGATE_MORE,0b0882b; 8101794; v5.8.50:5338-5346; v6.23.3:16642-16648
B024,Basket direction loss block,Loss-based risk reduction / drawdown restriction,backend/ea_code/XAUUSD_AI_Sniper_EA.mq5,BasketDirectionLossBlock(),Same-direction new entries,79024ac,2026-06-28,v6.3.6,Block new same-direction entries if floating loss exceeds X%% of balance,HARD,HARD,InpBasketDirLossBlockPct=2.0,floating loss > 2%% of balance,return,TRADE BLOCKED BECAUSE: <bdlReason>,yes,yes,B020/B021,unchanged since introduction,yes,absent,present (v6.23.3:16007-16017),medium,low-medium (genuine drawdown protection),KEEP_HARD,79024ac; v6.23.3:16007-16017
B025,ADAPTIVE_DRAWDOWN grade-conditional block,Drawdown-based restriction,backend/ea_code/XAUUSD_AI_Sniper_EA.mq5,inline,B/lower-grade setups,post-window,2026-06-28..07-14 (exact commit not pinned),v6.x,Block non-A/A+ grades when equity is below its recent watermark,HARD (grade-conditional),HARD,always-on,equity below watermark AND grade not A/A+,return,ADAPTIVE_DRAWDOWN: grade=... blocked (equity below watermark) -- A/A+ setups still allowed,yes,no,,unconfirmed,yes,absent,present (v6.23.3:16547),medium,"low (genuine drawdown protection, grade-aware)",KEEP_HARD,v6.23.3:16547
B026,SIZE GUARD / FULL_RISK_BINARY_BLOCK,Risk & lot-sizing / hard bug-fix conversion,backend/ea_code/XAUUSD_AI_Sniper_EA.mq5,inline (finalSzMult check),All setups,027c9f0,2026-07-13,v6.21.2,Explicitly convert what used to be a 0.01-lot fallback into an outright block when quality evidence is below executable threshold,was SOFT (lot floor/clamp),now HARD (deliberately hardened),always-on,finalSzMult quality evidence below executable threshold,return / block instead of clamp,SIZE GUARD BLOCK: finalSzMult=... / FULL_RISK_BINARY_BLOCK: combined quality evidence ... is below executable threshold; block instead of clamping to a token-size order,yes,no,,"027c9f0 itself IS the strengthening commit (soft-to-hard conversion, task Q6)",yes,absent,present (v6.23.3:16695-16708),high,MEDIUM-HIGH -- directly answers task Q16 (reduce lot to near-zero despite a valid trade) by name: exists because OLD behavior allowed 0.01-lot trades through and the team decided outright blocking was better,INVESTIGATE_MORE (verify tradeoff vs. a proportional minimum),027c9f0; v6.23.3:16690-16708
B027,"STI_LATE_BLOCK (late entry, trend moved too far)",Anti-chase/overextension / exhaustion rules,backend/ea_code/XAUUSD_AI_Sniper_EA.mq5,inline (Smart Timing Intelligence),TREND_PULLBACK and trend-following setups,post-window,2026-06-28..07-08 (exact commit not pinned),v6.x,Hard-block extreme late entries where trend has run without a reset,HARD,HARD,always-on,lateRisk >= threshold,return,STI_LATE_BLOCK | %s %s | lateRisk=%.0f >= %.0f ... trend moved too far without reset -- wait for pullback,yes,yes,B028 (STI_EXHAUST_BLOCK -- sibling in same STI system),unconfirmed,yes,absent,present (v6.23.3:15906-15915),"high (directly targets TREND_PULLBACK continuation entries, task Q14)",HIGH -- same class of gate the v6.23.3 release fixed for a sibling mechanism (failedImpulseBlock); not independently re-audited for false-block rate here,INVESTIGATE_MORE,v6.23.3:15903-15915
B028,STI_EXHAUST_BLOCK (RSI divergence + ATR contraction),Exhaustion rules,backend/ea_code/XAUUSD_AI_Sniper_EA.mq5,inline (Smart Timing Intelligence),TREND_PULLBACK and trend-following setups,post-window,2026-06-28..07-08 (exact commit not pinned),v6.x,Hard-block entries when RSI divergence + ATR contraction confirm trend fatigue,HARD (with structural-bypass soften path),HARD,always-on,exhaust >= threshold AND tcp < 60,return (unless XAU_StructuralBypassAllowed + XAU_StrongContextForSoftBypass),STI_EXHAUST_BLOCK | %s %s | exhaust=%.0f >= %.0f AND tcp=%.0f < 60 | RSI divergence + ATR contraction confirm trend fatigue,yes,yes,B027,unconfirmed,yes,absent,present (v6.23.3:15922-15964),high,HIGH -- same class as failedImpulseBlock (B045) which v6.23.3 proved was hard-blocking 33%% of the cleanest trend continuations; this sibling gate was NOT covered by that fix,INVESTIGATE_MORE (apply same continuation-health-score treatment as B045),v6.23.3:15922-15964
B029,PERSONALITY GATE mismatch,Regime/market-personality mismatch,backend/ea_code/XAUUSD_AI_Sniper_EA.mq5,StrategyFitsPersonality(),All setups,0683572,2026-06-28,v6.4.0,Block/adjust setups that don't fit the currently-detected market personality,HARD (A/A+ grade requirement) with 2 soften paths,HARD,always-on,setup not ideal for detected personality AND grade not A/A+ (after 2 soften checks fail),return,PERSONALITY GATE BLOCK: %s grade not A/A+ in %s,yes,"yes (called twice in one pipeline, see DUPLICATED_AND_CONTRADICTORY_BLOCKERS.md SS2)",self (symmetric recheck),v6.17.10 (Personality Gate Symmetric Recheck) strengthened this,yes,absent,present (v6.23.3:14987-15101),high,HIGH -- prior audit's counterfactual found 47%% 'would have won if flipped' rate (n=17) for this exact blocker class,SOFTEN,0683572; 463fef2 (v6.17.10); v6.23.3:14987-15101; audits/xau_opposite_direction_counterfactual_audit_2026-07-06_to_2026-07-08.md
B030,SMC HARD CONFLICT BLOCK,BOS/CHoCH/SMC/OB/FVG structure conflict,backend/ea_code/XAUUSD_AI_Sniper_EA.mq5,g_smcHardBlockActive / SMC_DetectOrderBlocks(),All setups,d72d206 (global); 79024ac (detect fn),2026-06-28,v6.3.6/v6.7.0,Force-downgrade grade to SKIP on detected SMC structural conflict,HARD (grade-force to SKIP),HARD,always-on,g_smcHardBlockActive true,grade forced to SKIP,SMC HARD CONFLICT BLOCK: <reason> -- grade <grade> downgraded to SKIP,yes,yes,"B019 (ContextGateAllows structure gate -- overlapping responsibility, unresolved)",unconfirmed,yes,absent,present (v6.23.3:15222-15225),medium-high,medium,INVESTIGATE_MORE (overlap with ContextGateAllows),79024ac; d72d206; v6.23.3:15222-15225
B031,TRI RE-ENTRY BLOCK,Re-entry restriction,backend/ea_code/XAUUSD_AI_Sniper_EA.mq5,Trade Recovery Intelligence (TRI),Re-entry after loss/recovery,bc067f1,2026-07-02,v6.8.0,Block re-entries that don't meet Trade Recovery Intelligence criteria,HARD,HARD,always-on,TRI evaluation fails,return,TRI RE-ENTRY BLOCK: <triBlockMsg>,yes,yes,B014/B024/B032 (multiple re-entry-adjacent gates),unconfirmed,yes,absent,present (v6.23.3:15252),medium,medium,MERGE (re-entry gate family),bc067f1; v6.23.3:15252
B032,RECOVERY-GATE,Transition-state & recovery-state restriction,backend/ea_code/XAUUSD_AI_Sniper_EA.mq5,inline (recMsg),Recovery re-entries,post-window,2026-06-28..07-14 (exact commit not pinned),v6.x,Gate recovery-path re-entries,HARD,HARD,always-on,recovery condition fails,return,TRADE BLOCKED BECAUSE: <recMsg>,yes,yes,B031,unconfirmed,yes,absent,present (v6.23.3:16051),medium,medium,MERGE (re-entry/recovery gate family),v6.23.3:16041-16051
B033,XAU_GrowthGuardEntryBlockReason,Daily limits / growth locks / account-state locks,backend/ea_code/XAUUSD_AI_Sniper_EA.mq5,XAU_GrowthGuardEntryBlockReason(),All setups,9727bc0,2026-06-30,v6.4.12,Block entries when account-relative growth-guard state (daily lock/protected base) is active,HARD,HARD,always-on,growth guard triggers,return false (inside OpenTrade() itself),growthEntryBlock string,yes,yes,B020/B021/B024 (account-state stack),unconfirmed,yes,absent,present (v6.23.3:18025 inside OpenTrade()),high (lives inside the final order-send function -- catches everything that reaches it),medium,MERGE (account-state stack) but note this is correctly the last line of defense inside OpenTrade -- do not remove without replacement,9727bc0; v6.23.3:18025
B034,XAU_GrowthDailyLockTriggered,Daily limits / growth locks,backend/ea_code/XAUUSD_AI_Sniper_EA.mq5,XAU_GrowthDailyLockTriggered(),All setups,9727bc0,2026-06-30,v6.4.12,Daily profit/loss lock tied to account growth state,HARD,HARD,always-on,daily lock condition met,blocks entries / manages positions,DAILY_PROFIT_LOCK / GROWTH_DAILY_LOCK,yes,yes,B033,unconfirmed,yes,absent,present,medium,low (genuine daily-state protection),KEEP_HARD,9727bc0; git log -S XAU_GrowthDailyLockTriggered
B035,XAU_GrowthGuardCanPyramid,Pyramid restriction,backend/ea_code/XAUUSD_AI_Sniper_EA.mq5,XAU_GrowthGuardCanPyramid(),Pyramiding,9727bc0,2026-06-30,v6.4.12,Gate pyramid adds through growth-guard account-relative logic,HARD,HARD,always-on,growth guard disallows pyramid,pyramid add skipped,"(function-level boolean, no single fixed log string identified)",yes,yes,B036/B038,unconfirmed,yes,absent,present,medium,medium,MERGE (pyramid gate family),9727bc0; git log -S XAU_GrowthGuardCanPyramid
B036,EffectiveMaxPyramidAdds hard equity-tier cutoffs,Pyramid restriction,backend/ea_code/XAUUSD_AI_Sniper_EA.mq5,EffectiveMaxPyramidAdds(),Pyramiding,"post-window (per prior in-repo audit, not present in v5.8.50)",2026-06-28..07-14 (exact commit not independently pinned),v6.x,"Cap max pyramid adds by hard equity tiers (1 add below $25k, up to 3 above $25k, up to 4 above $50k)",HARD,HARD,always-on,equity tier,pyramid add count capped,"(function return value, no dedicated Print string identified in this pass)","no (size/count limiter, not a full veto)",yes,B035,unconfirmed,yes,absent,present,"HIGH for small accounts specifically (structurally cannot pyramid the way the growth-era big account did, BY DESIGN, regardless of setup quality -- per prior in-repo audit, re-verified as a real function in current source)","LOW for large accounts / HIGH for small accounts (a known, deliberate, non-proportional restriction)","SOFTEN (replace hard equity-tier cutoffs with margin-projection-aware %%-of-equity curve, per prior audit's recommendation, independently endorsed here)",git log -S EffectiveMaxPyramidAdds; v6.23.3:10031 region
B037,InpMinAccountLotFloor override,Risk & lot-sizing,backend/ea_code/XAUUSD_AI_Sniper_EA.mq5,input InpMinAccountLotFloor,All setups (esp. small accounts),pre-window,<2026-05-15,pre-v5.8,Ensure a minimum tradeable lot size regardless of risk-%% cap,SOFT->override (deliberately overrides risk-%% cap),"NEUTERED as of v6.17.17-v6.18.0 (comment confirms 'legacy input, no longer used to override sizing... retained for back-compat/telemetry only')",default 0.10 but inert,n/a (input no longer wired),n/a,"v6.17.17-v6.18.0: legacy input, no longer used to override sizing (see InpNormalRiskPct)",no,no,,superseded by InpNormalRiskPct-based sizing (v6.17.17/v6.18.0),PARTIALLY (input still exists but is inert per its own comment),present (risk-%% override existed),present but neutered,none (already fixed),none (already fixed -- included for completeness since a prior audit flagged this as dangerous and it has since been resolved),FIX_BUG (already done -- verify no other code path still reads this input as authoritative),v6.23.3:2275 comment
B038,PyramidAdaptiveConfirmPass,Pyramid restriction,backend/ea_code/XAUUSD_AI_Sniper_EA.mq5,PyramidAdaptiveConfirmPass(),Pyramiding,c6c2040-era,2026-05-18,v5.8.x,Require adaptive confirmation before a pyramid add,HARD,HARD,always-on,confirmation fails,pyramid add skipped,(dashboard tag PYRAMID via AdaptiveXAUConfirm),yes,yes,B035/B036,"unchanged core math per prior audit (InpPyramidRescueMaxATR=1.80 etc byte-identical, independently re-verified present at v6.23.3:2901)",yes,present (v5.8.50:3207),present (v6.23.3:12133),medium,"low (math itself is the proven growth-era math, unchanged)",KEEP_HARD (math) / MERGE (gate wrapper with B035/B036),v5.8.50:3197; v6.23.3:12133; v6.23.3:2901
B039,EPF_BlockPyramidAdd,Pyramid restriction,backend/ea_code/XAUUSD_AI_Sniper_EA.mq5,EPF_BlockPyramidAdd(),Pyramiding,1301b07,2026-05-12,pre-v5.8,Block pyramid adds when Entry Price Floor tier is active,HARD (with 0.70x soften fallback in one call site),HARD,always-on,EPF tier active,pyramid add blocked or 0.70x sized,(no single Print string; used as boolean condition),yes,yes,B035/B036/B038,unchanged,yes,present (v5.8.50:3701/3864/4211),present (v6.23.3:13327),medium,low-medium,MERGE (pyramid gate family),1301b07; v5.8.50:4211; v6.23.3:13327
B040,XAU_CrossInstanceEntryLockActive,Cross-instance & duplicate-trade locks,backend/ea_code/XAUUSD_AI_Sniper_EA.mq5,XAU_CrossInstanceEntryLockActive() / XAU_TryClaimEntryLock(),All setups,8eedfad,2026-07-09,v6.20.3,Prevent duplicate entries from multiple EA instances on the same account,HARD,HARD,off by default per v6.20.4 commit message ('cross-instance entry lock off by default'),lock active for direction,return false (inside OpenTrade()),EXECUTION_FUNNEL BLOCK CrossInstanceEntryLock,yes,yes,"B016 (HIVE VETO -- older, signature-based dedup)",52fd616 (v6.20.4 changed default to off),DEFAULT-OFF but code path active,absent,"present (v6.23.3:17679, inside OpenTrade())",low (default off),low,"MERGE (with B016 HIVE VETO -- two dedup systems, one default-off)",8eedfad; 52fd616; v6.23.3:17679
B041,XAU_RecoveryExpansionBasketVeto,Basket restriction / recovery-state restriction,backend/ea_code/XAUUSD_AI_Sniper_EA.mq5,XAU_RecoveryExpansionBasketVeto(),Recovered/expanded baskets,25c59ed,2026-07-10,v6.20.5,Veto basket expansion during a recovered-trade-expansion episode under specific PnL/R conditions,HARD,HARD,always-on,totalPnL/basketRDollars condition,return false,"(function-level, RECOVERY_EXPANSION_EXIT_VETO tag)",yes,no,,unconfirmed,yes,absent,present (v6.23.3:19230),low-medium,medium,INVESTIGATE_MORE,25c59ed; v6.23.3:19230
B042,OLD_DIRECTION_EXHAUSTION_HARD_BLOCK,Trend-following restriction / exhaustion / transition-state,backend/ea_code/XAUUSD_AI_Sniper_EA.mq5,Adaptive Transition Authority (inline),PRIMARY/RE_ENTRY/RECOVERY/RETRY/PYRAMID in exhausted direction,c34d020,2026-07-14,v6.23.1,Hard-invariant block on ALL autonomous entry sources in the old (exhausted) direction once exhaustion score >= InpTransitionExhaustThreshold (70%%),"HARD (explicitly designed as a hard invariant per RELEASE_CHECKLIST v6.23.1 entry: '70%% hard invariant blocks PRIMARY, RE_ENTRY, RECOVERY, RETRY, and PYRAMID in the exhausted direction')",HARD,InpTransitionExhaustThreshold=70.0,exhaustion score >= 70,blocks 5 different entry source types simultaneously,OLD_DIRECTION_EXHAUSTION_HARD_BLOCK,yes,"yes (by design -- blocks 5 categories at once, the broadest-reach blocker in this inventory)",(none -- it IS the consolidation of several older per-path checks per its own release notes),introduction commit is itself the strengthening event,yes,absent,present,"VERY HIGH (blocks 5 entry categories at once, by design, whenever exhaustion >=70%%)","medium (newest, least field-tested mechanism in the whole inventory -- 1 day old at HEAD)",INVESTIGATE_MORE (newest broad-reach hard invariant; needs a dedicated false-block audit before being trusted the way older gates have been),c34d020; RELEASE_CHECKLIST.md v6.23.1 entry; v6.23.3 InpTransitionExhaustThreshold=1831
B043,REVERSAL_DIRECTION_VALID_BUT_WAIT_FOR_PULLBACK,Continuation-entry restriction,backend/ea_code/XAUUSD_AI_Sniper_EA.mq5,Adaptive direction/entry-location authority (inline),Reversal continuation entries,d17ed78,2026-07-14,v6.23.1-repair,"Explicitly hold a trade even when direction is confirmed correct, pending a pullback","HARD (delay, not permanent block)",HARD,always-on,direction valid AND pullback criteria unmet,delay entry,REVERSAL_DIRECTION_VALID_BUT_WAIT_FOR_PULLBACK,yes,no,,introduction commit is the strengthening event,yes,absent,present,HIGH -- directly answers task Q14 (prevent continuation after strong move even when direction is correct) by name,HIGH -- exactly the failure pattern the v6.23.3 release fixed for a sibling mechanism (failedImpulseBlock/B045); this one was NOT covered by that fix,INVESTIGATE_MORE (apply same continuation-health-score treatment as B045),d17ed78; git log -S REVERSAL_DIRECTION_VALID_BUT_WAIT_FOR_PULLBACK
B044,SOFT_BLOCK_CONVERTED mechanism,Signal-generation blocker (soft-to-hard conversion),backend/ea_code/XAUUSD_AI_Sniper_EA.mq5,inline (blockClass assignment) / XAU_ModeAllowsSoftBlockWarning() / XAU_LogSoftBlockDowngrade(),All setups,d11acf8 (tag); 528c080 (softening framework functions),2026-07-01,v6.4.21,Formalize converting an informational/soft signal into a hard rejection under certain trade-mode conditions,mixed (can go either direction per tag name),unchanged,depends on trade mode,mode-dependent,blockClass reassigned,SOFT_BLOCK_CONVERTED,yes,no,,unconfirmed,yes,absent,present (v6.23.3:31312),UNKNOWN -- full trigger logic not exhaustively traced,"HIGH -- the single most direct piece of evidence in the codebase that the exact pattern the user described (informational signals hardening into rejections) is a named, intentional mechanism",INVESTIGATE_MORE (highest-priority follow-up item -- trace every call site),d11acf8; 528c080; v6.23.3:31312; DUPLICATED_AND_CONTRADICTORY_BLOCKERS.md SS7
B045,"failedImpulseBlock (continuation-health, partially fixed in v6.23.3)",Continuation-entry restriction / exhaustion,backend/ea_code/XAUUSD_AI_Sniper_EA.mq5,inline (continuationHealthTier / failedImpulseBlock),TREND_PULLBACK / trend continuation,part of B008's original 5-condition OR (pre-v6.17.16),2026-05-19 (as part of XAUEntryTimingGuard's blockClass),v5.8.18-era,"Block continuation entries that show no rejection wick after an impulse, treating that as 'impulse failed'","HARD (via B008's HARD_BLOCK label, only fully enforced after 5cb2bb8/v6.17.16)","HARD but now GATED by a 5-tier continuation-health score (only FAILED_IMPULSE tier, and only when room/location/divergence anti-chase gates also hold)",InpXAU_BlockFailedImpulse (default true) + InpXAU_ContinuationHealthFailedMax=30.0,continuationHealthScore <= 30 (FAILED_IMPULSE tier) AND anti-chase gates hold,return,CONTINUATION_HEALTH: tier=%s score=%.0f room=%.2fATR badLoc=%s divergence=%s override=%s,yes,yes,B008 (same original OR-chain),"e13d669 (v6.23.3) is the SOFTENING commit -- proven in its own replay validation: 1 genuine missed winner correctly rescued (+1.00 ATR in its favor), 3 regime-misaligned re-checks correctly still blocked",yes,present as part of B008,"present (v6.23.3:30972-31506, now soft-tiered)","was VERY HIGH before v6.23.3 (documented: hard-blocked 14 of 42 grade-A/A+/B trend candidates, 33%%, in one audited VPS session -- exactly the cleanest strongest continuations)",reduced by v6.23.3's own fix but not eliminated,"SOFTEN (already partially done in v6.23.3 -- the one blocker in this inventory with a clean, evidence-backed, already-shipped fix; consider applying the same treatment to B027/B028/B043 siblings)","e13d669 commit message (full text); v6.23.3:2232,30972-31506"
