campaign_id,candidate_id,signal_time,entry_time,elapsed_seconds,intended_entry_price,actual_entry_price,move_from_intended_entry_r,structure_valid_at_entry,final_action,regime_at_signal,regime_at_entry,regime_changed,lifecycle_state_at_signal,lifecycle_state_at_entry,lifecycle_changed,location_at_signal,location_at_entry,exhaustion_state_at_signal,exhaustion_state_at_entry,timing_state_at_signal,timing_state_at_entry,htf_state_at_signal,htf_state_at_entry,structure_state_at_signal,structure_state_at_entry,pressure_state_at_signal,pressure_state_at_entry,final_arbiter_location,final_arbiter_pressure,final_arbiter_exhaustion_pct,final_arbiter_decision,learned_trend_health,learned_pullback_completion_pct,learned_continuation_pct,learned_trap_risk_pct,learned_liquidity_sweep,learned_breakout_acceptance,entry_timing_classification,data_source
CAMP-1,"109812316|XAUUSD|20250401|M30_THREE_M10|2026.05.18_07:00:00|CORE|BUY|EVIDENCE=36,37,38",2026.05.18 07:00:30,2026.05.18 07:03:30,180.0,4543.67,4547.03,0.102,true,ENTER_NOW,TREND_DN,TREND_DN,False,,OPPOSITE_DIRECTION_FORMING,False,LOCATION_RESET_PENDING,,EXHAUSTION_RESET_CONFIRMED,,TIMING_WAIT_PULLBACK,,HTF_TRANSITIONING,,STRUCTURE_SUPPORTS,,PRESSURE_TRANSITIONING,,LOCATION_RESET_PENDING,PRESSURE_TRANSITIONING,89%,ALLOW,OPPOSED,25,15,60,UNKNOWN,UNCONFIRMED,MODERATE_DRIFT_DURING_TIMER,EXACT_JOURNAL
CAMP-2,"109812316|XAUUSD|20250401|M30_THREE_M10|2026.05.18_13:30:00|CORE|SELL|EVIDENCE=75,76,77",2026.05.18 13:30:31,2026.05.18 13:33:31,180.0,4540.47,4536.22,0.236,true,ENTER_NOW,TREND_DN,TREND_DN,False,,OPPOSITE_DIRECTION_FORMING,False,LOCATION_LATE,,EXHAUSTION_RESET_CONFIRMED,,TIMING_WAIT_PULLBACK,,HTF_TRANSITIONING,,STRUCTURE_SUPPORTS,,PRESSURE_TRANSITIONING,,LOCATION_LATE,PRESSURE_TRANSITIONING,77%,ALLOW,ALIGNED,80,60,0,UNKNOWN,ACCEPTED,LATE_ENTRY_CHASED_DURING_TIMER,EXACT_JOURNAL
CAMP-3,"109812316|XAUUSD|20250401|M30_THREE_M10|2026.05.18_14:00:00|CORE|SELL|EVIDENCE=78,79,80",2026.05.18 14:00:30,2026.05.18 14:03:30,180.0,4541.77,4540.47,0.066,true,ENTER_NOW,TREND_DN,TREND_DN,False,,OPPOSITE_DIRECTION_FORMING,False,LOCATION_RESET_PENDING,,EXHAUSTION_HIGH,,TIMING_WAIT_PULLBACK,,HTF_TRANSITIONING,,STRUCTURE_SUPPORTS,,PRESSURE_TRANSITIONING,,LOCATION_RESET_PENDING,PRESSURE_TRANSITIONING,70%,ALLOW,ALIGNED,80,75,0,UNKNOWN,ACCEPTED,MODERATE_DRIFT_DURING_TIMER,EXACT_JOURNAL
CAMP-4,"109812316|XAUUSD|20250401|M30_THREE_M10|2026.05.18_14:30:00|CORE|SELL|EVIDENCE=81,82,83",2026.05.18 14:30:00,2026.05.18 14:33:00,180.0,4536.23,4539.15,0.0,true,ENTER_NOW,TREND_DN,TREND_DN,False,OPPOSITE_DIRECTION_FORMING,TREND_MATURE,True,LOCATION_LATE,LOCATION_LATE,EXHAUSTION_MODERATE,EXHAUSTION_MODERATE,TIMING_WAIT_PULLBACK,TIMING_WAIT_PULLBACK,HTF_TRANSITIONING,HTF_TRANSITIONING,STRUCTURE_SUPPORTS,STRUCTURE_SUPPORTS,PRESSURE_TRANSITIONING,PRESSURE_TRANSITIONING,LOCATION_LATE,PRESSURE_TRANSITIONING,49%,ALLOW,ALIGNED,80,60,0,UNKNOWN,ACCEPTED,GOOD_TIMING_NEAR_SIGNAL_PRICE,EXACT_JOURNAL
CAMP-5,"109812316|XAUUSD|20250401|M30_THREE_M10|2026.05.18_15:00:00|CORE|SELL|EVIDENCE=84,85,86",2026.05.18 15:00:00,2026.05.18 15:03:00,180.0,4550.63,4548.64,0.074,true,ENTER_NOW,TREND_DN,TREND_DN,False,TREND_MATURE,OPPOSITE_DIRECTION_FORMING,True,LOCATION_RESET_PENDING,,EXHAUSTION_RESET_CONFIRMED,,TIMING_WAIT_PULLBACK,,HTF_ALIGNED,,STRUCTURE_SUPPORTS,,SELL_PRESSURE_STRONG,,LOCATION_RESET_PENDING,SELL_PRESSURE_STRONG,84%,ALLOW,ALIGNED,80,75,0,UNKNOWN,ACCEPTED,MODERATE_DRIFT_DURING_TIMER,EXACT_JOURNAL
CAMP-6,"109812316|XAUUSD|20250401|M30_THREE_M10|2026.05.18_20:00:00|CORE|BUY|EVIDENCE=114,115,116",2026.05.18 20:00:30,2026.05.18 20:03:30,180.0,4550.89,4553.16,0.086,true,ENTER_NOW,TREND_DN,TREND_DN,False,,TRANSITION_NEUTRAL,False,LOCATION_RESET_PENDING,,EXHAUSTION_RESET_CONFIRMED,,TIMING_WAIT_PULLBACK,,HTF_TRANSITIONING,,STRUCTURE_SUPPORTS,,PRESSURE_TRANSITIONING,,LOCATION_RESET_PENDING,PRESSURE_TRANSITIONING,77%,ALLOW,OPPOSED,80,45,20,UNKNOWN,ACCEPTED,MODERATE_DRIFT_DURING_TIMER,EXACT_JOURNAL
CAMP-7,"109812316|XAUUSD|20250401|M30_THREE_M10|2026.05.18_22:30:00|CORE|BUY|EVIDENCE=129,130,131",2026.05.18 22:30:00,2026.05.18 22:33:00,180.0,4551.77,4556.67,0.225,true,ENTER_NOW,TREND_DN,TREND_DN,False,TREND_MATURE,,False,LOCATION_GOOD,LOCATION_GOOD,EXHAUSTION_HIGH,EXHAUSTION_HIGH,TIMING_READY,TIMING_READY,HTF_STRONG_CONFLICT,HTF_STRONG_CONFLICT,STRUCTURE_SUPPORTS,STRUCTURE_SUPPORTS,PRESSURE_BALANCED,PRESSURE_BALANCED,LOCATION_GOOD,PRESSURE_BALANCED,61%,ALLOW,OPPOSED,25,30,20,UNKNOWN,UNCONFIRMED,LATE_ENTRY_CHASED_DURING_TIMER,EXACT_JOURNAL
CAMP-8,"109812316|XAUUSD|20250401|M30_THREE_M10|2026.05.19_04:00:00|CORE|SELL|EVIDENCE=150,151,152",2026.05.19 04:00:22,2026.05.19 04:03:22,180.0,4560.46,4562.14,0.0,true,ENTER_NOW,CHOPPY,CHOPPY,False,,OPPOSITE_DIRECTION_FORMING,False,LOCATION_RESET_PENDING,,EXHAUSTION_RESET_CONFIRMED,,TIMING_WAIT_PULLBACK,,HTF_TRANSITIONING,,STRUCTURE_OPPOSES,,PRESSURE_TRANSITIONING,,LOCATION_RESET_PENDING,PRESSURE_TRANSITIONING,93%,ALLOW,ALIGNED,80,75,20,UNKNOWN,ACCEPTED,GOOD_TIMING_NEAR_SIGNAL_PRICE,EXACT_JOURNAL
CAMP-9,"109812316|XAUUSD|20250401|M30_THREE_M10|2026.05.19_09:00:00|CORE|BUY|EVIDENCE=180,181,182",2026.05.19 09:00:30,2026.05.19 09:03:30,180.0,4538.61,4539.12,0.026,true,ENTER_NOW,TREND_DN,TREND_DN,False,,TRANSITION_NEUTRAL,False,LOCATION_RESET_PENDING,,EXHAUSTION_RESET_CONFIRMED,,TIMING_WAIT_PULLBACK,,HTF_TRANSITIONING,,STRUCTURE_STRONGLY_SUPPORTS,,PRESSURE_TRANSITIONING,,LOCATION_RESET_PENDING,PRESSURE_TRANSITIONING,91%,ALLOW,OPPOSED,25,60,40,UNKNOWN,UNCONFIRMED,GOOD_TIMING_NEAR_SIGNAL_PRICE,EXACT_JOURNAL
CAMP-10,"109812316|XAUUSD|20250401|M30_THREE_M10|2026.05.19_09:30:00|CORE|BUY|EVIDENCE=183,184,185",2026.05.19 09:30:30,2026.05.19 09:33:00,150.0,4547.38,4547.24,0.0,true,ENTER_NOW,TREND_DN,TREND_DN,False,,OPPOSITE_DIRECTION_FORMING,False,LOCATION_RESET_PENDING,,EXHAUSTION_RESET_CONFIRMED,,TIMING_WAIT_PULLBACK,,HTF_TRANSITIONING,,STRUCTURE_STRONGLY_SUPPORTS,,PRESSURE_TRANSITIONING,,LOCATION_RESET_PENDING,PRESSURE_TRANSITIONING,91%,ALLOW,OPPOSED,25,15,60,UNKNOWN,UNCONFIRMED,GOOD_TIMING_NEAR_SIGNAL_PRICE,EXACT_JOURNAL
CAMP-11,"109812316|XAUUSD|20250401|M30_THREE_M10|2026.05.19_11:00:00|CORE|BUY|EVIDENCE=192,193,194",2026.05.19 11:00:30,2026.05.19 11:03:00,150.0,4557.05,4553.71,0.0,true,ENTER_NOW,TREND_DN,TREND_DN,False,,OPPOSITE_DIRECTION_CONFIRMED,False,LOCATION_RESET_PENDING,,EXHAUSTION_RESET_CONFIRMED,,TIMING_WAIT_CONFIRMATION,,HTF_TRANSITIONING,,STRUCTURE_SUPPORTS,,PRESSURE_TRANSITIONING,,LOCATION_RESET_PENDING,PRESSURE_TRANSITIONING,91%,ALLOW,OPPOSED,80,90,20,UNKNOWN,ACCEPTED,GOOD_TIMING_NEAR_SIGNAL_PRICE,EXACT_JOURNAL
CAMP-12,"109812316|XAUUSD|20250401|M30_THREE_M10|2026.05.19_14:00:00|CORE|BUY|EVIDENCE=210,211,212",2026.05.19 14:00:30,2026.05.19 14:03:30,180.0,4545.04,4547.01,0.093,true,ENTER_NOW,TREND_DN,TREND_DN,False,,TRANSITION_NEUTRAL,False,LOCATION_RESET_PENDING,,EXHAUSTION_RESET_CONFIRMED,,TIMING_WAIT_PULLBACK,,HTF_TRANSITIONING,,STRUCTURE_SUPPORTS,,PRESSURE_TRANSITIONING,,LOCATION_RESET_PENDING,PRESSURE_TRANSITIONING,94%,ALLOW,OPPOSED,80,90,20,UNKNOWN,ACCEPTED,MODERATE_DRIFT_DURING_TIMER,EXACT_JOURNAL
CAMP-13,"109812316|XAUUSD|20250401|M30_THREE_M10|2026.05.20_16:30:00|CORE|SELL|EVIDENCE=357,358,359",2026.05.20 16:30:30,2026.05.20 16:33:00,150.0,4489.64,4490.43,0.0,true,ENTER_NOW,TREND_DN,TREND_DN,False,,OPPOSITE_DIRECTION_FORMING,False,LOCATION_LATE,,EXHAUSTION_RESET_CONFIRMED,,TIMING_WAIT_PULLBACK,,HTF_TRANSITIONING,,STRUCTURE_SUPPORTS,,PRESSURE_TRANSITIONING,,LOCATION_LATE,PRESSURE_TRANSITIONING,79%,ALLOW,ALIGNED,80,105,0,UNKNOWN,ACCEPTED,GOOD_TIMING_NEAR_SIGNAL_PRICE,EXACT_JOURNAL
CAMP-14,"109812316|XAUUSD|20250401|M30_THREE_M10|2026.05.21_11:30:00|CORE|BUY|EVIDENCE=459,460,461",2026.05.21 11:30:30,2026.05.21 11:33:30,180.0,4533.01,4531.36,0.0,true,ENTER_NOW,TREND_UP,TREND_UP,False,,OPPOSITE_DIRECTION_FORMING,False,LOCATION_RESET_PENDING,LOCATION_RESET_PENDING,EXHAUSTION_RESET_CONFIRMED,EXHAUSTION_RESET_CONFIRMED,TIMING_WAIT_PULLBACK,TIMING_WAIT_PULLBACK,HTF_TRANSITIONING,HTF_TRANSITIONING,STRUCTURE_SUPPORTS,STRUCTURE_SUPPORTS,PRESSURE_TRANSITIONING,PRESSURE_TRANSITIONING,LOCATION_RESET_PENDING,PRESSURE_TRANSITIONING,71%,ALLOW,OPPOSED,80,75,0,UNKNOWN,ACCEPTED,GOOD_TIMING_NEAR_SIGNAL_PRICE,EXACT_JOURNAL
CAMP-15,"109812316|XAUUSD|20250401|M30_THREE_M10|2026.05.21_17:00:00|CORE|BUY|EVIDENCE=492,493,494",2026.05.21 17:00:30,2026.05.21 17:03:30,180.0,4515.0,4509.95,0.0,true,ENTER_NOW,TREND_DN,TREND_DN,False,,TRANSITION_NEUTRAL,False,LOCATION_GOOD,,EXHAUSTION_RESET_CONFIRMED,,TIMING_WAIT_RECLAIM,,HTF_STRONG_CONFLICT,,STRUCTURE_SUPPORTS,,BUY_PRESSURE_MODERATE,,LOCATION_GOOD,BUY_PRESSURE_MODERATE,69%,ALLOW,OPPOSED,80,75,20,UNKNOWN,ACCEPTED,GOOD_TIMING_NEAR_SIGNAL_PRICE,EXACT_JOURNAL
CAMP-16,"109812316|XAUUSD|20250401|M30_THREE_M10|2026.05.21_19:30:00|CORE|BUY|EVIDENCE=507,508,509",2026.05.21 19:30:30,2026.05.21 19:33:30,180.0,4516.65,4517.51,0.036,true,ENTER_NOW,TREND_DN,TREND_DN,False,,OPPOSITE_DIRECTION_FORMING,False,LOCATION_RESET_PENDING,,EXHAUSTION_RESET_CONFIRMED,,TIMING_WAIT_CONFIRMATION,,HTF_TRANSITIONING,,STRUCTURE_STRONGLY_SUPPORTS,,PRESSURE_TRANSITIONING,,LOCATION_RESET_PENDING,PRESSURE_TRANSITIONING,71%,ALLOW,OPPOSED,25,15,60,UNKNOWN,UNCONFIRMED,GOOD_TIMING_NEAR_SIGNAL_PRICE,EXACT_JOURNAL
CAMP-17,"109812316|XAUUSD|20250401|M30_THREE_M10|2026.05.21_21:00:00|CORE|BUY|EVIDENCE=516,517,518",2026.05.21 21:00:30,2026.05.21 21:03:00,150.0,4553.78,4549.38,0.0,true,ENTER_NOW,BRKT_UP,BRKT_UP,False,,TREND_MATURE,False,LOCATION_EXTREME,LOCATION_EXTREME,EXHAUSTION_MODERATE,EXHAUSTION_MODERATE,TIMING_WAIT_PULLBACK,TIMING_WAIT_PULLBACK,HTF_CONFLICT,HTF_CONFLICT,STRUCTURE_SUPPORTS,STRUCTURE_SUPPORTS,BUY_PRESSURE_STRONG,BUY_PRESSURE_STRONG,LOCATION_EXTREME,BUY_PRESSURE_STRONG,47%,ALLOW,OPPOSED,25,15,60,UNKNOWN,UNCONFIRMED,GOOD_TIMING_NEAR_SIGNAL_PRICE,EXACT_JOURNAL
CAMP-18,"109812316|XAUUSD|20250401|M30_THREE_M10|2026.05.25_08:30:00|CORE|SELL|EVIDENCE=687,688,689",2026.05.25 08:30:00,2026.05.25 08:33:00,180.0,4554.2,4555.77,0.0,true,ENTER_NOW,TREND_UP,TREND_UP,False,OPPOSITE_DIRECTION_CONFIRMED,OPPOSITE_DIRECTION_FORMING,True,LOCATION_RESET_PENDING,,EXHAUSTION_RESET_CONFIRMED,,TIMING_READY,,HTF_NEUTRAL,,STRUCTURE_OPPOSES,,SELL_PRESSURE_STRONG,,LOCATION_RESET_PENDING,SELL_PRESSURE_STRONG,100%,ALLOW,NEUTRAL,80,75,20,UNKNOWN,ACCEPTED,GOOD_TIMING_NEAR_SIGNAL_PRICE,EXACT_JOURNAL
CAMP-19,"109812316|XAUUSD|20250401|M30_THREE_M10|2026.05.25_10:00:00|CORE|BUY|EVIDENCE=696,697,698",2026.05.25 10:00:00,2026.05.25 10:03:00,180.0,4562.64,4564.29,0.114,true,ENTER_NOW,TREND_UP,TREND_UP,False,OPPOSITE_DIRECTION_FORMING,,False,LOCATION_RESET_PENDING,,EXHAUSTION_RESET_CONFIRMED,,TIMING_WAIT_RECLAIM,,HTF_TRANSITIONING,,STRUCTURE_SUPPORTS,,PRESSURE_TRANSITIONING,,LOCATION_RESET_PENDING,PRESSURE_TRANSITIONING,61%,ALLOW,NEUTRAL,80,90,0,UNKNOWN,ACCEPTED,MODERATE_DRIFT_DURING_TIMER,EXACT_JOURNAL
CAMP-20,"109812316|XAUUSD|20250401|M30_THREE_M10|2026.05.26_11:00:00|CORE|BUY|EVIDENCE=826,827,828",2026.05.26 11:00:30,2026.05.26 11:03:00,150.0,4537.47,4535.66,0.0,true,ENTER_NOW,TREND_DN,TREND_DN,False,,OPPOSITE_DIRECTION_FORMING,False,LOCATION_RESET_PENDING,,EXHAUSTION_RESET_CONFIRMED,,TIMING_WAIT_CONFIRMATION,,HTF_TRANSITIONING,,STRUCTURE_OPPOSES,,PRESSURE_TRANSITIONING,,LOCATION_RESET_PENDING,PRESSURE_TRANSITIONING,94%,ALLOW,NEUTRAL,80,75,20,UNKNOWN,ACCEPTED,GOOD_TIMING_NEAR_SIGNAL_PRICE,EXACT_JOURNAL
CAMP-21,"109812316|XAUUSD|20250401|M30_THREE_M10|2026.05.27_05:00:00|CORE|SELL|EVIDENCE=922,923,924",2026.05.27 05:00:30,2026.05.27 05:03:30,180.0,4508.79,4506.31,0.142,true,ENTER_NOW,TREND_DN,TREND_DN,False,,TREND_MATURE,False,LOCATION_LATE,LOCATION_LATE,EXHAUSTION_MODERATE,EXHAUSTION_MODERATE,TIMING_WAIT_PULLBACK,TIMING_WAIT_PULLBACK,HTF_ALIGNED,HTF_ALIGNED,STRUCTURE_SUPPORTS,STRUCTURE_SUPPORTS,SELL_PRESSURE_MODERATE,SELL_PRESSURE_MODERATE,LOCATION_LATE,SELL_PRESSURE_MODERATE,58%,ALLOW,ALIGNED,80,60,0,UNKNOWN,ACCEPTED,MODERATE_DRIFT_DURING_TIMER,EXACT_JOURNAL
CAMP-22,"109812316|XAUUSD|20250401|M30_THREE_M10|2026.05.27_07:00:00|CORE|SELL|EVIDENCE=934,935,936",2026.05.27 07:00:30,2026.05.27 07:03:00,150.0,4497.76,4498.61,0.0,true,ENTER_NOW,TREND_DN,TREND_DN,False,,OPPOSITE_DIRECTION_FORMING,False,LOCATION_LATE,,EXHAUSTION_RESET_CONFIRMED,,TIMING_WAIT_PULLBACK,,HTF_ALIGNED,,STRUCTURE_SUPPORTS,,SELL_PRESSURE_STRONG,,LOCATION_LATE,SELL_PRESSURE_STRONG,58%,ALLOW,ALIGNED,80,90,0,UNKNOWN,ACCEPTED,GOOD_TIMING_NEAR_SIGNAL_PRICE,EXACT_JOURNAL
CAMP-23,"109812316|XAUUSD|20250401|M30_THREE_M10|2026.05.27_08:00:00|CORE|SELL|EVIDENCE=940,941,942",2026.05.27 08:00:30,2026.05.27 08:03:00,150.0,4510.04,4509.38,0.038,true,ENTER_NOW,TREND_DN,TREND_DN,False,,TREND_MATURE,False,LOCATION_LATE,,EXHAUSTION_MODERATE,,TIMING_WAIT_PULLBACK,,HTF_ALIGNED,,STRUCTURE_STRONGLY_SUPPORTS,,PRESSURE_BALANCED,,LOCATION_LATE,PRESSURE_BALANCED,58%,ALLOW,ALIGNED,80,60,20,UNKNOWN,ACCEPTED,GOOD_TIMING_NEAR_SIGNAL_PRICE,EXACT_JOURNAL
CAMP-24,"109812316|XAUUSD|20250401|M30_THREE_M10|2026.05.28_02:30:00|CORE|SELL|EVIDENCE=1039,1040,1041",2026.05.28 02:30:30,2026.05.28 02:33:00,150.0,4450.66,4449.98,0.044,true,ENTER_NOW,TREND_DN,TREND_DN,False,,TRANSITION_NEUTRAL,False,LOCATION_RESET_PENDING,,EXHAUSTION_RESET_CONFIRMED,,TIMING_WAIT_PULLBACK,,HTF_TRANSITIONING,,STRUCTURE_STRONGLY_SUPPORTS,,PRESSURE_TRANSITIONING,,LOCATION_RESET_PENDING,PRESSURE_TRANSITIONING,72%,ALLOW,ALIGNED,80,90,0,UNKNOWN,ACCEPTED,GOOD_TIMING_NEAR_SIGNAL_PRICE,EXACT_JOURNAL
CAMP-25,"109812316|XAUUSD|20250401|M30_THREE_M10|2026.05.28_03:00:00|CORE|SELL|EVIDENCE=1042,1043,1044",2026.05.28 03:00:30,2026.05.28 03:03:00,150.0,4447.63,4452.2,0.0,true,ENTER_NOW,TREND_DN,TREND_DN,False,,OPPOSITE_DIRECTION_FORMING,False,LOCATION_LATE,,EXHAUSTION_RESET_CONFIRMED,,TIMING_WAIT_PULLBACK,,HTF_TRANSITIONING,,STRUCTURE_SUPPORTS,,PRESSURE_TRANSITIONING,,LOCATION_LATE,PRESSURE_TRANSITIONING,75%,ALLOW,ALIGNED,80,60,0,UNKNOWN,ACCEPTED,GOOD_TIMING_NEAR_SIGNAL_PRICE,EXACT_JOURNAL
CAMP-26,"109812316|XAUUSD|20250401|M30_THREE_M10|2026.05.28_22:00:00|CORE|SELL|EVIDENCE=1156,1157,1158",2026.05.28 22:00:30,2026.05.28 22:03:30,180.0,4501.5,4500.59,0.05,true,ENTER_NOW,TREND_UP,TREND_UP,False,,OPPOSITE_DIRECTION_CONFIRMED,False,LOCATION_RESET_PENDING,,EXHAUSTION_RESET_CONFIRMED,,TIMING_WAIT_CONFIRMATION,,HTF_TRANSITIONING,,STRUCTURE_OPPOSES,,PRESSURE_TRANSITIONING,,LOCATION_RESET_PENDING,PRESSURE_TRANSITIONING,92%,ALLOW,ALIGNED,25,15,60,UNKNOWN,UNCONFIRMED,MODERATE_DRIFT_DURING_TIMER,EXACT_JOURNAL
CAMP-27,"109812316|XAUUSD|20250401|M30_THREE_M10|2026.05.29_01:30:00|CORE|SELL|EVIDENCE=1165,1166,1167",2026.05.29 01:30:00,2026.05.29 01:33:00,180.0,4495.83,4495.73,0.007,true,ENTER_NOW,TREND_UP,TREND_UP,False,TREND_EARLY,OPPOSITE_DIRECTION_CONFIRMED,True,LOCATION_RESET_PENDING,,EXHAUSTION_RESET_CONFIRMED,,TIMING_WAIT_CONFIRMATION,,HTF_ALIGNED,,STRUCTURE_OPPOSES,,SELL_PRESSURE_STRONG,,LOCATION_RESET_PENDING,SELL_PRESSURE_STRONG,92%,ALLOW,ALIGNED,25,0,80,UNKNOWN,UNCONFIRMED,GOOD_TIMING_NEAR_SIGNAL_PRICE,EXACT_JOURNAL
CAMP-28,"109812316|XAUUSD|20250401|M30_THREE_M10|2026.05.29_07:30:00|CORE|BUY|EVIDENCE=1201,1202,1203",2026.05.29 07:30:30,2026.05.29 07:33:00,150.0,4510.4,4509.32,0.0,true,ENTER_NOW,TREND_UP,TREND_UP,False,,,False,LOCATION_RESET_PENDING,LOCATION_RESET_PENDING,EXHAUSTION_MODERATE,EXHAUSTION_MODERATE,TIMING_WAIT_PULLBACK,TIMING_WAIT_PULLBACK,HTF_TRANSITIONING,HTF_TRANSITIONING,STRUCTURE_SUPPORTS,STRUCTURE_SUPPORTS,PRESSURE_TRANSITIONING,PRESSURE_TRANSITIONING,LOCATION_RESET_PENDING,PRESSURE_TRANSITIONING,50%,ALLOW,OPPOSED,80,90,0,UNKNOWN,ACCEPTED,GOOD_TIMING_NEAR_SIGNAL_PRICE,EXACT_JOURNAL
CAMP-29,"109812316|XAUUSD|20250401|M30_THREE_M10|2026.05.29_08:00:00|CORE|BUY|EVIDENCE=1204,1205,1206",2026.05.29 08:00:30,2026.05.29 08:03:30,180.0,4514.35,4510.84,0.0,true,ENTER_NOW,TREND_UP,TREND_UP,False,,,False,LOCATION_RESET_CONFIRMED,LOCATION_RESET_CONFIRMED,EXHAUSTION_HIGH,EXHAUSTION_HIGH,TIMING_WAIT_PULLBACK,TIMING_WAIT_PULLBACK,HTF_STRONG_CONFLICT,HTF_STRONG_CONFLICT,STRUCTURE_SUPPORTS,STRUCTURE_SUPPORTS,BUY_PRESSURE_STRONG,BUY_PRESSURE_STRONG,LOCATION_RESET_CONFIRMED,BUY_PRESSURE_STRONG,70%,ALLOW,OPPOSED,80,75,0,UNKNOWN,ACCEPTED,GOOD_TIMING_NEAR_SIGNAL_PRICE,EXACT_JOURNAL
CAMP-30,"109812316|XAUUSD|20250401|M30_THREE_M10|2026.05.29_15:30:00|CORE|SELL|EVIDENCE=1249,1250,1251",2026.05.29 15:30:30,2026.05.29 15:33:00,150.0,4519.94,4520.23,0.0,true,ENTER_NOW,TREND_UP,TREND_UP,False,,OPPOSITE_DIRECTION_FORMING,False,LOCATION_LATE,,EXHAUSTION_RESET_CONFIRMED,,TIMING_WAIT_PULLBACK,,HTF_TRANSITIONING,,STRUCTURE_OPPOSES,,PRESSURE_TRANSITIONING,,LOCATION_LATE,PRESSURE_TRANSITIONING,96%,ALLOW,NEUTRAL,80,75,20,UNKNOWN,ACCEPTED,GOOD_TIMING_NEAR_SIGNAL_PRICE,EXACT_JOURNAL
CAMP-31,"109812316|XAUUSD|20250401|M30_THREE_M10|2026.06.01_07:00:00|CORE|BUY|EVIDENCE=1312,1313,1314",2026.06.01 07:00:30,2026.06.01 07:03:30,180.0,4517.28,4518.75,0.079,true,ENTER_NOW,TREND_UP,TREND_UP,False,,TRANSITION_NEUTRAL,False,LOCATION_RESET_PENDING,,EXHAUSTION_RESET_CONFIRMED,,TIMING_WAIT_RECLAIM,,HTF_TRANSITIONING,,STRUCTURE_SUPPORTS,,PRESSURE_TRANSITIONING,,LOCATION_RESET_PENDING,PRESSURE_TRANSITIONING,76%,ALLOW,NEUTRAL,80,75,0,UNKNOWN,ACCEPTED,MODERATE_DRIFT_DURING_TIMER,EXACT_JOURNAL
CAMP-32,"109812316|XAUUSD|20250401|M30_THREE_M10|2026.06.01_08:30:00|CORE|BUY|EVIDENCE=1321,1322,1323",2026.06.01 08:30:55,2026.06.01 08:33:25,150.0,4521.36,4516.06,0.0,true,ENTER_NOW,TREND_UP,TREND_UP,False,,TRANSITION_NEUTRAL,False,LOCATION_RESET_PENDING,,EXHAUSTION_RESET_CONFIRMED,,TIMING_WAIT_CONFIRMATION,,HTF_TRANSITIONING,,STRUCTURE_SUPPORTS,,PRESSURE_TRANSITIONING,,LOCATION_RESET_PENDING,PRESSURE_TRANSITIONING,81%,ALLOW,NEUTRAL,25,15,40,UNKNOWN,UNCONFIRMED,GOOD_TIMING_NEAR_SIGNAL_PRICE,EXACT_JOURNAL
CAMP-33,"109812316|XAUUSD|20250401|M30_THREE_M10|2026.06.01_19:00:00|CORE|BUY|EVIDENCE=1384,1385,1386",2026.06.01 19:00:00,2026.06.01 19:03:00,180.0,4474.37,4474.61,0.008,true,ENTER_NOW,TREND_DN,TREND_DN,False,TRANSITION_NEUTRAL,OPPOSITE_DIRECTION_FORMING,True,LOCATION_RESET_PENDING,,EXHAUSTION_RESET_CONFIRMED,,TIMING_WAIT_CONFIRMATION,,HTF_TRANSITIONING,,STRUCTURE_OPPOSES,,PRESSURE_TRANSITIONING,,LOCATION_RESET_PENDING,PRESSURE_TRANSITIONING,99%,ALLOW,NEUTRAL,80,60,20,UNKNOWN,ACCEPTED,GOOD_TIMING_NEAR_SIGNAL_PRICE,EXACT_JOURNAL
CAMP-34,"109812316|XAUUSD|20250401|M30_THREE_M10|2026.06.01_21:00:00|CORE|BUY|EVIDENCE=1396,1397,1398",2026.06.01 21:00:30,2026.06.01 21:03:30,180.0,4487.96,4486.92,0.0,true,ENTER_NOW,TREND_DN,TREND_DN,False,,OPPOSITE_DIRECTION_FORMING,False,LOCATION_RESET_PENDING,LOCATION_RESET_PENDING,EXHAUSTION_RESET_CONFIRMED,EXHAUSTION_RESET_CONFIRMED,TIMING_WAIT_PULLBACK,TIMING_WAIT_PULLBACK,HTF_NEUTRAL,HTF_NEUTRAL,STRUCTURE_OPPOSES,STRUCTURE_OPPOSES,BUY_PRESSURE_STRONG,BUY_PRESSURE_STRONG,LOCATION_RESET_PENDING,BUY_PRESSURE_STRONG,69%,ALLOW,NEUTRAL,25,15,60,UNKNOWN,UNCONFIRMED,GOOD_TIMING_NEAR_SIGNAL_PRICE,EXACT_JOURNAL
CAMP-35,"109812316|XAUUSD|20250401|M30_THREE_M10|2026.06.02_05:00:00|CORE|SELL|EVIDENCE=1432,1433,1434",2026.06.02 05:00:00,2026.06.02 05:03:00,180.0,4474.18,4478.37,0.0,true,ENTER_NOW,BRKT_DN,BRKT_DN,False,TRANSITION_NEUTRAL,,False,LOCATION_RESET_PENDING,LOCATION_RESET_PENDING,EXHAUSTION_MODERATE,EXHAUSTION_MODERATE,TIMING_WAIT_CONFIRMATION,TIMING_WAIT_CONFIRMATION,HTF_TRANSITIONING,HTF_TRANSITIONING,STRUCTURE_SUPPORTS,STRUCTURE_SUPPORTS,PRESSURE_TRANSITIONING,PRESSURE_TRANSITIONING,LOCATION_RESET_PENDING,PRESSURE_TRANSITIONING,56%,ALLOW,NEUTRAL,80,75,0,UNKNOWN,ACCEPTED,GOOD_TIMING_NEAR_SIGNAL_PRICE,EXACT_JOURNAL
CAMP-36,"109812316|XAUUSD|20250401|M30_THREE_M10|2026.06.02_12:00:00|CORE|SELL|EVIDENCE=1474,1475,1476",2026.06.02 12:00:00,2026.06.02 12:03:00,180.0,4526.7,4527.15,0.0,true,ENTER_NOW,TREND_UP,TREND_UP,False,TRANSITION_NEUTRAL,OPPOSITE_DIRECTION_FORMING,True,LOCATION_RESET_PENDING,,EXHAUSTION_RESET_CONFIRMED,,TIMING_WAIT_PULLBACK,,HTF_TRANSITIONING,,STRUCTURE_OPPOSES,,PRESSURE_TRANSITIONING,,LOCATION_RESET_PENDING,PRESSURE_TRANSITIONING,100%,ALLOW,NEUTRAL,25,75,40,UNKNOWN,UNCONFIRMED,GOOD_TIMING_NEAR_SIGNAL_PRICE,EXACT_JOURNAL
CAMP-37,"109812316|XAUUSD|20250401|M30_THREE_M10|2026.06.02_22:30:00|CORE|BUY|EVIDENCE=1537,1538,1539",2026.06.02 22:30:00,2026.06.02 22:33:00,180.0,4489.76,4488.11,0.0,true,ENTER_NOW,TREND_DN,TREND_DN,False,TREND_MATURE,TREND_MATURE,False,LOCATION_EXCELLENT,,EXHAUSTION_HIGH,,TIMING_WAIT_RECLAIM,,HTF_NEUTRAL,,STRUCTURE_SUPPORTS,,BUY_PRESSURE_STRONG,,LOCATION_EXCELLENT,BUY_PRESSURE_STRONG,69%,ALLOW,NEUTRAL,25,45,40,UNKNOWN,UNCONFIRMED,GOOD_TIMING_NEAR_SIGNAL_PRICE,EXACT_JOURNAL
CAMP-38,"109812316|XAUUSD|20250401|M30_THREE_M10|2026.06.03_01:30:00|CORE|BUY|EVIDENCE=1543,1544,1545",2026.06.03 01:30:00,2026.06.03 01:33:00,180.0,4490.26,4491.17,0.061,true,ENTER_NOW,TREND_DN,TREND_DN,False,OPPOSITE_DIRECTION_FORMING,OPPOSITE_DIRECTION_FORMING,False,LOCATION_RESET_PENDING,,EXHAUSTION_RESET_CONFIRMED,,TIMING_WAIT_CONFIRMATION,,HTF_TRANSITIONING,,STRUCTURE_SUPPORTS,,PRESSURE_TRANSITIONING,,LOCATION_RESET_PENDING,PRESSURE_TRANSITIONING,73%,ALLOW,NEUTRAL,25,30,20,UNKNOWN,UNCONFIRMED,MODERATE_DRIFT_DURING_TIMER,EXACT_JOURNAL
CAMP-39,"109812316|XAUUSD|20250401|M30_THREE_M10|2026.06.03_03:00:00|CORE|BUY|EVIDENCE=1552,1553,1554",2026.06.03 03:00:30,2026.06.03 03:03:30,180.0,4476.54,4478.91,0.112,true,ENTER_NOW,TREND_DN,TREND_DN,False,,OPPOSITE_DIRECTION_FORMING,False,LOCATION_RESET_PENDING,,EXHAUSTION_RESET_CONFIRMED,,TIMING_WAIT_CONFIRMATION,,HTF_NEUTRAL,,STRUCTURE_SUPPORTS,,BUY_PRESSURE_STRONG,,LOCATION_RESET_PENDING,BUY_PRESSURE_STRONG,85%,ALLOW,NEUTRAL,25,30,60,UNKNOWN,UNCONFIRMED,MODERATE_DRIFT_DURING_TIMER,EXACT_JOURNAL
CAMP-40,"109812316|XAUUSD|20250401|M30_THREE_M10|2026.06.03_05:00:00|CORE|BUY|EVIDENCE=1564,1565,1566",2026.06.03 05:00:30,2026.06.03 05:03:30,180.0,4474.42,4474.11,0.0,true,ENTER_NOW,TREND_DN,TREND_DN,False,,OPPOSITE_DIRECTION_CONFIRMED,False,LOCATION_RESET_PENDING,LOCATION_RESET_PENDING,EXHAUSTION_RESET_CONFIRMED,EXHAUSTION_RESET_CONFIRMED,TIMING_WAIT_CONFIRMATION,TIMING_WAIT_CONFIRMATION,HTF_NEUTRAL,HTF_NEUTRAL,STRUCTURE_SUPPORTS,STRUCTURE_SUPPORTS,BUY_PRESSURE_STRONG,BUY_PRESSURE_STRONG,LOCATION_RESET_PENDING,BUY_PRESSURE_STRONG,93%,ALLOW,NEUTRAL,25,60,40,UNKNOWN,UNCONFIRMED,GOOD_TIMING_NEAR_SIGNAL_PRICE,EXACT_JOURNAL
CAMP-41,"109812316|XAUUSD|20250401|M30_THREE_M10|2026.06.03_05:30:00|CORE|BUY|EVIDENCE=1567,1568,1569",2026.06.03 05:30:30,2026.06.03 05:33:30,180.0,4478.0,4476.86,0.0,true,ENTER_NOW,TREND_DN,TREND_DN,False,,OPPOSITE_DIRECTION_FORMING,False,LOCATION_RESET_PENDING,,EXHAUSTION_RESET_CONFIRMED,,TIMING_WAIT_PULLBACK,,HTF_NEUTRAL,,STRUCTURE_SUPPORTS,,BUY_PRESSURE_STRONG,,LOCATION_RESET_PENDING,BUY_PRESSURE_STRONG,95%,ALLOW,NEUTRAL,25,30,40,UNKNOWN,UNCONFIRMED,GOOD_TIMING_NEAR_SIGNAL_PRICE,EXACT_JOURNAL
CAMP-42,"109812316|XAUUSD|20250401|M30_THREE_M10|2026.06.04_04:00:00|CORE|SELL|EVIDENCE=1690,1691,1692",2026.06.04 04:00:30,2026.06.04 04:03:30,180.0,4445.52,4454.88,0.0,true,ENTER_NOW,TREND_DN,TREND_DN,False,,,False,LOCATION_EXCELLENT,LOCATION_EXCELLENT,EXHAUSTION_HIGH,EXHAUSTION_HIGH,TIMING_WAIT_PULLBACK,TIMING_WAIT_PULLBACK,HTF_ALIGNED,HTF_ALIGNED,STRUCTURE_STRONGLY_SUPPORTS,STRUCTURE_STRONGLY_SUPPORTS,SELL_PRESSURE_MODERATE,SELL_PRESSURE_MODERATE,LOCATION_EXCELLENT,SELL_PRESSURE_MODERATE,65%,ALLOW,ALIGNED,25,30,0,UNKNOWN,UNCONFIRMED,GOOD_TIMING_NEAR_SIGNAL_PRICE,EXACT_JOURNAL
CAMP-43,"109812316|XAUUSD|20250401|M30_THREE_M10|2026.06.04_17:30:00|CORE|SELL|EVIDENCE=1771,1772,1773",2026.06.04 17:30:30,2026.06.04 17:33:00,150.0,4484.24,4482.68,0.059,true,ENTER_NOW,TREND_UP,TREND_UP,False,,OPPOSITE_DIRECTION_FORMING,False,LOCATION_RESET_PENDING,,EXHAUSTION_RESET_CONFIRMED,,TIMING_WAIT_CONFIRMATION,,HTF_TRANSITIONING,,STRUCTURE_OPPOSES,,PRESSURE_TRANSITIONING,,LOCATION_RESET_PENDING,PRESSURE_TRANSITIONING,88%,ALLOW,ALIGNED,80,45,20,UNKNOWN,ACCEPTED,MODERATE_DRIFT_DURING_TIMER,EXACT_JOURNAL
CAMP-44,"109812316|XAUUSD|20250401|M30_THREE_M10|2026.06.04_19:30:00|CORE|BUY|EVIDENCE=1783,1784,1785",2026.06.04 19:30:30,2026.06.04 19:33:30,180.0,4483.59,4480.7,0.0,true,ENTER_NOW,TREND_UP,TREND_UP,False,,,False,LOCATION_GOOD,LOCATION_GOOD,EXHAUSTION_MODERATE,EXHAUSTION_MODERATE,TIMING_READY,TIMING_READY,HTF_CONFLICT,HTF_CONFLICT,STRUCTURE_SUPPORTS,STRUCTURE_SUPPORTS,BUY_PRESSURE_STRONG,BUY_PRESSURE_STRONG,LOCATION_GOOD,BUY_PRESSURE_STRONG,53%,ALLOW,OPPOSED,80,60,0,UNKNOWN,ACCEPTED,GOOD_TIMING_NEAR_SIGNAL_PRICE,EXACT_JOURNAL
CAMP-45,"109812316|XAUUSD|20250401|M30_THREE_M10|2026.06.05_15:30:00|CORE|SELL|EVIDENCE=1891,1892,1893",2026.06.05 15:30:11,2026.06.05 15:32:41,150.0,4451.2,4452.74,0.0,true,ENTER_NOW,TREND_DN,TREND_DN,False,,TRANSITION_NEUTRAL,False,LOCATION_RESET_PENDING,,EXHAUSTION_RESET_CONFIRMED,,TIMING_WAIT_PULLBACK,,HTF_TRANSITIONING,,STRUCTURE_SUPPORTS,,PRESSURE_TRANSITIONING,,LOCATION_RESET_PENDING,PRESSURE_TRANSITIONING,86%,ALLOW,ALIGNED,80,45,0,UNKNOWN,ACCEPTED,GOOD_TIMING_NEAR_SIGNAL_PRICE,EXACT_JOURNAL
CAMP-46,"109812316|XAUUSD|20250401|M30_THREE_M10|2026.06.08_17:30:00|CORE|SELL|EVIDENCE=2017,2018,2019",2026.06.08 17:30:30,2026.06.08 17:33:00,150.0,4321.15,4323.1,0.0,true,ENTER_NOW,TREND_DN,TREND_DN,False,,,False,LOCATION_LATE,,EXHAUSTION_RESET_CONFIRMED,,TIMING_WAIT_CONFIRMATION,,HTF_TRANSITIONING,,STRUCTURE_SUPPORTS,,PRESSURE_TRANSITIONING,,LOCATION_LATE,PRESSURE_TRANSITIONING,67%,ALLOW,ALIGNED,80,45,0,UNKNOWN,ACCEPTED,GOOD_TIMING_NEAR_SIGNAL_PRICE,EXACT_JOURNAL
CAMP-47,"109812316|XAUUSD|20250401|M30_THREE_M10|2026.06.09_07:30:00|CORE|SELL|EVIDENCE=2089,2090,2091",2026.06.09 07:30:00,2026.06.09 07:33:00,180.0,4330.45,4326.33,0.217,true,ENTER_NOW,TREND_DN,TREND_DN,False,TREND_HEALTHY,,False,LOCATION_LATE,,EXHAUSTION_MODERATE,,TIMING_WAIT_PULLBACK,,HTF_ALIGNED,,STRUCTURE_SUPPORTS,,SELL_PRESSURE_MODERATE,,LOCATION_LATE,SELL_PRESSURE_MODERATE,58%,ALLOW,ALIGNED,25,30,40,UNKNOWN,UNCONFIRMED,LATE_ENTRY_CHASED_DURING_TIMER,EXACT_JOURNAL
CAMP-48,"109812316|XAUUSD|20250401|M30_THREE_M10|2026.06.09_10:00:00|CORE|SELL|EVIDENCE=2104,2105,2106",2026.06.09 10:00:30,2026.06.09 10:03:30,180.0,4332.05,4333.14,0.0,true,ENTER_NOW,TREND_DN,TREND_DN,False,,TREND_HEALTHY,False,LOCATION_RESET_PENDING,LOCATION_RESET_PENDING,EXHAUSTION_MODERATE,EXHAUSTION_MODERATE,TIMING_WAIT_PULLBACK,TIMING_WAIT_PULLBACK,HTF_TRANSITIONING,HTF_TRANSITIONING,STRUCTURE_STRONGLY_SUPPORTS,STRUCTURE_STRONGLY_SUPPORTS,PRESSURE_TRANSITIONING,PRESSURE_TRANSITIONING,LOCATION_RESET_PENDING,PRESSURE_TRANSITIONING,49%,ALLOW,ALIGNED,80,105,0,UNKNOWN,ACCEPTED,GOOD_TIMING_NEAR_SIGNAL_PRICE,EXACT_JOURNAL
CAMP-49,"109812316|XAUUSD|20250401|M30_THREE_M10|2026.06.09_10:30:00|CORE|SELL|EVIDENCE=2107,2108,2109",2026.06.09 10:30:30,2026.06.09 10:33:30,180.0,4329.58,4326.29,0.158,true,ENTER_NOW,TREND_DN,TREND_DN,False,,TRANSITION_NEUTRAL,False,LOCATION_RESET_PENDING,,EXHAUSTION_HIGH,,TIMING_WAIT_PULLBACK,,HTF_ALIGNED,,STRUCTURE_STRONGLY_SUPPORTS,,SELL_PRESSURE_STRONG,,LOCATION_RESET_PENDING,SELL_PRESSURE_STRONG,78%,ALLOW,ALIGNED,25,15,40,UNKNOWN,UNCONFIRMED,LATE_ENTRY_CHASED_DURING_TIMER,EXACT_JOURNAL
CAMP-50,"109812316|XAUUSD|20250401|M30_THREE_M10|2026.06.09_16:30:00|CORE|SELL|EVIDENCE=2143,2144,2145",2026.06.09 16:30:30,2026.06.09 16:33:00,150.0,4329.9,4330.92,0.0,true,ENTER_NOW,TREND_DN,TREND_DN,False,,TREND_MATURE,False,LOCATION_RESET_CONFIRMED,LOCATION_RESET_CONFIRMED,EXHAUSTION_MODERATE,EXHAUSTION_MODERATE,TIMING_WAIT_PULLBACK,TIMING_WAIT_PULLBACK,HTF_ALIGNED,HTF_ALIGNED,STRUCTURE_SUPPORTS,STRUCTURE_SUPPORTS,SELL_PRESSURE_MODERATE,SELL_PRESSURE_MODERATE,LOCATION_RESET_CONFIRMED,SELL_PRESSURE_MODERATE,58%,ALLOW,ALIGNED,80,90,0,UNKNOWN,ACCEPTED,GOOD_TIMING_NEAR_SIGNAL_PRICE,EXACT_JOURNAL
CAMP-51,"109812316|XAUUSD|20250401|M30_THREE_M10|2026.06.11_09:00:00|CORE|SELL|EVIDENCE=2362,2363,2364",2026.06.11 09:00:30,2026.06.11 09:03:30,180.0,4094.41,4089.17,0.19,true,ENTER_NOW,TREND_DN,TREND_DN,False,,,False,LOCATION_EXTREME,,EXHAUSTION_MODERATE,,TIMING_WAIT_PULLBACK,,HTF_ALIGNED,,STRUCTURE_SUPPORTS,,PRESSURE_BALANCED,,LOCATION_EXTREME,PRESSURE_BALANCED,60%,ALLOW,ALIGNED,80,75,0,UNKNOWN,ACCEPTED,LATE_ENTRY_CHASED_DURING_TIMER,EXACT_JOURNAL
CAMP-52,"109812316|XAUUSD|20250401|M30_THREE_M10|2026.06.11_09:30:00|CORE|SELL|EVIDENCE=2365,2366,2367",2026.06.11 09:30:00,2026.06.11 09:33:00,180.0,4086.66,4087.19,0.0,true,ENTER_NOW,TREND_DN,TREND_DN,False,TREND_MATURE,,False,LOCATION_LATE,,EXHAUSTION_HIGH,,TIMING_READY,,HTF_ALIGNED,,STRUCTURE_SUPPORTS,,PRESSURE_BALANCED,,LOCATION_LATE,PRESSURE_BALANCED,68%,ALLOW,ALIGNED,25,15,40,UNKNOWN,UNCONFIRMED,GOOD_TIMING_NEAR_SIGNAL_PRICE,EXACT_JOURNAL
CAMP-53,"109812316|XAUUSD|20250401|M30_THREE_M10|2026.06.11_12:00:00|CORE|SELL|EVIDENCE=2380,2381,2382",2026.06.11 12:00:00,2026.06.11 12:03:00,180.0,4084.54,4086.64,0.0,true,ENTER_NOW,TREND_DN,TREND_DN,False,TREND_MATURE,OPPOSITE_DIRECTION_FORMING,True,LOCATION_LATE,,EXHAUSTION_RESET_CONFIRMED,,TIMING_WAIT_PULLBACK,,HTF_ALIGNED,,STRUCTURE_SUPPORTS,,SELL_PRESSURE_STRONG,,LOCATION_LATE,SELL_PRESSURE_STRONG,73%,ALLOW,ALIGNED,80,90,0,UNKNOWN,ACCEPTED,GOOD_TIMING_NEAR_SIGNAL_PRICE,EXACT_JOURNAL
CAMP-54,"109812316|XAUUSD|20250401|M30_THREE_M10|2026.06.12_04:30:00|CORE|SELL|EVIDENCE=2467,2468,2469",2026.06.12 04:30:00,2026.06.12 04:33:00,180.0,4180.89,4181.14,0.0,true,ENTER_NOW,BRKT_DN,BRKT_DN,False,OPPOSITE_DIRECTION_FORMING,OPPOSITE_DIRECTION_FORMING,False,LOCATION_RESET_PENDING,,EXHAUSTION_RESET_CONFIRMED,,TIMING_WAIT_PULLBACK,,HTF_TRANSITIONING,,STRUCTURE_OPPOSES,,PRESSURE_TRANSITIONING,,LOCATION_RESET_PENDING,PRESSURE_TRANSITIONING,95%,ALLOW,ALIGNED,80,90,20,UNKNOWN,ACCEPTED,GOOD_TIMING_NEAR_SIGNAL_PRICE,EXACT_JOURNAL
CAMP-55,"109812316|XAUUSD|20250401|M30_THREE_M10|2026.06.12_11:30:00|CORE|BUY|EVIDENCE=2509,2510,2511",2026.06.12 11:30:30,2026.06.12 11:33:00,150.0,4213.9,4218.53,0.157,true,ENTER_NOW,BRKT_UP,BRKT_UP,False,,,False,LOCATION_RESET_PENDING,,EXHAUSTION_HIGH,,TIMING_WAIT_PULLBACK,,HTF_TRANSITIONING,,STRUCTURE_SUPPORTS,,PRESSURE_TRANSITIONING,,LOCATION_RESET_PENDING,PRESSURE_TRANSITIONING,69%,ALLOW,OPPOSED,25,15,40,UNKNOWN,UNCONFIRMED,LATE_ENTRY_CHASED_DURING_TIMER,EXACT_JOURNAL
CAMP-56,"109812316|XAUUSD|20250401|M30_THREE_M10|2026.06.15_09:00:00|CORE|SELL|EVIDENCE=2608,2609,2610",2026.06.15 09:00:30,2026.06.15 09:03:00,150.0,4310.41,4311.86,0.0,true,ENTER_NOW,BRKT_DN,BRKT_DN,False,,OPPOSITE_DIRECTION_FORMING,False,LOCATION_RESET_PENDING,,EXHAUSTION_RESET_CONFIRMED,,TIMING_WAIT_PULLBACK,,HTF_TRANSITIONING,,STRUCTURE_OPPOSES,,PRESSURE_TRANSITIONING,,LOCATION_RESET_PENDING,PRESSURE_TRANSITIONING,100%,ALLOW,NEUTRAL,80,60,20,UNKNOWN,ACCEPTED,GOOD_TIMING_NEAR_SIGNAL_PRICE,EXACT_JOURNAL
CAMP-57,"109812316|XAUUSD|20250401|M30_THREE_M10|2026.06.15_09:30:00|CORE|SELL|EVIDENCE=2611,2612,2613",2026.06.15 09:30:30,2026.06.15 09:33:30,180.0,4305.02,4306.08,0.0,true,ENTER_NOW,TREND_UP,TREND_UP,False,,OPPOSITE_DIRECTION_FORMING,False,LOCATION_LATE,,EXHAUSTION_RESET_CONFIRMED,,TIMING_WAIT_PULLBACK,,HTF_NEUTRAL,,STRUCTURE_OPPOSES,,SELL_PRESSURE_STRONG,,LOCATION_LATE,SELL_PRESSURE_STRONG,77%,ALLOW,NEUTRAL,25,15,60,UNKNOWN,UNCONFIRMED,GOOD_TIMING_NEAR_SIGNAL_PRICE,EXACT_JOURNAL
CAMP-58,"109812316|XAUUSD|20250401|M30_THREE_M10|2026.06.15_15:00:00|CORE|SELL|EVIDENCE=2644,2645,2646",2026.06.15 15:00:30,2026.06.15 15:03:30,180.0,4336.31,4337.15,0.0,true,ENTER_NOW,TREND_UP,TREND_UP,False,,TREND_EXHAUSTING,False,LOCATION_LATE,LOCATION_LATE,EXHAUSTION_RESET_CONFIRMED,EXHAUSTION_RESET_CONFIRMED,TIMING_WAIT_CONFIRMATION,TIMING_WAIT_CONFIRMATION,HTF_NEUTRAL,HTF_NEUTRAL,STRUCTURE_OPPOSES,STRUCTURE_OPPOSES,SELL_PRESSURE_STRONG,SELL_PRESSURE_STRONG,LOCATION_LATE,SELL_PRESSURE_STRONG,94%,ALLOW,NEUTRAL,25,30,60,UNKNOWN,UNCONFIRMED,GOOD_TIMING_NEAR_SIGNAL_PRICE,EXACT_JOURNAL
CAMP-59,"109812316|XAUUSD|20250401|M30_THREE_M10|2026.06.15_19:30:00|CORE|SELL|EVIDENCE=2671,2672,2673",2026.06.15 19:30:30,2026.06.15 19:33:00,150.0,4342.43,4339.2,0.137,true,ENTER_NOW,TREND_UP,TREND_UP,False,,OPPOSITE_DIRECTION_FORMING,False,LOCATION_EXTREME,,EXHAUSTION_RESET_CONFIRMED,,TIMING_READY,,HTF_NEUTRAL,,STRUCTURE_OPPOSES,,SELL_PRESSURE_STRONG,,LOCATION_EXTREME,SELL_PRESSURE_STRONG,100%,ALLOW,NEUTRAL,80,60,20,UNKNOWN,ACCEPTED,MODERATE_DRIFT_DURING_TIMER,EXACT_JOURNAL
CAMP-60,"109812316|XAUUSD|20250401|M30_THREE_M10|2026.06.16_01:30:00|CORE|BUY|EVIDENCE=2695,2696,2697",2026.06.16 01:30:00,2026.06.16 01:33:00,180.0,4308.73,4309.34,0.037,true,ENTER_NOW,TREND_UP,TREND_UP,False,TRANSITION_NEUTRAL,TRANSITION_NEUTRAL,False,LOCATION_RESET_PENDING,LOCATION_RESET_PENDING,EXHAUSTION_HIGH,EXHAUSTION_HIGH,TIMING_WAIT_PULLBACK,TIMING_WAIT_PULLBACK,HTF_TRANSITIONING,HTF_TRANSITIONING,STRUCTURE_SUPPORTS,STRUCTURE_SUPPORTS,PRESSURE_TRANSITIONING,PRESSURE_TRANSITIONING,LOCATION_RESET_PENDING,PRESSURE_TRANSITIONING,71%,ALLOW,NEUTRAL,25,0,60,UNKNOWN,UNCONFIRMED,GOOD_TIMING_NEAR_SIGNAL_PRICE,EXACT_JOURNAL
CAMP-61,"109812316|XAUUSD|20250401|M30_THREE_M10|2026.06.16_02:00:00|CORE|BUY|EVIDENCE=2698,2699,2700",2026.06.16 02:00:30,2026.06.16 02:03:30,180.0,4312.89,4313.84,0.059,true,ENTER_NOW,TREND_UP,TREND_UP,False,,TRANSITION_NEUTRAL,False,LOCATION_RESET_PENDING,,EXHAUSTION_RESET_CONFIRMED,,TIMING_WAIT_CONFIRMATION,,HTF_TRANSITIONING,,STRUCTURE_SUPPORTS,,PRESSURE_TRANSITIONING,,LOCATION_RESET_PENDING,PRESSURE_TRANSITIONING,72%,ALLOW,NEUTRAL,25,15,20,UNKNOWN,UNCONFIRMED,MODERATE_DRIFT_DURING_TIMER,EXACT_JOURNAL
CAMP-62,"109812316|XAUUSD|20250401|M30_THREE_M10|2026.06.16_04:00:00|CORE|BUY|EVIDENCE=2710,2711,2712",2026.06.16 04:00:30,2026.06.16 04:03:30,180.0,4322.06,4325.1,0.205,true,ENTER_NOW,TREND_UP,TREND_UP,False,,TRANSITION_NEUTRAL,False,LOCATION_LATE,,EXHAUSTION_RESET_CONFIRMED,,TIMING_WAIT_PULLBACK,,HTF_TRANSITIONING,,STRUCTURE_SUPPORTS,,PRESSURE_TRANSITIONING,,LOCATION_LATE,PRESSURE_TRANSITIONING,81%,ALLOW,NEUTRAL,80,90,0,UNKNOWN,ACCEPTED,LATE_ENTRY_CHASED_DURING_TIMER,EXACT_JOURNAL
CAMP-63,"109812316|XAUUSD|20250401|M30_THREE_M10|2026.06.16_07:00:00|CORE|BUY|EVIDENCE=2728,2729,2730",2026.06.16 07:00:30,2026.06.16 07:03:00,150.0,4331.95,4330.32,0.0,true,ENTER_NOW,BRKT_UP,BRKT_UP,False,,TREND_MATURE,False,LOCATION_EXTREME,LOCATION_EXTREME,EXHAUSTION_MODERATE,EXHAUSTION_MODERATE,TIMING_WAIT_PULLBACK,TIMING_WAIT_PULLBACK,HTF_NEUTRAL,HTF_NEUTRAL,STRUCTURE_STRONGLY_SUPPORTS,STRUCTURE_STRONGLY_SUPPORTS,BUY_PRESSURE_MODERATE,BUY_PRESSURE_MODERATE,LOCATION_EXTREME,BUY_PRESSURE_MODERATE,47%,ALLOW,NEUTRAL,25,15,40,UNKNOWN,UNCONFIRMED,GOOD_TIMING_NEAR_SIGNAL_PRICE,EXACT_JOURNAL
CAMP-64,"109812316|XAUUSD|20250401|M30_THREE_M10|2026.06.16_11:30:00|CORE|BUY|EVIDENCE=2755,2756,2757",2026.06.16 11:30:30,2026.06.16 11:33:00,150.0,4341.33,4342.64,0.081,true,ENTER_NOW,TREND_UP,TREND_UP,False,,,False,LOCATION_ACCEPTABLE,LOCATION_ACCEPTABLE,EXHAUSTION_MODERATE,EXHAUSTION_MODERATE,TIMING_READY,TIMING_READY,HTF_NEUTRAL,HTF_NEUTRAL,STRUCTURE_SUPPORTS,STRUCTURE_SUPPORTS,BUY_PRESSURE_STRONG,BUY_PRESSURE_STRONG,LOCATION_ACCEPTABLE,BUY_PRESSURE_STRONG,51%,ALLOW,NEUTRAL,80,60,0,UNKNOWN,ACCEPTED,MODERATE_DRIFT_DURING_TIMER,EXACT_JOURNAL
CAMP-65,"109812316|XAUUSD|20250401|M30_THREE_M10|2026.06.16_17:00:00|CORE|SELL|EVIDENCE=2788,2789,2790",2026.06.16 17:00:30,2026.06.16 17:03:00,150.0,4335.26,4335.39,0.0,true,ENTER_NOW,TREND_UP,TREND_UP,False,,OPPOSITE_DIRECTION_FORMING,False,LOCATION_RESET_PENDING,,EXHAUSTION_RESET_CONFIRMED,,TIMING_WAIT_PULLBACK,,HTF_TRANSITIONING,,STRUCTURE_OPPOSES,,PRESSURE_TRANSITIONING,,LOCATION_RESET_PENDING,PRESSURE_TRANSITIONING,66%,ALLOW,NEUTRAL,80,75,20,UNKNOWN,ACCEPTED,GOOD_TIMING_NEAR_SIGNAL_PRICE,EXACT_JOURNAL
CAMP-66,"109812316|XAUUSD|20250401|M30_THREE_M10|2026.06.16_19:00:00|CORE|BUY|EVIDENCE=2800,2801,2802",2026.06.16 19:00:00,2026.06.16 19:03:00,180.0,4335.3,4337.71,0.099,true,ENTER_NOW,TREND_UP,TREND_UP,False,TRANSITION_NEUTRAL,TREND_MATURE,True,LOCATION_RESET_PENDING,LOCATION_RESET_PENDING,EXHAUSTION_MODERATE,EXHAUSTION_MODERATE,TIMING_WAIT_PULLBACK,TIMING_WAIT_PULLBACK,HTF_TRANSITIONING,HTF_TRANSITIONING,STRUCTURE_SUPPORTS,STRUCTURE_SUPPORTS,PRESSURE_TRANSITIONING,PRESSURE_TRANSITIONING,LOCATION_RESET_PENDING,PRESSURE_TRANSITIONING,47%,ALLOW,NEUTRAL,80,105,0,UNKNOWN,ACCEPTED,MODERATE_DRIFT_DURING_TIMER,EXACT_JOURNAL
CAMP-67,"109812316|XAUUSD|20250401|M30_THREE_M10|2026.06.16_19:30:00|CORE|BUY|EVIDENCE=2803,2804,2805",2026.06.16 19:30:30,2026.06.16 19:33:30,180.0,4343.76,4342.42,0.0,true,ENTER_NOW,TREND_UP,TREND_UP,False,,TREND_MATURE,False,LOCATION_LATE,LOCATION_LATE,EXHAUSTION_MODERATE,EXHAUSTION_MODERATE,TIMING_WAIT_PULLBACK,TIMING_WAIT_PULLBACK,HTF_NEUTRAL,HTF_NEUTRAL,STRUCTURE_SUPPORTS,STRUCTURE_SUPPORTS,BUY_PRESSURE_STRONG,BUY_PRESSURE_STRONG,LOCATION_LATE,BUY_PRESSURE_STRONG,51%,ALLOW,NEUTRAL,25,15,40,UNKNOWN,UNCONFIRMED,GOOD_TIMING_NEAR_SIGNAL_PRICE,EXACT_JOURNAL
CAMP-68,"109812316|XAUUSD|20250401|M30_THREE_M10|2026.06.17_10:00:00|CORE|BUY|EVIDENCE=2878,2879,2880",2026.06.17 10:00:30,2026.06.17 10:03:30,180.0,4331.07,4331.87,0.051,true,ENTER_NOW,TREND_UP,TREND_UP,False,,TRANSITION_NEUTRAL,False,LOCATION_RESET_PENDING,,EXHAUSTION_RESET_CONFIRMED,,TIMING_WAIT_PULLBACK,,HTF_TRANSITIONING,,STRUCTURE_SUPPORTS,,PRESSURE_TRANSITIONING,,LOCATION_RESET_PENDING,PRESSURE_TRANSITIONING,94%,ALLOW,NEUTRAL,80,75,0,UNKNOWN,ACCEPTED,MODERATE_DRIFT_DURING_TIMER,EXACT_JOURNAL
CAMP-69,"109812316|XAUUSD|20250401|M30_THREE_M10|2026.06.17_16:30:00|CORE|BUY|EVIDENCE=2917,2918,2919",2026.06.17 16:30:30,2026.06.17 16:33:30,180.0,4335.88,4336.29,0.025,true,ENTER_NOW,TREND_UP,TREND_UP,False,,TREND_MATURE,False,LOCATION_EXTREME,LOCATION_EXTREME,EXHAUSTION_HIGH,EXHAUSTION_HIGH,TIMING_WAIT_PULLBACK,TIMING_WAIT_PULLBACK,HTF_ALIGNED,HTF_ALIGNED,STRUCTURE_SUPPORTS,STRUCTURE_SUPPORTS,BUY_PRESSURE_STRONG,BUY_PRESSURE_STRONG,LOCATION_EXTREME,BUY_PRESSURE_STRONG,64%,ALLOW,ALIGNED,80,75,0,UNKNOWN,ACCEPTED,GOOD_TIMING_NEAR_SIGNAL_PRICE,EXACT_JOURNAL
CAMP-70,"109812316|XAUUSD|20250401|M30_THREE_M10|2026.06.17_17:00:00|CORE|BUY|EVIDENCE=2920,2921,2922",2026.06.17 17:00:30,2026.06.17 17:03:00,150.0,4339.27,4336.76,0.0,true,ENTER_NOW,TREND_UP,TREND_UP,False,,TREND_MATURE,False,LOCATION_LATE,LOCATION_LATE,EXHAUSTION_HIGH,EXHAUSTION_HIGH,TIMING_WAIT_PULLBACK,TIMING_WAIT_PULLBACK,HTF_ALIGNED,HTF_ALIGNED,STRUCTURE_SUPPORTS,STRUCTURE_SUPPORTS,BUY_PRESSURE_STRONG,BUY_PRESSURE_STRONG,LOCATION_LATE,BUY_PRESSURE_STRONG,64%,ALLOW,ALIGNED,25,15,40,UNKNOWN,UNCONFIRMED,GOOD_TIMING_NEAR_SIGNAL_PRICE,EXACT_JOURNAL
CAMP-71,"109812316|XAUUSD|20250401|M30_THREE_M10|2026.06.17_21:30:00|CORE|BUY|EVIDENCE=2947,2948,2949",2026.06.17 21:30:23,2026.06.17 21:32:53,150.0,4289.37,4300.26,0.23,true,ENTER_NOW,BRKT_DN,BRKT_DN,False,,TRANSITION_NEUTRAL,False,LOCATION_RESET_PENDING,,EXHAUSTION_HIGH,,TIMING_WAIT_CONFIRMATION,,HTF_TRANSITIONING,,STRUCTURE_SUPPORTS,,PRESSURE_TRANSITIONING,,LOCATION_RESET_PENDING,PRESSURE_TRANSITIONING,82%,ALLOW,ALIGNED,25,30,40,UNKNOWN,UNCONFIRMED,LATE_ENTRY_CHASED_DURING_TIMER,EXACT_JOURNAL
CAMP-72,"109812316|XAUUSD|20250401|M30_THREE_M10|2026.06.18_02:30:00|CORE|BUY|EVIDENCE=2965,2966,2967",2026.06.18 02:30:30,2026.06.18 02:33:00,150.0,4280.32,4280.39,0.002,true,ENTER_NOW,TREND_DN,TREND_DN,False,,OPPOSITE_DIRECTION_FORMING,False,LOCATION_RESET_PENDING,,EXHAUSTION_RESET_CONFIRMED,,TIMING_WAIT_CONFIRMATION,,HTF_TRANSITIONING,,STRUCTURE_OPPOSES,,PRESSURE_TRANSITIONING,,LOCATION_RESET_PENDING,PRESSURE_TRANSITIONING,99%,ALLOW,NEUTRAL,25,30,60,UNKNOWN,UNCONFIRMED,GOOD_TIMING_NEAR_SIGNAL_PRICE,EXACT_JOURNAL
CAMP-73,"109812316|XAUUSD|20250401|M30_THREE_M10|2026.06.18_03:30:00|CORE|BUY|EVIDENCE=2971,2972,2973",2026.06.18 03:30:30,2026.06.18 03:33:30,180.0,4302.94,4308.54,0.212,true,ENTER_NOW,TREND_DN,TREND_DN,False,,OPPOSITE_DIRECTION_FORMING,False,LOCATION_RESET_PENDING,,EXHAUSTION_RESET_CONFIRMED,,TIMING_WAIT_PULLBACK,,HTF_TRANSITIONING,,STRUCTURE_OPPOSES,,PRESSURE_TRANSITIONING,,LOCATION_RESET_PENDING,PRESSURE_TRANSITIONING,99%,ALLOW,NEUTRAL,80,75,20,UNKNOWN,ACCEPTED,LATE_ENTRY_CHASED_DURING_TIMER,EXACT_JOURNAL
CAMP-74,"109812316|XAUUSD|20250401|M30_THREE_M10|2026.06.18_04:30:00|CORE|BUY|EVIDENCE=2977,2978,2979",2026.06.18 04:30:30,2026.06.18 04:33:30,180.0,4320.14,4319.43,0.0,true,ENTER_NOW,TREND_DN,TREND_DN,False,,OPPOSITE_DIRECTION_FORMING,False,LOCATION_RESET_PENDING,,EXHAUSTION_RESET_CONFIRMED,,TIMING_WAIT_PULLBACK,,HTF_TRANSITIONING,,STRUCTURE_OPPOSES,,PRESSURE_TRANSITIONING,,LOCATION_RESET_PENDING,PRESSURE_TRANSITIONING,99%,ALLOW,NEUTRAL,25,30,20,UNKNOWN,UNCONFIRMED,GOOD_TIMING_NEAR_SIGNAL_PRICE,EXACT_JOURNAL
CAMP-75,"109812316|XAUUSD|20250401|M30_THREE_M10|2026.06.18_09:00:00|CORE|SELL|EVIDENCE=3004,3005,3006",2026.06.18 09:00:30,2026.06.18 09:03:00,150.0,4309.18,4307.41,0.092,true,ENTER_NOW,TREND_DN,TREND_DN,False,,OPPOSITE_DIRECTION_FORMING,False,LOCATION_RESET_PENDING,,EXHAUSTION_RESET_CONFIRMED,,TIMING_WAIT_PULLBACK,,HTF_NEUTRAL,,STRUCTURE_SUPPORTS,,SELL_PRESSURE_STRONG,,LOCATION_RESET_PENDING,SELL_PRESSURE_STRONG,71%,ALLOW,NEUTRAL,25,15,40,UNKNOWN,UNCONFIRMED,MODERATE_DRIFT_DURING_TIMER,EXACT_JOURNAL
CAMP-76,"109812316|XAUUSD|20250401|M30_THREE_M10|2026.06.18_09:30:00|CORE|SELL|EVIDENCE=3007,3008,3009",2026.06.18 09:30:00,2026.06.18 09:33:00,180.0,4305.12,4303.71,0.065,true,ENTER_NOW,TREND_DN,TREND_DN,False,OPPOSITE_DIRECTION_FORMING,OPPOSITE_DIRECTION_FORMING,False,LOCATION_RESET_PENDING,,EXHAUSTION_RESET_CONFIRMED,,TIMING_WAIT_PULLBACK,,HTF_TRANSITIONING,,STRUCTURE_SUPPORTS,,PRESSURE_TRANSITIONING,,LOCATION_RESET_PENDING,PRESSURE_TRANSITIONING,71%,ALLOW,NEUTRAL,25,15,40,UNKNOWN,UNCONFIRMED,MODERATE_DRIFT_DURING_TIMER,EXACT_JOURNAL
CAMP-77,"109812316|XAUUSD|20250401|M30_THREE_M10|2026.06.18_11:30:00|CORE|SELL|EVIDENCE=3019,3020,3021",2026.06.18 11:30:30,2026.06.18 11:33:30,180.0,4284.97,4287.7,0.0,true,ENTER_NOW,TREND_DN,TREND_DN,False,,TREND_MATURE,False,LOCATION_EXTREME,LOCATION_EXTREME,EXHAUSTION_MODERATE,EXHAUSTION_MODERATE,TIMING_WAIT_PULLBACK,TIMING_WAIT_PULLBACK,HTF_NEUTRAL,HTF_NEUTRAL,STRUCTURE_SUPPORTS,STRUCTURE_SUPPORTS,SELL_PRESSURE_MODERATE,SELL_PRESSURE_MODERATE,LOCATION_EXTREME,SELL_PRESSURE_MODERATE,56%,ALLOW,NEUTRAL,80,75,0,UNKNOWN,ACCEPTED,GOOD_TIMING_NEAR_SIGNAL_PRICE,EXACT_JOURNAL
CAMP-78,"109812316|XAUUSD|20250401|M30_THREE_M10|2026.06.18_14:30:00|CORE|SELL|EVIDENCE=3037,3038,3039",2026.06.18 14:30:30,2026.06.18 14:33:30,180.0,4248.11,4247.67,0.02,true,ENTER_NOW,TREND_DN,TREND_DN,False,,TREND_MATURE,False,LOCATION_EXTREME,LOCATION_EXTREME,EXHAUSTION_MODERATE,EXHAUSTION_MODERATE,TIMING_WAIT_PULLBACK,TIMING_WAIT_PULLBACK,HTF_NEUTRAL,HTF_NEUTRAL,STRUCTURE_STRONGLY_SUPPORTS,STRUCTURE_STRONGLY_SUPPORTS,SELL_PRESSURE_STRONG,SELL_PRESSURE_STRONG,LOCATION_EXTREME,SELL_PRESSURE_STRONG,47%,ALLOW,NEUTRAL,25,15,40,UNKNOWN,UNCONFIRMED,GOOD_TIMING_NEAR_SIGNAL_PRICE,EXACT_JOURNAL
CAMP-79,"109812316|XAUUSD|20250401|M30_THREE_M10|2026.06.19_14:00:00|CORE|SELL|EVIDENCE=3166,3167,3168",2026.06.19 14:00:30,2026.06.19 14:03:30,180.0,4148.99,4148.28,0.045,true,ENTER_NOW,TREND_DN,TREND_DN,False,,,False,LOCATION_LATE,LOCATION_LATE,EXHAUSTION_HIGH,EXHAUSTION_HIGH,TIMING_READY,TIMING_READY,HTF_ALIGNED,HTF_ALIGNED,STRUCTURE_SUPPORTS,STRUCTURE_SUPPORTS,SELL_PRESSURE_STRONG,SELL_PRESSURE_STRONG,LOCATION_LATE,SELL_PRESSURE_STRONG,60%,ALLOW,ALIGNED,80,60,0,UNKNOWN,ACCEPTED,GOOD_TIMING_NEAR_SIGNAL_PRICE,EXACT_JOURNAL
CAMP-80,"109812316|XAUUSD|20250401|M30_THREE_M10|2026.06.19_18:30:00|CORE|BUY|EVIDENCE=3193,3194,3195",2026.06.19 18:30:00,2026.06.19 18:33:00,180.0,4151.5,4152.05,0.025,true,ENTER_NOW,TREND_DN,TREND_DN,False,TRANSITION_NEUTRAL,TRANSITION_NEUTRAL,False,LOCATION_RESET_PENDING,,EXHAUSTION_RESET_CONFIRMED,,TIMING_WAIT_CONFIRMATION,,HTF_TRANSITIONING,,STRUCTURE_STRONGLY_SUPPORTS,,PRESSURE_TRANSITIONING,,LOCATION_RESET_PENDING,PRESSURE_TRANSITIONING,79%,ALLOW,OPPOSED,25,30,60,UNKNOWN,UNCONFIRMED,GOOD_TIMING_NEAR_SIGNAL_PRICE,EXACT_JOURNAL
CAMP-81,"109812316|XAUUSD|20250401|M30_THREE_M10|2026.06.22_03:30:00|CORE|BUY|EVIDENCE=3217,3218,3219",2026.06.22 03:30:30,2026.06.22 03:33:30,180.0,4168.13,4167.38,0.0,true,ENTER_NOW,TREND_DN,TREND_DN,False,,TREND_MATURE,False,LOCATION_LATE,LOCATION_LATE,EXHAUSTION_MODERATE,EXHAUSTION_MODERATE,TIMING_WAIT_PULLBACK,TIMING_WAIT_PULLBACK,HTF_CONFLICT,HTF_CONFLICT,STRUCTURE_SUPPORTS,STRUCTURE_SUPPORTS,BUY_PRESSURE_MODERATE,BUY_PRESSURE_MODERATE,LOCATION_LATE,BUY_PRESSURE_MODERATE,45%,ALLOW,OPPOSED,80,45,20,UNKNOWN,ACCEPTED,GOOD_TIMING_NEAR_SIGNAL_PRICE,EXACT_JOURNAL
CAMP-82,"109812316|XAUUSD|20250401|M30_THREE_M10|2026.06.22_04:00:00|CORE|BUY|EVIDENCE=3220,3221,3222",2026.06.22 04:00:17,2026.06.22 04:02:47,150.0,4219.26,4207.11,0.0,true,ENTER_NOW,BRKT_UP,BRKT_UP,False,,TREND_MATURE,False,LOCATION_EXTREME,LOCATION_EXTREME,EXHAUSTION_MODERATE,EXHAUSTION_MODERATE,TIMING_WAIT_PULLBACK,TIMING_WAIT_PULLBACK,HTF_CONFLICT,HTF_CONFLICT,STRUCTURE_SUPPORTS,STRUCTURE_SUPPORTS,BUY_PRESSURE_STRONG,BUY_PRESSURE_STRONG,LOCATION_EXTREME,BUY_PRESSURE_STRONG,42%,ALLOW,OPPOSED,80,90,20,UNKNOWN,ACCEPTED,GOOD_TIMING_NEAR_SIGNAL_PRICE,EXACT_JOURNAL
CAMP-83,"109812316|XAUUSD|20250401|M30_THREE_M10|2026.06.23_20:00:00|CORE|SELL|EVIDENCE=3448,3449,3450",2026.06.23 20:00:30,2026.06.23 20:03:00,150.0,4133.11,4132.59,0.025,true,ENTER_NOW,TREND_DN,TREND_DN,False,,TRANSITION_NEUTRAL,False,LOCATION_LATE,,EXHAUSTION_RESET_CONFIRMED,,TIMING_WAIT_RECLAIM,,HTF_TRANSITIONING,,STRUCTURE_SUPPORTS,,PRESSURE_TRANSITIONING,,LOCATION_LATE,PRESSURE_TRANSITIONING,73%,ALLOW,ALIGNED,80,75,0,UNKNOWN,ACCEPTED,GOOD_TIMING_NEAR_SIGNAL_PRICE,EXACT_JOURNAL
CAMP-84,"109812316|XAUUSD|20250401|M30_THREE_M10|2026.06.23_21:30:00|CORE|SELL|EVIDENCE=3457,3458,3459",2026.06.23 21:30:30,2026.06.23 21:33:30,180.0,4120.07,4121.99,0.0,true,ENTER_NOW,TREND_DN,TREND_DN,False,,TREND_MATURE,False,LOCATION_LATE,LOCATION_LATE,EXHAUSTION_MODERATE,EXHAUSTION_MODERATE,TIMING_WAIT_PULLBACK,TIMING_WAIT_PULLBACK,HTF_ALIGNED,HTF_ALIGNED,STRUCTURE_SUPPORTS,STRUCTURE_SUPPORTS,SELL_PRESSURE_STRONG,SELL_PRESSURE_STRONG,LOCATION_LATE,SELL_PRESSURE_STRONG,51%,ALLOW,ALIGNED,80,90,0,UNKNOWN,ACCEPTED,GOOD_TIMING_NEAR_SIGNAL_PRICE,EXACT_JOURNAL
CAMP-85,"109812316|XAUUSD|20250401|M30_THREE_M10|2026.06.23_22:00:00|CORE|SELL|EVIDENCE=3460,3461,3462",2026.06.23 22:00:30,2026.06.23 22:03:30,180.0,4117.35,4122.61,0.0,true,ENTER_NOW,TREND_DN,TREND_DN,False,,TREND_MATURE,False,LOCATION_LATE,LOCATION_LATE,EXHAUSTION_MODERATE,EXHAUSTION_MODERATE,TIMING_WAIT_PULLBACK,TIMING_WAIT_PULLBACK,HTF_ALIGNED,HTF_ALIGNED,STRUCTURE_STRONGLY_SUPPORTS,STRUCTURE_STRONGLY_SUPPORTS,SELL_PRESSURE_MODERATE,SELL_PRESSURE_MODERATE,LOCATION_LATE,SELL_PRESSURE_MODERATE,50%,ALLOW,ALIGNED,25,15,40,UNKNOWN,UNCONFIRMED,GOOD_TIMING_NEAR_SIGNAL_PRICE,EXACT_JOURNAL
CAMP-86,"109812316|XAUUSD|20250401|M30_THREE_M10|2026.06.25_14:30:00|CORE|SELL|EVIDENCE=3679,3680,3681",2026.06.25 14:30:30,2026.06.25 14:33:30,180.0,3978.37,3979.17,0.0,true,ENTER_NOW,TREND_DN,TREND_DN,False,,,False,LOCATION_LATE,LOCATION_LATE,EXHAUSTION_MODERATE,EXHAUSTION_MODERATE,TIMING_WAIT_PULLBACK,TIMING_WAIT_PULLBACK,HTF_ALIGNED,HTF_ALIGNED,STRUCTURE_SUPPORTS,STRUCTURE_SUPPORTS,SELL_PRESSURE_STRONG,SELL_PRESSURE_STRONG,LOCATION_LATE,SELL_PRESSURE_STRONG,49%,ALLOW,ALIGNED,80,75,0,UNKNOWN,ACCEPTED,GOOD_TIMING_NEAR_SIGNAL_PRICE,EXACT_JOURNAL
CAMP-87,"109812316|XAUUSD|20250401|M30_THREE_M10|2026.06.25_17:00:00|CORE|SELL|EVIDENCE=3694,3695,3696",2026.06.25 17:00:00,2026.06.25 17:03:00,180.0,4002.22,4007.47,0.0,true,ENTER_NOW,TREND_DN,TREND_DN,False,TREND_MATURE,,False,LOCATION_LATE,,EXHAUSTION_MODERATE,,TIMING_WAIT_PULLBACK,,HTF_ALIGNED,,STRUCTURE_SUPPORTS,,SELL_PRESSURE_STRONG,,LOCATION_LATE,SELL_PRESSURE_STRONG,58%,ALLOW,ALIGNED,80,75,0,UNKNOWN,ACCEPTED,GOOD_TIMING_NEAR_SIGNAL_PRICE,EXACT_JOURNAL
CAMP-88,"109812316|XAUUSD|20250401|M30_THREE_M10|2026.06.26_07:00:00|CORE|BUY|EVIDENCE=3766,3767,3768",2026.06.26 07:00:00,2026.06.26 07:03:00,180.0,4004.42,4003.42,0.0,true,ENTER_NOW,TREND_DN,TREND_DN,False,TRANSITION_NEUTRAL,TRANSITION_NEUTRAL,False,LOCATION_RESET_PENDING,,EXHAUSTION_RESET_CONFIRMED,,TIMING_WAIT_PULLBACK,,HTF_TRANSITIONING,,STRUCTURE_SUPPORTS,,PRESSURE_TRANSITIONING,,LOCATION_RESET_PENDING,PRESSURE_TRANSITIONING,77%,ALLOW,OPPOSED,25,75,40,UNKNOWN,UNCONFIRMED,GOOD_TIMING_NEAR_SIGNAL_PRICE,EXACT_JOURNAL
CAMP-89,"109812316|XAUUSD|20250401|M30_THREE_M10|2026.06.26_07:30:00|CORE|BUY|EVIDENCE=3769,3770,3771",2026.06.26 07:30:30,2026.06.26 07:33:00,150.0,4008.5,4006.02,0.0,true,ENTER_NOW,TREND_DN,TREND_DN,False,,TRANSITION_NEUTRAL,False,LOCATION_RESET_PENDING,,EXHAUSTION_RESET_CONFIRMED,,TIMING_WAIT_PULLBACK,,HTF_TRANSITIONING,,STRUCTURE_SUPPORTS,,PRESSURE_TRANSITIONING,,LOCATION_RESET_PENDING,PRESSURE_TRANSITIONING,80%,ALLOW,OPPOSED,25,0,80,UNKNOWN,UNCONFIRMED,GOOD_TIMING_NEAR_SIGNAL_PRICE,EXACT_JOURNAL
CAMP-90,"109812316|XAUUSD|20250401|M30_THREE_M10|2026.06.26_08:30:00|CORE|BUY|EVIDENCE=3775,3776,3777",2026.06.26 08:30:30,2026.06.26 08:33:00,150.0,4018.03,4018.57,0.026,true,ENTER_NOW,TREND_DN,TREND_DN,False,,OPPOSITE_DIRECTION_FORMING,False,LOCATION_LATE,,EXHAUSTION_RESET_CONFIRMED,,TIMING_WAIT_PULLBACK,,HTF_TRANSITIONING,,STRUCTURE_SUPPORTS,,PRESSURE_TRANSITIONING,,LOCATION_LATE,PRESSURE_TRANSITIONING,80%,ALLOW,OPPOSED,25,30,20,UNKNOWN,UNCONFIRMED,GOOD_TIMING_NEAR_SIGNAL_PRICE,EXACT_JOURNAL
CAMP-91,"109812316|XAUUSD|20250401|M30_THREE_M10|2026.06.26_09:30:00|CORE|BUY|EVIDENCE=3781,3782,3783",2026.06.26 09:30:30,2026.06.26 09:33:30,180.0,4023.82,4026.65,0.117,true,ENTER_NOW,TREND_DN,TREND_DN,False,,OPPOSITE_DIRECTION_FORMING,False,LOCATION_LATE,,EXHAUSTION_RESET_CONFIRMED,,TIMING_WAIT_PULLBACK,,HTF_TRANSITIONING,,STRUCTURE_SUPPORTS,,PRESSURE_TRANSITIONING,,LOCATION_LATE,PRESSURE_TRANSITIONING,80%,ALLOW,OPPOSED,80,75,20,UNKNOWN,ACCEPTED,MODERATE_DRIFT_DURING_TIMER,EXACT_JOURNAL
CAMP-92,"109812316|XAUUSD|20250401|M30_THREE_M10|2026.06.29_01:30:00|CORE|SELL|EVIDENCE=3847,3848,3849",2026.06.29 01:30:30,2026.06.29 01:33:30,180.0,4059.58,4060.67,0.0,true,ENTER_NOW,TREND_UP,TREND_UP,False,,OPPOSITE_DIRECTION_FORMING,False,LOCATION_RESET_PENDING,,EXHAUSTION_RESET_CONFIRMED,,TIMING_WAIT_PULLBACK,,HTF_ALIGNED,,STRUCTURE_OPPOSES,,SELL_PRESSURE_STRONG,,LOCATION_RESET_PENDING,SELL_PRESSURE_STRONG,100%,ALLOW,ALIGNED,80,45,20,UNKNOWN,ACCEPTED,GOOD_TIMING_NEAR_SIGNAL_PRICE,EXACT_JOURNAL
CAMP-94,"109812316|XAUUSD|20250401|M30_THREE_M10|2026.06.29_09:00:00|CORE|BUY|EVIDENCE=3892,3893,3894",2026.06.29 09:00:00,2026.06.29 09:03:00,180.0,4054.55,4056.75,0.1,true,ENTER_NOW,TREND_UP,TREND_UP,False,TRANSITION_NEUTRAL,TRANSITION_NEUTRAL,False,LOCATION_RESET_PENDING,,EXHAUSTION_RESET_CONFIRMED,,TIMING_WAIT_RECLAIM,,HTF_TRANSITIONING,,STRUCTURE_SUPPORTS,,PRESSURE_TRANSITIONING,,LOCATION_RESET_PENDING,PRESSURE_TRANSITIONING,72%,ALLOW,OPPOSED,80,60,0,UNKNOWN,ACCEPTED,MODERATE_DRIFT_DURING_TIMER,EXACT_JOURNAL
CAMP-95,"109812316|XAUUSD|20250401|M30_THREE_M10|2026.06.30_11:30:00|CORE|SELL|EVIDENCE=4039,4040,4041",2026.06.30 11:30:30,2026.06.30 11:33:30,180.0,4025.22,4024.58,0.022,true,ENTER_NOW,TREND_DN,TREND_DN,False,,,False,LOCATION_LATE,,EXHAUSTION_HIGH,,TIMING_WAIT_PULLBACK,,HTF_ALIGNED,,STRUCTURE_STRONGLY_SUPPORTS,,PRESSURE_BALANCED,,LOCATION_LATE,PRESSURE_BALANCED,68%,ALLOW,ALIGNED,25,0,60,UNKNOWN,UNCONFIRMED,GOOD_TIMING_NEAR_SIGNAL_PRICE,EXACT_JOURNAL
CAMP-96,"109812316|XAUUSD|20250401|M30_THREE_M10|2026.06.30_12:00:00|CORE|SELL|EVIDENCE=4042,4043,4044",2026.06.30 12:00:30,2026.06.30 12:03:30,180.0,4015.41,4017.55,0.0,true,ENTER_NOW,TREND_DN,TREND_DN,False,,OPPOSITE_DIRECTION_FORMING,False,LOCATION_RESET_PENDING,,EXHAUSTION_RESET_CONFIRMED,,TIMING_WAIT_CONFIRMATION,,HTF_TRANSITIONING,,STRUCTURE_STRONGLY_SUPPORTS,,PRESSURE_TRANSITIONING,,LOCATION_RESET_PENDING,PRESSURE_TRANSITIONING,76%,ALLOW,ALIGNED,80,45,0,UNKNOWN,ACCEPTED,GOOD_TIMING_NEAR_SIGNAL_PRICE,EXACT_JOURNAL
CAMP-97,"109812316|XAUUSD|20250401|M30_THREE_M10|2026.06.30_15:30:00|CORE|SELL|EVIDENCE=4063,4064,4065",2026.06.30 15:30:30,2026.06.30 15:33:00,150.0,4018.28,4018.53,0.0,true,ENTER_NOW,TREND_DN,TREND_DN,False,,OPPOSITE_DIRECTION_FORMING,False,LOCATION_RESET_PENDING,,EXHAUSTION_RESET_CONFIRMED,,TIMING_WAIT_PULLBACK,,HTF_TRANSITIONING,,STRUCTURE_SUPPORTS,,PRESSURE_TRANSITIONING,,LOCATION_RESET_PENDING,PRESSURE_TRANSITIONING,76%,ALLOW,ALIGNED,80,90,0,UNKNOWN,ACCEPTED,GOOD_TIMING_NEAR_SIGNAL_PRICE,EXACT_JOURNAL
CAMP-98,"109812316|XAUUSD|20250401|M30_THREE_M10|2026.06.30_16:00:00|CORE|SELL|EVIDENCE=4066,4067,4068",2026.06.30 16:00:00,2026.06.30 16:13:34,180.0,4023.42,4024.65,0.0,true,ENTER_NOW,TREND_DN,TREND_DN,False,OPPOSITE_DIRECTION_FORMING,OPPOSITE_DIRECTION_FORMING,False,,LOCATION_RESET_PENDING,,EXHAUSTION_RESET_CONFIRMED,,TIMING_WAIT_CONFIRMATION,,HTF_TRANSITIONING,,STRUCTURE_STRONGLY_SUPPORTS,,PRESSURE_TRANSITIONING,LOCATION_RESET_PENDING,PRESSURE_TRANSITIONING,77%,ALLOW,ALIGNED,25,15,40,UNKNOWN,UNCONFIRMED,GOOD_TIMING_NEAR_SIGNAL_PRICE,EXACT_JOURNAL
CAMP-99,"109812316|XAUUSD|20250401|M30_THREE_M10|2026.06.30_16:30:00|CORE|SELL|EVIDENCE=4069,4070,4071",2026.06.30 16:30:31,2026.06.30 16:33:31,180.0,4026.12,4019.99,0.268,true,ENTER_NOW,TREND_DN,TREND_DN,False,,OPPOSITE_DIRECTION_FORMING,False,LOCATION_RESET_PENDING,,EXHAUSTION_RESET_CONFIRMED,,TIMING_WAIT_RECLAIM,,HTF_TRANSITIONING,,STRUCTURE_STRONGLY_SUPPORTS,,PRESSURE_TRANSITIONING,,LOCATION_RESET_PENDING,PRESSURE_TRANSITIONING,77%,ALLOW,ALIGNED,25,30,20,UNKNOWN,UNCONFIRMED,LATE_ENTRY_CHASED_DURING_TIMER,EXACT_JOURNAL
CAMP-100,"109812316|XAUUSD|20250401|M30_THREE_M10|2026.06.30_18:00:00|CORE|SELL|EVIDENCE=4078,4079,4080",2026.06.30 18:00:23,2026.06.30 18:02:53,150.0,4038.41,4035.92,0.068,true,ENTER_NOW,TREND_UP,TREND_UP,False,,OPPOSITE_DIRECTION_FORMING,False,LOCATION_RESET_PENDING,,EXHAUSTION_RESET_CONFIRMED,,TIMING_WAIT_PULLBACK,,HTF_ALIGNED,,STRUCTURE_SUPPORTS,,SELL_PRESSURE_STRONG,,LOCATION_RESET_PENDING,SELL_PRESSURE_STRONG,82%,ALLOW,ALIGNED,25,60,40,UNKNOWN,UNCONFIRMED,MODERATE_DRIFT_DURING_TIMER,EXACT_JOURNAL
CAMP-101,"109812316|XAUUSD|20250401|M30_THREE_M10|2026.06.30_18:30:00|CORE|SELL|EVIDENCE=4081,4082,4083",2026.06.30 18:30:30,2026.06.30 18:33:00,150.0,4028.96,4029.9,0.0,true,ENTER_NOW,TREND_UP,TREND_UP,False,,TREND_HEALTHY,False,LOCATION_GOOD,,EXHAUSTION_MODERATE,,TIMING_WAIT_PULLBACK,,HTF_ALIGNED,,STRUCTURE_STRONGLY_SUPPORTS,,SELL_PRESSURE_MODERATE,,LOCATION_GOOD,SELL_PRESSURE_MODERATE,50%,ALLOW,ALIGNED,25,15,60,UNKNOWN,UNCONFIRMED,GOOD_TIMING_NEAR_SIGNAL_PRICE,EXACT_JOURNAL
CAMP-102,"109812316|XAUUSD|20250401|M30_THREE_M10|2026.07.01_03:00:00|CORE|SELL|EVIDENCE=4120,4121,4122",2026.07.01 03:00:30,2026.07.01 03:03:30,180.0,4007.57,4006.41,0.071,true,ENTER_NOW,TREND_DN,TREND_DN,False,,TREND_MATURE,False,LOCATION_LATE,LOCATION_LATE,EXHAUSTION_MODERATE,EXHAUSTION_MODERATE,TIMING_WAIT_PULLBACK,TIMING_WAIT_PULLBACK,HTF_ALIGNED,HTF_ALIGNED,STRUCTURE_SUPPORTS,STRUCTURE_SUPPORTS,SELL_PRESSURE_STRONG,SELL_PRESSURE_STRONG,LOCATION_LATE,SELL_PRESSURE_STRONG,53%,ALLOW,ALIGNED,80,75,0,UNKNOWN,ACCEPTED,MODERATE_DRIFT_DURING_TIMER,EXACT_JOURNAL
CAMP-103,"109812316|XAUUSD|20250401|M30_THREE_M10|2026.07.01_03:30:00|CORE|SELL|EVIDENCE=4123,4124,4125",2026.07.01 03:30:42,2026.07.01 03:33:42,180.0,4002.85,4003.07,0.0,true,ENTER_NOW,TREND_DN,TREND_DN,False,,TREND_MATURE,False,LOCATION_EXTREME,LOCATION_EXTREME,EXHAUSTION_MODERATE,EXHAUSTION_MODERATE,TIMING_WAIT_PULLBACK,TIMING_WAIT_PULLBACK,HTF_ALIGNED,HTF_ALIGNED,STRUCTURE_SUPPORTS,STRUCTURE_SUPPORTS,SELL_PRESSURE_STRONG,SELL_PRESSURE_STRONG,LOCATION_EXTREME,SELL_PRESSURE_STRONG,46%,ALLOW,ALIGNED,80,75,0,UNKNOWN,ACCEPTED,GOOD_TIMING_NEAR_SIGNAL_PRICE,EXACT_JOURNAL
CAMP-104,"109812316|XAUUSD|20250401|M30_THREE_M10|2026.07.01_04:30:00|CORE|SELL|EVIDENCE=4129,4130,4131",2026.07.01 04:30:00,2026.07.01 04:33:00,180.0,3985.85,3983.11,0.147,true,ENTER_NOW,TREND_DN,TREND_DN,False,TREND_MATURE,TREND_MATURE,False,LOCATION_LATE,LOCATION_LATE,EXHAUSTION_MODERATE,EXHAUSTION_MODERATE,TIMING_WAIT_PULLBACK,TIMING_WAIT_PULLBACK,HTF_ALIGNED,HTF_ALIGNED,STRUCTURE_STRONGLY_SUPPORTS,STRUCTURE_STRONGLY_SUPPORTS,SELL_PRESSURE_STRONG,SELL_PRESSURE_STRONG,LOCATION_LATE,SELL_PRESSURE_STRONG,52%,ALLOW,ALIGNED,25,15,40,UNKNOWN,UNCONFIRMED,MODERATE_DRIFT_DURING_TIMER,EXACT_JOURNAL
CAMP-105,"109812316|XAUUSD|20250401|M30_THREE_M10|2026.07.01_05:00:00|CORE|SELL|EVIDENCE=4132,4133,4134",2026.07.01 05:00:00,2026.07.01 05:03:00,180.0,3977.77,3976.87,0.042,true,ENTER_NOW,TREND_DN,TREND_DN,False,TREND_MATURE,TREND_MATURE,False,LOCATION_EXTREME,LOCATION_EXTREME,EXHAUSTION_MODERATE,EXHAUSTION_MODERATE,TIMING_WAIT_PULLBACK,TIMING_WAIT_PULLBACK,HTF_ALIGNED,HTF_ALIGNED,STRUCTURE_SUPPORTS,STRUCTURE_SUPPORTS,SELL_PRESSURE_STRONG,SELL_PRESSURE_STRONG,LOCATION_EXTREME,SELL_PRESSURE_STRONG,52%,ALLOW,ALIGNED,80,60,0,UNKNOWN,ACCEPTED,GOOD_TIMING_NEAR_SIGNAL_PRICE,EXACT_JOURNAL
CAMP-106,"109812316|XAUUSD|20250401|M30_THREE_M10|2026.07.01_20:00:00|CORE|SELL|EVIDENCE=4222,4223,4224",2026.07.01 20:00:00,2026.07.01 20:03:00,180.0,4071.14,4073.08,0.0,true,ENTER_NOW,TREND_UP,TREND_UP,False,TRANSITION_NEUTRAL,OPPOSITE_DIRECTION_FORMING,True,LOCATION_RESET_PENDING,,EXHAUSTION_RESET_CONFIRMED,,TIMING_WAIT_CONFIRMATION,,HTF_TRANSITIONING,,STRUCTURE_OPPOSES,,PRESSURE_TRANSITIONING,,LOCATION_RESET_PENDING,PRESSURE_TRANSITIONING,94%,ALLOW,ALIGNED,25,60,40,UNKNOWN,UNCONFIRMED,GOOD_TIMING_NEAR_SIGNAL_PRICE,EXACT_JOURNAL
CAMP-107,"109812316|XAUUSD|20250401|M30_THREE_M10|2026.07.01_20:30:00|CORE|SELL|EVIDENCE=4225,4226,4227",2026.07.01 20:30:31,2026.07.01 20:33:31,180.0,4069.53,4070.09,0.0,true,ENTER_NOW,TREND_UP,TREND_UP,False,,OPPOSITE_DIRECTION_FORMING,False,LOCATION_RESET_PENDING,LOCATION_RESET_PENDING,EXHAUSTION_RESET_CONFIRMED,EXHAUSTION_RESET_CONFIRMED,TIMING_WAIT_PULLBACK,TIMING_WAIT_PULLBACK,HTF_TRANSITIONING,HTF_TRANSITIONING,STRUCTURE_OPPOSES,STRUCTURE_OPPOSES,PRESSURE_TRANSITIONING,PRESSURE_TRANSITIONING,LOCATION_RESET_PENDING,PRESSURE_TRANSITIONING,94%,ALLOW,ALIGNED,80,45,20,UNKNOWN,ACCEPTED,GOOD_TIMING_NEAR_SIGNAL_PRICE,EXACT_JOURNAL
CAMP-108,"109812316|XAUUSD|20250401|M30_THREE_M10|2026.07.01_21:30:00|CORE|SELL|EVIDENCE=4231,4232,4233",2026.07.01 21:30:42,2026.07.01 21:33:42,180.0,4062.82,4065.09,0.0,true,ENTER_NOW,TREND_UP,TREND_UP,False,,OPPOSITE_DIRECTION_FORMING,False,LOCATION_RESET_PENDING,LOCATION_RESET_PENDING,EXHAUSTION_RESET_CONFIRMED,EXHAUSTION_RESET_CONFIRMED,TIMING_WAIT_PULLBACK,TIMING_WAIT_PULLBACK,HTF_TRANSITIONING,HTF_TRANSITIONING,STRUCTURE_OPPOSES,STRUCTURE_OPPOSES,PRESSURE_TRANSITIONING,PRESSURE_TRANSITIONING,LOCATION_RESET_PENDING,PRESSURE_TRANSITIONING,94%,ALLOW,ALIGNED,80,90,20,UNKNOWN,ACCEPTED,GOOD_TIMING_NEAR_SIGNAL_PRICE,EXACT_JOURNAL
CAMP-109,"109812316|XAUUSD|20250401|M30_THREE_M10|2026.07.02_04:30:00|CORE|BUY|EVIDENCE=4261,4262,4263",2026.07.02 04:30:00,2026.07.02 04:33:00,180.0,4053.42,4050.52,0.0,true,ENTER_NOW,TREND_UP,TREND_UP,False,OPPOSITE_DIRECTION_FORMING,OPPOSITE_DIRECTION_FORMING,False,LOCATION_LATE,,EXHAUSTION_RESET_CONFIRMED,,TIMING_WAIT_CONFIRMATION,,HTF_TRANSITIONING,,STRUCTURE_SUPPORTS,,PRESSURE_TRANSITIONING,,LOCATION_LATE,PRESSURE_TRANSITIONING,78%,ALLOW,NEUTRAL,25,15,40,UNKNOWN,UNCONFIRMED,GOOD_TIMING_NEAR_SIGNAL_PRICE,EXACT_JOURNAL
CAMP-110,"109812316|XAUUSD|20250401|M30_THREE_M10|2026.07.02_05:30:00|CORE|BUY|EVIDENCE=4267,4268,4269",2026.07.02 05:30:30,2026.07.02 05:33:30,180.0,4048.73,4052.22,0.126,true,ENTER_NOW,TREND_UP,TREND_UP,False,,TREND_EXHAUSTING,False,LOCATION_LATE,,EXHAUSTION_RESET_CONFIRMED,,TIMING_WAIT_CONFIRMATION,,HTF_NEUTRAL,,STRUCTURE_STRONGLY_SUPPORTS,,BUY_PRESSURE_MODERATE,,LOCATION_LATE,BUY_PRESSURE_MODERATE,78%,ALLOW,NEUTRAL,25,30,40,UNKNOWN,UNCONFIRMED,MODERATE_DRIFT_DURING_TIMER,EXACT_JOURNAL
CAMP-111,"109812316|XAUUSD|20250401|M30_THREE_M10|2026.07.02_06:30:00|CORE|BUY|EVIDENCE=4273,4274,4275",2026.07.02 06:30:30,2026.07.02 06:33:00,150.0,4065.71,4065.29,0.0,true,ENTER_NOW,TREND_UP,TREND_UP,False,,TREND_MATURE,False,LOCATION_EXTREME,LOCATION_EXTREME,EXHAUSTION_MODERATE,EXHAUSTION_MODERATE,TIMING_WAIT_PULLBACK,TIMING_WAIT_PULLBACK,HTF_TRANSITIONING,HTF_TRANSITIONING,STRUCTURE_SUPPORTS,STRUCTURE_SUPPORTS,PRESSURE_TRANSITIONING,PRESSURE_TRANSITIONING,LOCATION_EXTREME,PRESSURE_TRANSITIONING,49%,ALLOW,NEUTRAL,80,105,0,UNKNOWN,ACCEPTED,GOOD_TIMING_NEAR_SIGNAL_PRICE,EXACT_JOURNAL
CAMP-112,"109812316|XAUUSD|20250401|M30_THREE_M10|2026.07.02_07:00:00|CORE|BUY|EVIDENCE=4276,4277,4278",2026.07.02 07:00:30,2026.07.02 07:03:30,180.0,4072.48,4071.19,0.0,true,ENTER_NOW,TREND_UP,TREND_UP,False,,TREND_MATURE,False,LOCATION_EXTREME,LOCATION_EXTREME,EXHAUSTION_MODERATE,EXHAUSTION_MODERATE,TIMING_WAIT_PULLBACK,TIMING_WAIT_PULLBACK,HTF_NEUTRAL,HTF_NEUTRAL,STRUCTURE_SUPPORTS,STRUCTURE_SUPPORTS,BUY_PRESSURE_STRONG,BUY_PRESSURE_STRONG,LOCATION_EXTREME,BUY_PRESSURE_STRONG,46%,ALLOW,NEUTRAL,80,75,0,UNKNOWN,ACCEPTED,GOOD_TIMING_NEAR_SIGNAL_PRICE,EXACT_JOURNAL
CAMP-113,"109812316|XAUUSD|20250401|M30_THREE_M10|2026.07.03_07:00:00|CORE|SELL|EVIDENCE=4408,4409,4410",2026.07.03 07:00:00,2026.07.03 07:03:00,180.0,4176.04,4175.06,0.056,true,ENTER_NOW,TREND_UP,TREND_UP,False,TRANSITION_NEUTRAL,OPPOSITE_DIRECTION_CONFIRMED,True,LOCATION_RESET_PENDING,LOCATION_RESET_PENDING,EXHAUSTION_RESET_CONFIRMED,EXHAUSTION_RESET_CONFIRMED,TIMING_WAIT_CONFIRMATION,TIMING_WAIT_CONFIRMATION,HTF_TRANSITIONING,HTF_TRANSITIONING,STRUCTURE_OPPOSES,STRUCTURE_OPPOSES,PRESSURE_TRANSITIONING,PRESSURE_TRANSITIONING,LOCATION_RESET_PENDING,PRESSURE_TRANSITIONING,95%,ALLOW,NEUTRAL,25,60,40,UNKNOWN,UNCONFIRMED,MODERATE_DRIFT_DURING_TIMER,EXACT_JOURNAL
CAMP-114,"109812316|XAUUSD|20250401|M30_THREE_M10|2026.07.03_09:30:00|CORE|SELL|EVIDENCE=4423,4424,4425",2026.07.03 09:30:30,2026.07.03 09:33:00,150.0,4165.74,4166.92,0.0,true,ENTER_NOW,BRKT_DN,BRKT_DN,False,,OPPOSITE_DIRECTION_FORMING,False,LOCATION_RESET_PENDING,,EXHAUSTION_RESET_CONFIRMED,,TIMING_WAIT_PULLBACK,,HTF_TRANSITIONING,,STRUCTURE_OPPOSES,,PRESSURE_TRANSITIONING,,LOCATION_RESET_PENDING,PRESSURE_TRANSITIONING,95%,ALLOW,NEUTRAL,80,60,20,UNKNOWN,ACCEPTED,GOOD_TIMING_NEAR_SIGNAL_PRICE,EXACT_JOURNAL
CAMP-115,"109812316|XAUUSD|20250401|M30_THREE_M10|2026.07.03_19:30:00|CORE|BUY|EVIDENCE=4483,4484,4485",2026.07.03 19:30:30,2026.07.03 19:33:00,150.0,4168.45,4168.04,0.0,true,ENTER_NOW,TREND_UP,TREND_UP,False,,TRANSITION_NEUTRAL,False,LOCATION_LATE,,EXHAUSTION_RESET_CONFIRMED,,TIMING_WAIT_CONFIRMATION,,HTF_TRANSITIONING,,STRUCTURE_STRONGLY_SUPPORTS,,PRESSURE_TRANSITIONING,,LOCATION_LATE,PRESSURE_TRANSITIONING,80%,ALLOW,ALIGNED,80,75,0,UNKNOWN,ACCEPTED,GOOD_TIMING_NEAR_SIGNAL_PRICE,EXACT_JOURNAL
CAMP-116,"109812316|XAUUSD|20250401|M30_THREE_M10|2026.07.06_01:30:00|CORE|BUY|EVIDENCE=4489,4490,4491",2026.07.06 01:30:00,2026.07.06 01:33:00,180.0,4185.17,4187.97,0.183,true,ENTER_NOW,BRKT_UP,BRKT_UP,False,TREND_MATURE,TREND_MATURE,False,LOCATION_EXTREME,LOCATION_EXTREME,EXHAUSTION_MODERATE,EXHAUSTION_MODERATE,TIMING_LATE,TIMING_LATE,HTF_ALIGNED,HTF_ALIGNED,STRUCTURE_SUPPORTS,STRUCTURE_SUPPORTS,BUY_PRESSURE_STRONG,BUY_PRESSURE_STRONG,LOCATION_EXTREME,BUY_PRESSURE_STRONG,50%,ALLOW,ALIGNED,80,75,0,UNKNOWN,ACCEPTED,LATE_ENTRY_CHASED_DURING_TIMER,EXACT_JOURNAL
CAMP-117,"109812316|XAUUSD|20250401|M30_THREE_M10|2026.07.06_11:00:00|CORE|BUY|EVIDENCE=4546,4547,4548",2026.07.06 11:00:00,2026.07.06 11:03:00,180.0,4164.58,4161.87,0.0,true,ENTER_NOW,TREND_UP,TREND_UP,False,TREND_EXHAUSTING,OPPOSITE_DIRECTION_FORMING,True,LOCATION_RESET_PENDING,,EXHAUSTION_RESET_CONFIRMED,,TIMING_WAIT_PULLBACK,,HTF_ALIGNED,,STRUCTURE_OPPOSES,,BUY_PRESSURE_STRONG,,LOCATION_RESET_PENDING,BUY_PRESSURE_STRONG,95%,ALLOW,ALIGNED,25,15,40,UNKNOWN,UNCONFIRMED,GOOD_TIMING_NEAR_SIGNAL_PRICE,EXACT_JOURNAL
CAMP-118,"109812316|XAUUSD|20250401|M30_THREE_M10|2026.07.06_14:00:00|CORE|BUY|EVIDENCE=4564,4565,4566",2026.07.06 14:00:30,2026.07.06 14:03:00,150.0,4155.55,4152.91,0.0,true,ENTER_NOW,TREND_UP,TREND_UP,False,,OPPOSITE_DIRECTION_FORMING,False,LOCATION_RESET_PENDING,,EXHAUSTION_RESET_CONFIRMED,,TIMING_WAIT_CONFIRMATION,,HTF_TRANSITIONING,,STRUCTURE_OPPOSES,,PRESSURE_TRANSITIONING,,LOCATION_RESET_PENDING,PRESSURE_TRANSITIONING,95%,ALLOW,ALIGNED,80,45,0,UNKNOWN,ACCEPTED,GOOD_TIMING_NEAR_SIGNAL_PRICE,EXACT_JOURNAL
CAMP-119,"109812316|XAUUSD|20250401|M30_THREE_M10|2026.07.07_03:00:00|CORE|SELL|EVIDENCE=4630,4631,4632",2026.07.07 03:00:30,2026.07.07 03:03:00,150.0,4155.45,4155.98,0.0,true,ENTER_NOW,TREND_UP,TREND_UP,False,,OPPOSITE_DIRECTION_FORMING,False,LOCATION_RESET_PENDING,,EXHAUSTION_RESET_CONFIRMED,,TIMING_WAIT_PULLBACK,,HTF_TRANSITIONING,,STRUCTURE_STRONGLY_SUPPORTS,,PRESSURE_TRANSITIONING,,LOCATION_RESET_PENDING,PRESSURE_TRANSITIONING,90%,ALLOW,OPPOSED,80,75,20,UNKNOWN,ACCEPTED,GOOD_TIMING_NEAR_SIGNAL_PRICE,EXACT_JOURNAL
CAMP-120,"109812316|XAUUSD|20250401|M30_THREE_M10|2026.07.07_11:30:00|CORE|BUY|EVIDENCE=4681,4682,4683",2026.07.07 11:30:30,2026.07.07 11:33:30,180.0,4136.28,4133.6,0.0,true,ENTER_NOW,BRKT_UP,BRKT_UP,False,,OPPOSITE_DIRECTION_FORMING,False,LOCATION_RESET_PENDING,LOCATION_RESET_PENDING,EXHAUSTION_RESET_CONFIRMED,EXHAUSTION_RESET_CONFIRMED,TIMING_WAIT_CONFIRMATION,TIMING_WAIT_CONFIRMATION,HTF_TRANSITIONING,HTF_TRANSITIONING,STRUCTURE_OPPOSES,STRUCTURE_OPPOSES,PRESSURE_TRANSITIONING,PRESSURE_TRANSITIONING,LOCATION_RESET_PENDING,PRESSURE_TRANSITIONING,100%,ALLOW,ALIGNED,80,75,20,UNKNOWN,ACCEPTED,GOOD_TIMING_NEAR_SIGNAL_PRICE,EXACT_JOURNAL
CAMP-121,"109812316|XAUUSD|20250401|M30_THREE_M10|2026.07.07_15:30:00|CORE|SELL|EVIDENCE=4705,4706,4707",2026.07.07 15:30:37,2026.07.07 15:33:37,180.0,4165.93,4166.93,0.0,true,ENTER_NOW,TREND_DN,TREND_DN,False,,TRANSITION_NEUTRAL,False,LOCATION_RESET_PENDING,,EXHAUSTION_RESET_CONFIRMED,,TIMING_WAIT_CONFIRMATION,,HTF_STRONG_CONFLICT,,STRUCTURE_SUPPORTS,,SELL_PRESSURE_MODERATE,,LOCATION_RESET_PENDING,SELL_PRESSURE_MODERATE,84%,ALLOW,OPPOSED,80,60,0,UNKNOWN,ACCEPTED,GOOD_TIMING_NEAR_SIGNAL_PRICE,EXACT_JOURNAL
CAMP-122,"109812316|XAUUSD|20250401|M30_THREE_M10|2026.07.07_22:30:00|CORE|BUY|EVIDENCE=4747,4748,4749",2026.07.07 22:30:30,2026.07.07 22:33:00,150.0,4107.2,4109.18,0.085,true,ENTER_NOW,BRKT_DN,BRKT_DN,False,,TREND_EXHAUSTING,False,LOCATION_RESET_PENDING,,EXHAUSTION_HIGH,,TIMING_WAIT_RECLAIM,,HTF_ALIGNED,,STRUCTURE_SUPPORTS,,BUY_PRESSURE_MODERATE,,LOCATION_RESET_PENDING,BUY_PRESSURE_MODERATE,71%,ALLOW,ALIGNED,25,60,60,UNKNOWN,UNCONFIRMED,MODERATE_DRIFT_DURING_TIMER,EXACT_JOURNAL
CAMP-123,"109812316|XAUUSD|20250401|M30_THREE_M10|2026.07.08_04:00:00|CORE|BUY|EVIDENCE=4768,4769,4770",2026.07.08 04:00:19,2026.07.08 04:03:19,180.0,4114.92,4115.23,0.014,true,ENTER_NOW,TREND_DN,TREND_DN,False,,OPPOSITE_DIRECTION_CONFIRMED,False,LOCATION_RESET_PENDING,,EXHAUSTION_RESET_CONFIRMED,,TIMING_WAIT_CONFIRMATION,,HTF_TRANSITIONING,,STRUCTURE_OPPOSES,,PRESSURE_TRANSITIONING,,LOCATION_RESET_PENDING,PRESSURE_TRANSITIONING,100%,ALLOW,ALIGNED,25,0,80,UNKNOWN,UNCONFIRMED,GOOD_TIMING_NEAR_SIGNAL_PRICE,EXACT_JOURNAL
CAMP-124,"109812316|XAUUSD|20250401|M30_THREE_M10|2026.07.08_06:30:00|CORE|BUY|EVIDENCE=4783,4784,4785",2026.07.08 06:30:30,2026.07.08 06:33:30,180.0,4130.55,4127.22,0.0,true,ENTER_NOW,TREND_DN,TREND_DN,False,,OPPOSITE_DIRECTION_FORMING,False,LOCATION_RESET_PENDING,,EXHAUSTION_RESET_CONFIRMED,,TIMING_WAIT_PULLBACK,,HTF_TRANSITIONING,,STRUCTURE_OPPOSES,,PRESSURE_TRANSITIONING,,LOCATION_RESET_PENDING,PRESSURE_TRANSITIONING,100%,ALLOW,ALIGNED,80,45,20,UNKNOWN,ACCEPTED,GOOD_TIMING_NEAR_SIGNAL_PRICE,EXACT_JOURNAL
CAMP-125,"109812316|XAUUSD|20250401|M30_THREE_M10|2026.07.08_08:30:00|CORE|SELL|EVIDENCE=4795,4796,4797",2026.07.08 08:30:00,2026.07.08 08:33:00,180.0,4122.09,4126.6,0.0,true,ENTER_NOW,TREND_DN,TREND_DN,False,TREND_MATURE,,False,LOCATION_LATE,,EXHAUSTION_RESET_CONFIRMED,,TIMING_WAIT_PULLBACK,,HTF_NEUTRAL,,STRUCTURE_SUPPORTS,,SELL_PRESSURE_STRONG,,LOCATION_LATE,SELL_PRESSURE_STRONG,60%,ALLOW,NEUTRAL,80,75,0,UNKNOWN,ACCEPTED,GOOD_TIMING_NEAR_SIGNAL_PRICE,EXACT_JOURNAL
CAMP-126,"109812316|XAUUSD|20250401|M30_THREE_M10|2026.07.08_10:30:00|CORE|SELL|EVIDENCE=4807,4808,4809",2026.07.08 10:30:30,2026.07.08 10:33:00,150.0,4121.08,4125.44,0.0,true,ENTER_NOW,TREND_DN,TREND_DN,False,,,False,LOCATION_RESET_PENDING,,EXHAUSTION_HIGH,,TIMING_WAIT_PULLBACK,,HTF_TRANSITIONING,,STRUCTURE_STRONGLY_SUPPORTS,,PRESSURE_TRANSITIONING,,LOCATION_RESET_PENDING,PRESSURE_TRANSITIONING,69%,ALLOW,NEUTRAL,25,15,40,UNKNOWN,UNCONFIRMED,GOOD_TIMING_NEAR_SIGNAL_PRICE,EXACT_JOURNAL
CAMP-127,"109812316|XAUUSD|20250401|M30_THREE_M10|2026.07.08_11:00:00|CORE|SELL|EVIDENCE=4810,4811,4812",2026.07.08 11:00:30,2026.07.08 11:03:30,180.0,4118.69,4118.63,0.003,true,ENTER_NOW,TREND_DN,TREND_DN,False,,TRANSITION_NEUTRAL,False,LOCATION_LATE,,EXHAUSTION_RESET_CONFIRMED,,TIMING_WAIT_PULLBACK,,HTF_TRANSITIONING,,STRUCTURE_STRONGLY_SUPPORTS,,PRESSURE_TRANSITIONING,,LOCATION_LATE,PRESSURE_TRANSITIONING,71%,ALLOW,NEUTRAL,80,90,0,UNKNOWN,ACCEPTED,GOOD_TIMING_NEAR_SIGNAL_PRICE,EXACT_JOURNAL
CAMP-128,"109812316|XAUUSD|20250401|M30_THREE_M10|2026.07.08_15:00:00|CORE|BUY|EVIDENCE=4834,4835,4836",2026.07.08 15:00:28,2026.07.08 15:03:28,180.0,4060.25,4064.86,0.171,true,ENTER_NOW,TREND_DN,TREND_DN,False,,OPPOSITE_DIRECTION_FORMING,False,LOCATION_RESET_PENDING,,EXHAUSTION_RESET_CONFIRMED,,TIMING_WAIT_PULLBACK,,HTF_TRANSITIONING,,STRUCTURE_OPPOSES,,PRESSURE_TRANSITIONING,,LOCATION_RESET_PENDING,PRESSURE_TRANSITIONING,99%,ALLOW,NEUTRAL,25,30,60,UNKNOWN,UNCONFIRMED,LATE_ENTRY_CHASED_DURING_TIMER,EXACT_JOURNAL
CAMP-129,"109812316|XAUUSD|20250401|M30_THREE_M10|2026.07.09_01:30:00|CORE|SELL|EVIDENCE=4885,4886,4887",2026.07.09 01:30:00,2026.07.09 01:33:00,180.0,4074.29,4077.1,0.0,true,ENTER_NOW,TREND_DN,TREND_DN,False,TRANSITION_NEUTRAL,,False,LOCATION_RESET_PENDING,LOCATION_RESET_PENDING,EXHAUSTION_MODERATE,EXHAUSTION_MODERATE,TIMING_WAIT_PULLBACK,TIMING_WAIT_PULLBACK,HTF_TRANSITIONING,HTF_TRANSITIONING,STRUCTURE_STRONGLY_SUPPORTS,STRUCTURE_STRONGLY_SUPPORTS,PRESSURE_TRANSITIONING,PRESSURE_TRANSITIONING,LOCATION_RESET_PENDING,PRESSURE_TRANSITIONING,54%,ALLOW,NEUTRAL,80,45,0,UNKNOWN,ACCEPTED,GOOD_TIMING_NEAR_SIGNAL_PRICE,EXACT_JOURNAL
CAMP-130,"109812316|XAUUSD|20250401|M30_THREE_M10|2026.07.09_04:30:00|CORE|SELL|EVIDENCE=4903,4904,4905",2026.07.09 04:30:00,2026.07.09 04:33:00,180.0,4066.6,4069.43,0.0,true,ENTER_NOW,TREND_DN,TREND_DN,False,TRANSITION_NEUTRAL,OPPOSITE_DIRECTION_FORMING,True,LOCATION_RESET_PENDING,,EXHAUSTION_RESET_CONFIRMED,,TIMING_WAIT_PULLBACK,,HTF_TRANSITIONING,,STRUCTURE_STRONGLY_SUPPORTS,,PRESSURE_TRANSITIONING,,LOCATION_RESET_PENDING,PRESSURE_TRANSITIONING,73%,ALLOW,ALIGNED,80,75,0,UNKNOWN,ACCEPTED,GOOD_TIMING_NEAR_SIGNAL_PRICE,EXACT_JOURNAL
CAMP-131,"109812316|XAUUSD|20250401|M30_THREE_M10|2026.07.09_06:00:00|CORE|SELL|EVIDENCE=4912,4913,4914",2026.07.09 06:00:30,2026.07.09 06:03:00,150.0,4065.08,4066.48,0.0,true,ENTER_NOW,TREND_DN,TREND_DN,False,,,False,LOCATION_RESET_PENDING,LOCATION_RESET_PENDING,EXHAUSTION_HIGH,EXHAUSTION_HIGH,TIMING_WAIT_PULLBACK,TIMING_WAIT_PULLBACK,HTF_TRANSITIONING,HTF_TRANSITIONING,STRUCTURE_SUPPORTS,STRUCTURE_SUPPORTS,PRESSURE_TRANSITIONING,PRESSURE_TRANSITIONING,LOCATION_RESET_PENDING,PRESSURE_TRANSITIONING,74%,ALLOW,ALIGNED,80,90,0,UNKNOWN,ACCEPTED,GOOD_TIMING_NEAR_SIGNAL_PRICE,EXACT_JOURNAL
CAMP-132,"109812316|XAUUSD|20250401|M30_THREE_M10|2026.07.09_14:00:00|CORE|SELL|EVIDENCE=4960,4961,4962",2026.07.09 14:00:30,2026.07.09 14:03:00,150.0,4098.61,4102.03,0.0,true,ENTER_NOW,BRKT_DN,BRKT_DN,False,,OPPOSITE_DIRECTION_FORMING,False,LOCATION_RESET_PENDING,,EXHAUSTION_RESET_CONFIRMED,,TIMING_WAIT_PULLBACK,,HTF_TRANSITIONING,,STRUCTURE_OPPOSES,,PRESSURE_TRANSITIONING,,LOCATION_RESET_PENDING,PRESSURE_TRANSITIONING,85%,ALLOW,ALIGNED,80,75,20,UNKNOWN,ACCEPTED,GOOD_TIMING_NEAR_SIGNAL_PRICE,EXACT_JOURNAL
CAMP-133,"109812316|XAUUSD|20250401|M30_THREE_M10|2026.07.09_21:30:00|CORE|SELL|EVIDENCE=5005,5006,5007",2026.07.09 21:30:00,2026.07.09 21:33:00,180.0,4123.95,4123.1,0.059,true,ENTER_NOW,TREND_UP,TREND_UP,False,TRANSITION_NEUTRAL,OPPOSITE_DIRECTION_FORMING,True,LOCATION_RESET_PENDING,,EXHAUSTION_RESET_CONFIRMED,,TIMING_WAIT_CONFIRMATION,,HTF_TRANSITIONING,,STRUCTURE_OPPOSES,,PRESSURE_TRANSITIONING,,LOCATION_RESET_PENDING,PRESSURE_TRANSITIONING,97%,ALLOW,NEUTRAL,80,75,20,UNKNOWN,ACCEPTED,MODERATE_DRIFT_DURING_TIMER,EXACT_JOURNAL
CAMP-134,"109812316|XAUUSD|20250401|M30_THREE_M10|2026.07.13_01:30:00|CORE|SELL|EVIDENCE=5131,5132,5133",2026.07.13 01:30:30,2026.07.13 01:33:00,150.0,4086.02,4083.57,0.112,true,ENTER_NOW,BRKT_DN,BRKT_DN,False,,,False,LOCATION_ACCEPTABLE,LOCATION_ACCEPTABLE,EXHAUSTION_HIGH,EXHAUSTION_HIGH,TIMING_READY,TIMING_READY,HTF_NEUTRAL,HTF_NEUTRAL,STRUCTURE_SUPPORTS,STRUCTURE_SUPPORTS,SELL_PRESSURE_MODERATE,SELL_PRESSURE_MODERATE,LOCATION_ACCEPTABLE,SELL_PRESSURE_MODERATE,63%,ALLOW,NEUTRAL,80,75,0,UNKNOWN,ACCEPTED,MODERATE_DRIFT_DURING_TIMER,EXACT_JOURNAL
CAMP-135,"109812316|XAUUSD|20250401|M30_THREE_M10|2026.07.13_13:30:00|CORE|SELL|EVIDENCE=5203,5204,5205",2026.07.13 13:30:30,2026.07.13 13:33:30,180.0,4065.66,4067.25,0.0,true,ENTER_NOW,TREND_DN,TREND_DN,False,,,False,LOCATION_ACCEPTABLE,LOCATION_ACCEPTABLE,EXHAUSTION_HIGH,EXHAUSTION_HIGH,TIMING_WAIT_PULLBACK,TIMING_WAIT_PULLBACK,HTF_ALIGNED,HTF_ALIGNED,STRUCTURE_SUPPORTS,STRUCTURE_SUPPORTS,SELL_PRESSURE_MODERATE,SELL_PRESSURE_MODERATE,LOCATION_ACCEPTABLE,SELL_PRESSURE_MODERATE,66%,ALLOW,ALIGNED,80,90,0,UNKNOWN,ACCEPTED,GOOD_TIMING_NEAR_SIGNAL_PRICE,EXACT_JOURNAL
CAMP-136,"109812316|XAUUSD|20250401|M30_THREE_M10|2026.07.13_14:00:00|CORE|SELL|EVIDENCE=5206,5207,5208",2026.07.13 14:00:30,2026.07.13 14:03:30,180.0,4060.97,4061.87,0.0,true,ENTER_NOW,TREND_DN,TREND_DN,False,,,False,LOCATION_ACCEPTABLE,LOCATION_ACCEPTABLE,EXHAUSTION_HIGH,EXHAUSTION_HIGH,TIMING_WAIT_PULLBACK,TIMING_WAIT_PULLBACK,HTF_ALIGNED,HTF_ALIGNED,STRUCTURE_STRONGLY_SUPPORTS,STRUCTURE_STRONGLY_SUPPORTS,PRESSURE_BALANCED,PRESSURE_BALANCED,LOCATION_ACCEPTABLE,PRESSURE_BALANCED,66%,ALLOW,ALIGNED,25,15,40,UNKNOWN,UNCONFIRMED,GOOD_TIMING_NEAR_SIGNAL_PRICE,EXACT_JOURNAL
CAMP-137,"109812316|XAUUSD|20250401|M30_THREE_M10|2026.07.14_11:00:00|CORE|SELL|EVIDENCE=5320,5321,5322",2026.07.14 11:00:00,2026.07.14 11:03:00,180.0,4020.69,4019.62,0.071,true,ENTER_NOW,TREND_DN,TREND_DN,False,TRANSITION_NEUTRAL,OPPOSITE_DIRECTION_FORMING,True,LOCATION_RESET_PENDING,,EXHAUSTION_RESET_CONFIRMED,,TIMING_WAIT_CONFIRMATION,,HTF_TRANSITIONING,,STRUCTURE_SUPPORTS,,PRESSURE_TRANSITIONING,,LOCATION_RESET_PENDING,PRESSURE_TRANSITIONING,72%,ALLOW,ALIGNED,80,90,0,UNKNOWN,ACCEPTED,MODERATE_DRIFT_DURING_TIMER,EXACT_JOURNAL
CAMP-138,"109812316|XAUUSD|20250401|M30_THREE_M10|2026.07.14_11:30:00|CORE|SELL|EVIDENCE=5323,5324,5325",2026.07.14 11:30:30,2026.07.14 11:33:30,180.0,4021.81,4020.15,0.104,true,ENTER_NOW,TREND_DN,TREND_DN,False,,OPPOSITE_DIRECTION_FORMING,False,LOCATION_RESET_PENDING,,EXHAUSTION_RESET_CONFIRMED,,TIMING_WAIT_CONFIRMATION,,HTF_TRANSITIONING,,STRUCTURE_SUPPORTS,,PRESSURE_TRANSITIONING,,LOCATION_RESET_PENDING,PRESSURE_TRANSITIONING,75%,ALLOW,ALIGNED,25,0,60,UNKNOWN,UNCONFIRMED,MODERATE_DRIFT_DURING_TIMER,EXACT_JOURNAL
CAMP-139,"109812316|XAUUSD|20250401|M30_THREE_M10|2026.07.14_12:30:00|CORE|SELL|EVIDENCE=5329,5330,5331",2026.07.14 12:30:30,2026.07.14 12:33:30,180.0,4017.27,4015.23,0.123,true,ENTER_NOW,TREND_DN,TREND_DN,False,,OPPOSITE_DIRECTION_FORMING,False,LOCATION_LATE,,EXHAUSTION_RESET_CONFIRMED,,TIMING_WAIT_RECLAIM,,HTF_TRANSITIONING,,STRUCTURE_SUPPORTS,,PRESSURE_TRANSITIONING,,LOCATION_LATE,PRESSURE_TRANSITIONING,75%,ALLOW,ALIGNED,80,90,0,UNKNOWN,ACCEPTED,MODERATE_DRIFT_DURING_TIMER,EXACT_JOURNAL
CAMP-140,"109812316|XAUUSD|20250401|M30_THREE_M10|2026.07.14_16:00:00|CORE|SELL|EVIDENCE=5350,5351,5352",2026.07.14 16:00:29,2026.07.14 16:02:59,150.0,4075.58,4079.41,0.0,true,ENTER_NOW,BRKT_UP,BRKT_UP,False,,TRANSITION_NEUTRAL,False,LOCATION_RESET_PENDING,,EXHAUSTION_RESET_CONFIRMED,,TIMING_WAIT_RECLAIM,,HTF_ALIGNED,,STRUCTURE_OPPOSES,,SELL_PRESSURE_STRONG,,LOCATION_RESET_PENDING,SELL_PRESSURE_STRONG,74%,ALLOW,ALIGNED,80,60,0,UNKNOWN,ACCEPTED,GOOD_TIMING_NEAR_SIGNAL_PRICE,EXACT_JOURNAL
CAMP-141,"109812316|XAUUSD|20250401|M30_THREE_M10|2026.07.14_19:00:00|CORE|SELL|EVIDENCE=5368,5369,5370",2026.07.14 19:00:30,2026.07.14 19:03:00,150.0,4063.7,4064.08,0.0,true,ENTER_NOW,TREND_UP,TREND_UP,False,,OPPOSITE_DIRECTION_FORMING,False,LOCATION_RESET_PENDING,,EXHAUSTION_RESET_CONFIRMED,,TIMING_WAIT_CONFIRMATION,,HTF_TRANSITIONING,,STRUCTURE_OPPOSES,,PRESSURE_TRANSITIONING,,LOCATION_RESET_PENDING,PRESSURE_TRANSITIONING,99%,ALLOW,ALIGNED,80,75,20,UNKNOWN,ACCEPTED,GOOD_TIMING_NEAR_SIGNAL_PRICE,EXACT_JOURNAL
CAMP-142,"109812316|XAUUSD|20250401|M30_THREE_M10|2026.07.15_03:00:00|CORE|BUY|EVIDENCE=5404,5405,5406",2026.07.15 03:00:00,2026.07.15 03:03:00,180.0,4053.25,4053.2,0.0,true,ENTER_NOW,TREND_UP,TREND_UP,False,TRANSITION_NEUTRAL,TRANSITION_NEUTRAL,False,LOCATION_RESET_PENDING,,EXHAUSTION_RESET_CONFIRMED,,TIMING_WAIT_PULLBACK,,HTF_TRANSITIONING,,STRUCTURE_SUPPORTS,,PRESSURE_TRANSITIONING,,LOCATION_RESET_PENDING,PRESSURE_TRANSITIONING,75%,ALLOW,OPPOSED,25,30,0,UNKNOWN,UNCONFIRMED,GOOD_TIMING_NEAR_SIGNAL_PRICE,EXACT_JOURNAL
CAMP-143,"109812316|XAUUSD|20250401|M30_THREE_M10|2026.07.15_03:30:00|CORE|BUY|EVIDENCE=5407,5408,5409",2026.07.15 03:30:30,2026.07.15 03:33:00,150.0,4057.03,4056.73,0.0,true,ENTER_NOW,TREND_UP,TREND_UP,False,,OPPOSITE_DIRECTION_FORMING,False,LOCATION_RESET_PENDING,,EXHAUSTION_RESET_CONFIRMED,,TIMING_WAIT_PULLBACK,,HTF_TRANSITIONING,,STRUCTURE_SUPPORTS,,PRESSURE_TRANSITIONING,,LOCATION_RESET_PENDING,PRESSURE_TRANSITIONING,75%,ALLOW,OPPOSED,80,90,0,UNKNOWN,ACCEPTED,GOOD_TIMING_NEAR_SIGNAL_PRICE,EXACT_JOURNAL
CAMP-144,"109812316|XAUUSD|20250401|M30_THREE_M10|2026.07.15_04:00:00|CORE|BUY|EVIDENCE=5410,5411,5412",2026.07.15 04:00:00,2026.07.15 04:03:00,180.0,4059.43,4058.18,0.0,true,ENTER_NOW,TREND_UP,TREND_UP,False,OPPOSITE_DIRECTION_FORMING,OPPOSITE_DIRECTION_FORMING,False,LOCATION_RESET_PENDING,,EXHAUSTION_RESET_CONFIRMED,,TIMING_WAIT_PULLBACK,,HTF_TRANSITIONING,,STRUCTURE_SUPPORTS,,PRESSURE_TRANSITIONING,,LOCATION_RESET_PENDING,PRESSURE_TRANSITIONING,75%,ALLOW,OPPOSED,80,90,0,UNKNOWN,ACCEPTED,GOOD_TIMING_NEAR_SIGNAL_PRICE,EXACT_JOURNAL
CAMP-145,"109812316|XAUUSD|20250401|M30_THREE_M10|2026.07.15_06:00:00|CORE|BUY|EVIDENCE=5422,5423,5424",2026.07.15 06:00:30,2026.07.15 06:03:30,180.0,4036.93,4038.37,0.072,true,ENTER_NOW,TREND_UP,TREND_UP,False,,OPPOSITE_DIRECTION_FORMING,False,LOCATION_RESET_PENDING,,EXHAUSTION_RESET_CONFIRMED,,TIMING_WAIT_PULLBACK,,HTF_TRANSITIONING,,STRUCTURE_SUPPORTS,,PRESSURE_TRANSITIONING,,LOCATION_RESET_PENDING,PRESSURE_TRANSITIONING,75%,ALLOW,OPPOSED,25,0,60,UNKNOWN,UNCONFIRMED,MODERATE_DRIFT_DURING_TIMER,EXACT_JOURNAL
CAMP-146,"109812316|XAUUSD|20250401|M30_THREE_M10|2026.07.15_09:00:00|CORE|BUY|EVIDENCE=5440,5441,5442",2026.07.15 09:00:30,2026.07.15 09:03:30,180.0,4033.29,4032.45,0.0,true,ENTER_NOW,TREND_DN,TREND_DN,False,,TRANSITION_NEUTRAL,False,LOCATION_RESET_PENDING,,EXHAUSTION_RESET_CONFIRMED,,TIMING_WAIT_RECLAIM,,HTF_TRANSITIONING,,STRUCTURE_SUPPORTS,,PRESSURE_TRANSITIONING,,LOCATION_RESET_PENDING,PRESSURE_TRANSITIONING,75%,ALLOW,OPPOSED,80,60,20,UNKNOWN,ACCEPTED,GOOD_TIMING_NEAR_SIGNAL_PRICE,EXACT_JOURNAL
CAMP-147,"109812316|XAUUSD|20250401|M30_THREE_M10|2026.07.15_11:30:00|CORE|BUY|EVIDENCE=5455,5456,5457",2026.07.15 11:30:30,2026.07.15 11:33:30,180.0,4027.34,4029.15,0.098,true,ENTER_NOW,TREND_DN,TREND_DN,False,,TRANSITION_NEUTRAL,False,LOCATION_RESET_PENDING,,EXHAUSTION_RESET_CONFIRMED,,TIMING_WAIT_CONFIRMATION,,HTF_TRANSITIONING,,STRUCTURE_SUPPORTS,,PRESSURE_TRANSITIONING,,LOCATION_RESET_PENDING,PRESSURE_TRANSITIONING,93%,ALLOW,OPPOSED,25,60,40,UNKNOWN,UNCONFIRMED,MODERATE_DRIFT_DURING_TIMER,EXACT_JOURNAL
CAMP-148,"109812316|XAUUSD|20250401|M30_THREE_M10|2026.07.15_14:30:00|CORE|BUY|EVIDENCE=5473,5474,5475",2026.07.15 14:30:30,2026.07.15 14:33:30,180.0,4029.62,4032.65,0.209,true,ENTER_NOW,TREND_DN,TREND_DN,False,,TRANSITION_NEUTRAL,False,LOCATION_EXTREME,,EXHAUSTION_RESET_CONFIRMED,,TIMING_WAIT_PULLBACK,,HTF_TRANSITIONING,,STRUCTURE_SUPPORTS,,PRESSURE_TRANSITIONING,,LOCATION_EXTREME,PRESSURE_TRANSITIONING,93%,ALLOW,OPPOSED,80,45,20,UNKNOWN,ACCEPTED,LATE_ENTRY_CHASED_DURING_TIMER,EXACT_JOURNAL
CAMP-149,"109812316|XAUUSD|20250401|M30_THREE_M10|2026.07.15_15:00:00|CORE|BUY|EVIDENCE=5476,5477,5478",2026.07.15 15:00:31,2026.07.15 15:03:01,150.0,4039.37,4040.57,0.082,true,ENTER_NOW,TREND_DN,TREND_DN,False,,TREND_MATURE,False,LOCATION_EXTREME,LOCATION_EXTREME,EXHAUSTION_MODERATE,EXHAUSTION_MODERATE,TIMING_WAIT_PULLBACK,TIMING_WAIT_PULLBACK,HTF_CONFLICT,HTF_CONFLICT,STRUCTURE_SUPPORTS,STRUCTURE_SUPPORTS,BUY_PRESSURE_MODERATE,BUY_PRESSURE_MODERATE,LOCATION_EXTREME,BUY_PRESSURE_MODERATE,47%,ALLOW,OPPOSED,80,45,20,UNKNOWN,ACCEPTED,MODERATE_DRIFT_DURING_TIMER,EXACT_JOURNAL
CAMP-150,"109812316|XAUUSD|20250401|M30_THREE_M10|2026.07.15_16:00:00|CORE|BUY|EVIDENCE=5482,5483,5484",2026.07.15 16:00:43,2026.07.15 16:03:13,150.0,4066.19,4067.8,0.079,true,ENTER_NOW,BRKT_UP,BRKT_UP,False,,TREND_MATURE,False,LOCATION_EXTREME,LOCATION_EXTREME,EXHAUSTION_MODERATE,EXHAUSTION_MODERATE,TIMING_WAIT_PULLBACK,TIMING_WAIT_PULLBACK,HTF_CONFLICT,HTF_CONFLICT,STRUCTURE_SUPPORTS,STRUCTURE_SUPPORTS,BUY_PRESSURE_STRONG,BUY_PRESSURE_STRONG,LOCATION_EXTREME,BUY_PRESSURE_STRONG,45%,ALLOW,OPPOSED,80,90,20,UNKNOWN,ACCEPTED,MODERATE_DRIFT_DURING_TIMER,EXACT_JOURNAL
CAMP-151,"109812316|XAUUSD|20250401|M30_THREE_M10|2026.07.16_10:00:00|CORE|BUY|EVIDENCE=5578,5579,5580",2026.07.16 10:00:00,2026.07.16 10:03:00,180.0,4030.91,4030.06,0.0,true,ENTER_NOW,TREND_DN,TREND_DN,False,TRANSITION_NEUTRAL,TRANSITION_NEUTRAL,False,LOCATION_RESET_PENDING,,EXHAUSTION_RESET_CONFIRMED,,TIMING_WAIT_CONFIRMATION,,HTF_TRANSITIONING,,STRUCTURE_SUPPORTS,,PRESSURE_TRANSITIONING,,LOCATION_RESET_PENDING,PRESSURE_TRANSITIONING,86%,ALLOW,OPPOSED,25,60,40,UNKNOWN,UNCONFIRMED,GOOD_TIMING_NEAR_SIGNAL_PRICE,EXACT_JOURNAL
CAMP-152,"109812316|XAUUSD|20250401|M30_THREE_M10|2026.07.16_11:00:00|CORE|BUY|EVIDENCE=5584,5585,5586",2026.07.16 11:00:30,2026.07.16 11:03:30,180.0,4030.51,4033.18,0.166,true,ENTER_NOW,TREND_DN,TREND_DN,False,,TRANSITION_NEUTRAL,False,LOCATION_RESET_PENDING,LOCATION_RESET_PENDING,EXHAUSTION_RESET_CONFIRMED,EXHAUSTION_RESET_CONFIRMED,TIMING_WAIT_CONFIRMATION,TIMING_WAIT_CONFIRMATION,HTF_TRANSITIONING,HTF_TRANSITIONING,STRUCTURE_SUPPORTS,STRUCTURE_SUPPORTS,PRESSURE_TRANSITIONING,PRESSURE_TRANSITIONING,LOCATION_RESET_PENDING,PRESSURE_TRANSITIONING,88%,ALLOW,OPPOSED,25,15,20,UNKNOWN,UNCONFIRMED,LATE_ENTRY_CHASED_DURING_TIMER,EXACT_JOURNAL
CAMP-153,"109812316|XAUUSD|20250401|M30_THREE_M10|2026.07.16_15:30:00|CORE|BUY|EVIDENCE=5611,5612,5613",2026.07.16 15:30:30,2026.07.16 15:33:30,180.0,4028.98,4023.88,0.0,true,ENTER_NOW,TREND_DN,TREND_DN,False,,OPPOSITE_DIRECTION_FORMING,False,LOCATION_RESET_PENDING,,EXHAUSTION_RESET_CONFIRMED,,TIMING_WAIT_CONFIRMATION,,HTF_TRANSITIONING,,STRUCTURE_SUPPORTS,,PRESSURE_TRANSITIONING,,LOCATION_RESET_PENDING,PRESSURE_TRANSITIONING,91%,ALLOW,OPPOSED,25,15,80,UNKNOWN,UNCONFIRMED,GOOD_TIMING_NEAR_SIGNAL_PRICE,EXACT_JOURNAL
