ticket,campaign_id,leg_role,direction,volume_lots,entry_time,entry_price,structural_sl_price,sl_distance_price,risk_usd,exit_time,exit_price,exit_reason_ea,exit_authority,exit_broker_comment,hold_minutes,commission,swap,realized_profit_usd,realized_r,mfe_r,mfe_usd,mae_r,mae_usd,mfe_capture_pct,checkpoint_0_20R,checkpoint_0_30R,checkpoint_0_40R,checkpoint_0_50R,checkpoint_0_75R,checkpoint_1_00R,result,entry_data_source,exit_data_source
2,CAMP-1,CORE,BUY,0.35,2026.05.18 07:03:30,4547.03,4518.87,28.16,985.6,2026.05.18 10:32:58,4554.1,R_EXIT_GIVEBACK_45,EA_MANAGED_CLOSE,,209.47,0.0,0.0,247.45,0.251,0.458,451.15,-0.616,-607.25,54.8,207.90,296.10,394.45,n/a,n/a,n/a,WIN,EXACT_JOURNAL,EXACT_JOURNAL
4,CAMP-2,CORE,SELL,0.87,2026.05.18 13:33:31,4536.22,4547.87,11.65,1013.55,2026.05.18 13:35:11,4533.83,EXTERNAL_CLOSE_BROKER_SL,BROKER_SL,sl 4533.78,1.67,0.0,0.0,207.93,0.213,0.36,364.53,-0.038,-38.28,59.2,202.71,304.50,n/a,n/a,n/a,n/a,WIN,EXACT_JOURNAL,EXACT_JOURNAL
6,CAMP-3,CORE,SELL,1.04,2026.05.18 14:03:30,4540.47,4550.45,9.98,1037.92,2026.05.18 14:09:32,4538.7,R_EXIT_GIVEBACK_45,EA_MANAGED_CLOSE,,6.03,0.0,0.0,184.08,0.177,0.326,338.0,-0.016,-16.64,54.3,217.36,332.80,n/a,n/a,n/a,n/a,WIN,EXACT_JOURNAL,EXACT_JOURNAL
8,CAMP-4,CORE,SELL,0.91,2026.05.18 14:33:00,4539.15,4550.77,11.62,1057.42,2026.05.18 14:39:23,4550.82,EXTERNAL_CLOSE_BROKER_SL,BROKER_SL,sl 4550.77,6.38,0.0,0.0,-1061.97,-0.959,0.061,64.61,-0.959,-1013.74,-1572.1,n/a,n/a,n/a,n/a,n/a,n/a,LOSS,EXACT_JOURNAL,EXACT_JOURNAL
10,CAMP-5,CORE,SELL,0.4,2026.05.18 15:03:00,4548.64,4572.52,23.88,955.2,2026.05.18 15:46:00,4572.62,EXTERNAL_CLOSE_BROKER_SL,BROKER_SL,sl 4572.52,43.0,0.0,0.0,-959.2,-0.998,0.134,128.4,-0.998,-953.6,-744.8,n/a,n/a,n/a,n/a,n/a,n/a,LOSS,EXACT_JOURNAL,EXACT_JOURNAL
12,CAMP-6,CORE,BUY,0.35,2026.05.18 20:03:30,4553.16,4528.54,24.62,861.7,2026.05.18 22:03:50,4559.64,R_EXIT_GIVEBACK_45,EA_MANAGED_CLOSE,,120.33,0.0,0.0,226.8,0.263,0.483,415.8,-0.775,-667.8,54.5,173.25,259.00,353.85,n/a,n/a,n/a,WIN,EXACT_JOURNAL,EXACT_JOURNAL
14,CAMP-7,CORE,BUY,0.31,2026.05.18 22:33:00,4556.67,4528.25,28.42,881.02,2026.05.19 01:02:10,4566.95,BASKET_FLOOR_TRIGGERED,EA_MANAGED_CLOSE,,149.17,0.0,-3.91,318.68,0.438,0.487,428.85,-0.05,-43.71,89.9,176.70,297.72,385.14,n/a,n/a,n/a,WIN,EXACT_JOURNAL,EXACT_JOURNAL
15,CAMP-7,PYRAMID,BUY,0.17,2026.05.18 22:48:51,4561.67,4542.66,19.01,323.17,2026.05.19 01:02:10,4566.95,BASKET_FLOOR_TRIGGERED,EA_MANAGED_CLOSE,,133.32,0.0,-2.14,89.76,0.391,0.465,150.18,-0.227,-73.27,84.1,78.27,126.21,132.84,n/a,n/a,n/a,WIN,EXACT_JOURNAL,EXACT_JOURNAL
18,CAMP-8,CORE,SELL,0.31,2026.05.19 04:03:22,4562.14,4591.76,29.62,918.22,2026.05.19 05:54:26,4552.02,BASKET_FLOOR_TRIGGERED,EA_MANAGED_CLOSE,,111.07,0.0,0.0,313.72,0.343,0.459,421.91,-0.355,-325.81,74.7,187.55,276.52,372.00,n/a,n/a,n/a,WIN,EXACT_JOURNAL,EXACT_JOURNAL
19,CAMP-8,PYRAMID,SELL,0.17,2026.05.19 04:24:23,4556.54,4577.78,21.24,361.08,2026.05.19 05:54:26,4552.02,BASKET_FLOOR_TRIGGERED,EA_MANAGED_CLOSE,,90.05,0.0,0.0,76.84,0.215,0.377,136.17,-0.758,-273.87,57.0,75.65,108.80,n/a,n/a,n/a,n/a,WIN,EXACT_JOURNAL,EXACT_JOURNAL
22,CAMP-9,CORE,BUY,0.87,2026.05.19 09:03:30,4539.12,4528.04,11.08,963.96,2026.05.19 09:13:13,4542.49,R_EXIT_RUNNER_CONTINUATION_FAILED,EA_MANAGED_CLOSE,,9.72,0.0,0.0,293.19,0.304,0.304,293.19,-0.273,-263.61,100.0,194.01,293.19,n/a,n/a,n/a,n/a,WIN,EXACT_JOURNAL,EXACT_JOURNAL
24,CAMP-10,CORE,BUY,0.47,2026.05.19 09:33:00,4547.24,4526.3,20.94,984.18,2026.05.19 10:09:13,4553.77,R_EXIT_RUNNER_CONTINUATION_FAILED,EA_MANAGED_CLOSE,,36.22,0.0,0.0,306.91,0.312,0.312,306.91,-0.196,-193.17,100.0,196.93,306.91,n/a,n/a,n/a,n/a,WIN,EXACT_JOURNAL,EXACT_JOURNAL
26,CAMP-11,CORE,BUY,0.62,2026.05.19 11:03:00,4553.71,4537.27,16.44,1019.28,2026.05.19 11:28:26,4537.27,EXTERNAL_CLOSE_BROKER_SL,BROKER_SL,sl 4537.27,25.43,0.0,0.0,-1019.28,-0.998,0.089,91.14,-0.998,-1016.8,-1121.3,n/a,n/a,n/a,n/a,n/a,n/a,LOSS,EXACT_JOURNAL,EXACT_JOURNAL
28,CAMP-12,CORE,BUY,0.33,2026.05.19 14:03:30,4547.01,4519.89,27.12,894.96,2026.05.19 16:07:26,4519.84,EXTERNAL_CLOSE_BROKER_SL,BROKER_SL,sl 4519.89,123.93,0.0,0.0,-896.61,-0.996,0.006,4.95,-0.996,-891.66,-16600.0,n/a,n/a,n/a,n/a,n/a,n/a,LOSS,EXACT_JOURNAL,EXACT_JOURNAL
30,CAMP-13,CORE,SELL,0.41,2026.05.20 16:33:00,4490.43,4510.59,20.16,826.56,2026.05.20 17:03:42,4483.34,BASKET_FLOOR_TRIGGERED,EA_MANAGED_CLOSE,,30.7,0.0,0.0,290.69,0.354,0.467,386.22,-0.134,-111.11,75.8,168.10,256.66,335.79,n/a,n/a,n/a,WIN,EXACT_JOURNAL,EXACT_JOURNAL
31,CAMP-13,PYRAMID,SELL,0.23,2026.05.20 16:40:09,4485.46,4502.67,17.21,395.83,2026.05.20 17:03:42,4483.34,BASKET_FLOOR_TRIGGERED,EA_MANAGED_CLOSE,,23.55,0.0,0.0,48.76,0.126,0.259,102.35,-0.399,-158.01,48.6,79.58,n/a,n/a,n/a,n/a,n/a,WIN,EXACT_JOURNAL,EXACT_JOURNAL
34,CAMP-14,CORE,BUY,0.34,2026.05.21 11:33:30,4531.36,4506.61,24.75,841.5,2026.05.21 12:24:04,4540.01,BASKET_FLOOR_TRIGGERED,EA_MANAGED_CLOSE,,50.57,0.0,0.0,294.1,0.351,0.451,379.44,-0.19,-159.8,77.8,170.68,259.08,337.62,n/a,n/a,n/a,WIN,EXACT_JOURNAL,EXACT_JOURNAL
35,CAMP-14,PYRAMID,BUY,0.19,2026.05.21 12:13:27,4539.29,4522.25,17.04,323.76,2026.05.21 12:24:04,4540.01,BASKET_FLOOR_TRIGGERED,EA_MANAGED_CLOSE,,10.62,0.0,0.0,13.68,0.044,0.19,61.37,-0.167,-54.15,23.2,n/a,n/a,n/a,n/a,n/a,n/a,WIN,EXACT_JOURNAL,EXACT_JOURNAL
38,CAMP-15,CORE,BUY,0.32,2026.05.21 17:03:30,4509.95,4482.66,27.29,873.28,2026.05.21 19:13:12,4516.66,EXTERNAL_CLOSE_BROKER_SL,BROKER_SL,sl 4516.75,129.7,0.0,0.0,214.72,0.252,0.399,348.48,-0.486,-424.32,63.2,175.04,265.60,n/a,n/a,n/a,n/a,WIN,EXACT_JOURNAL,EXACT_JOURNAL
40,CAMP-16,CORE,BUY,0.34,2026.05.21 19:33:30,4517.51,4491.08,26.43,898.62,2026.05.21 20:11:56,4527.49,R_PROFIT_GUARANTEE_FLOOR_BREACH,EA_MANAGED_CLOSE,,38.43,0.0,0.0,339.32,0.378,0.54,485.18,-0.126,-113.22,70.0,191.76,277.78,361.08,449.48,n/a,n/a,WIN,EXACT_JOURNAL,EXACT_JOURNAL
42,CAMP-17,CORE,BUY,0.21,2026.05.21 21:03:00,4549.38,4505.73,43.65,916.65,2026.05.22 17:01:46,4505.67,EXTERNAL_CLOSE_BROKER_SL,BROKER_SL,sl 4505.73,1198.77,0.0,-2.65,-917.91,-1.001,0.036,32.97,-1.001,-917.41,-2780.6,n/a,n/a,n/a,n/a,n/a,n/a,LOSS,EXACT_JOURNAL,EXACT_JOURNAL
44,CAMP-18,CORE,SELL,0.65,2026.05.25 08:33:00,4555.77,4568.92,13.15,854.75,2026.05.25 09:06:06,4552.68,EXTERNAL_CLOSE_BROKER_SL,BROKER_SL,sl 4552.61,33.1,0.0,0.0,200.85,0.25,0.39,333.45,-0.408,-349.05,64.1,173.55,261.30,n/a,n/a,n/a,n/a,WIN,EXACT_JOURNAL,EXACT_JOURNAL
46,CAMP-19,CORE,BUY,0.5,2026.05.25 10:03:00,4564.29,4546.83,17.46,873.0,2026.05.25 13:25:23,4570.84,R_PROFIT_GUARANTEE_FLOOR_BREACH,EA_MANAGED_CLOSE,,202.38,0.0,0.0,327.5,0.375,0.541,472.5,-0.674,-588.5,69.3,175.50,267.50,349.50,440.00,n/a,n/a,WIN,EXACT_JOURNAL,EXACT_JOURNAL
48,CAMP-20,CORE,BUY,0.5,2026.05.26 11:03:00,4535.66,4517.7,17.96,898.0,2026.05.26 12:32:26,4517.64,EXTERNAL_CLOSE_BROKER_SL,BROKER_SL,sl 4517.70,89.43,0.0,0.0,-901.0,-0.989,0.112,100.5,-0.989,-888.0,-883.0,n/a,n/a,n/a,n/a,n/a,n/a,LOSS,EXACT_JOURNAL,EXACT_JOURNAL
50,CAMP-21,CORE,SELL,0.43,2026.05.27 05:03:30,4506.31,4525.15,18.84,810.12,2026.05.27 05:18:04,4502.49,R_EXIT_GIVEBACK_45,EA_MANAGED_CLOSE,,14.57,0.0,0.0,164.26,0.203,0.373,301.86,-0.03,-24.08,54.4,163.40,252.41,n/a,n/a,n/a,n/a,WIN,EXACT_JOURNAL,EXACT_JOURNAL
52,CAMP-22,CORE,SELL,0.49,2026.05.27 07:03:00,4498.61,4515.55,16.94,830.06,2026.05.27 07:49:28,4515.67,EXTERNAL_CLOSE_BROKER_SL,BROKER_SL,sl 4515.55,46.47,0.0,0.0,-835.94,-0.99,0.035,29.4,-0.992,-823.2,-2828.6,n/a,n/a,n/a,n/a,n/a,n/a,LOSS,EXACT_JOURNAL,EXACT_JOURNAL
54,CAMP-23,CORE,SELL,0.71,2026.05.27 08:03:00,4509.38,4519.92,10.54,748.34,2026.05.27 08:16:34,4507.42,R_EXIT_GIVEBACK_45,EA_MANAGED_CLOSE,,13.57,0.0,0.0,139.16,0.186,0.357,266.96,-0.45,-336.54,52.1,156.91,227.91,n/a,n/a,n/a,n/a,WIN,EXACT_JOURNAL,EXACT_JOURNAL
56,CAMP-24,CORE,SELL,0.48,2026.05.28 02:33:00,4449.98,4465.8,15.82,759.36,2026.05.28 02:53:12,4446.58,R_PROFIT_GUARANTEE_FLOOR_BREACH,EA_MANAGED_CLOSE,,20.2,0.0,0.0,163.2,0.215,0.37,281.28,-0.271,-205.92,58.1,152.16,248.64,n/a,n/a,n/a,n/a,WIN,EXACT_JOURNAL,EXACT_JOURNAL
58,CAMP-25,CORE,SELL,0.59,2026.05.28 03:03:00,4452.2,4465.44,13.24,781.16,2026.05.28 03:06:40,4449.54,EXTERNAL_CLOSE_BROKER_SL,BROKER_SL,sl 4449.35,3.67,0.0,0.0,156.94,0.219,0.366,285.56,-0.02,-15.34,59.8,157.53,242.49,n/a,n/a,n/a,n/a,WIN,EXACT_JOURNAL,EXACT_JOURNAL
60,CAMP-26,CORE,SELL,0.39,2026.05.28 22:03:30,4500.59,4520.81,20.22,788.58,2026.05.29 01:10:00,4493.91,R_EXIT_RUNNER_CONTINUATION_FAILED,EA_MANAGED_CLOSE,,186.5,0.0,-1.79,260.52,0.328,0.412,325.03,-0.142,-111.77,79.6,157.72,236.89,315.67,n/a,n/a,n/a,WIN,EXACT_JOURNAL,EXACT_JOURNAL
62,CAMP-27,CORE,SELL,0.86,2026.05.29 01:33:00,4495.73,4505.27,9.54,820.44,2026.05.29 01:52:37,4494.25,R_EXIT_GIVEBACK_45,EA_MANAGED_CLOSE,,19.62,0.0,0.0,127.28,0.155,0.324,265.74,-0.107,-87.72,47.8,164.26,258.86,n/a,n/a,n/a,n/a,WIN,EXACT_JOURNAL,EXACT_JOURNAL
64,CAMP-28,CORE,BUY,0.46,2026.05.29 07:33:00,4509.32,4491.13,18.19,836.74,2026.05.29 08:00:53,4512.63,R_EXIT_GIVEBACK_45,EA_MANAGED_CLOSE,,27.88,0.0,0.0,152.26,0.182,0.338,282.44,-0.061,-51.06,53.8,167.44,253.46,n/a,n/a,n/a,n/a,WIN,EXACT_JOURNAL,EXACT_JOURNAL
66,CAMP-29,CORE,BUY,0.42,2026.05.29 08:03:30,4510.84,4490.9,19.94,837.48,2026.05.29 09:01:47,4518.48,R_PROFIT_GUARANTEE_FLOOR_BREACH,EA_MANAGED_CLOSE,,58.28,0.0,0.0,320.88,0.383,0.55,460.32,-0.408,-341.88,69.6,169.26,258.72,338.52,419.58,n/a,n/a,WIN,EXACT_JOURNAL,EXACT_JOURNAL
68,CAMP-30,CORE,SELL,0.37,2026.05.29 15:33:00,4520.23,4543.94,23.71,877.27,2026.05.29 17:01:49,4544.15,EXTERNAL_CLOSE_BROKER_SL,BROKER_SL,sl 4543.94,88.82,0.0,0.0,-885.04,-0.706,0.309,270.84,-0.872,-765.16,-228.5,179.45,266.03,n/a,n/a,n/a,n/a,LOSS,EXACT_JOURNAL,EXACT_JOURNAL
69,CAMP-30,PYRAMID,SELL,0.21,2026.05.29 15:41:43,4515.46,4533.74,18.28,383.88,2026.05.29 16:40:14,4533.75,EXTERNAL_CLOSE_BROKER_SL,BROKER_SL,sl 4533.74,58.52,0.0,0.0,-384.09,-0.999,0.139,53.55,-0.999,-383.46,-718.7,n/a,n/a,n/a,n/a,n/a,n/a,LOSS,EXACT_JOURNAL,EXACT_JOURNAL
72,CAMP-31,CORE,BUY,0.64,2026.06.01 07:03:30,4518.75,4506.94,11.81,755.84,2026.06.01 08:25:25,4521.36,R_PROFIT_GUARANTEE_FLOOR_BREACH,EA_MANAGED_CLOSE,,81.92,0.0,0.0,167.04,0.221,0.373,282.24,-0.86,-650.24,59.2,151.68,231.04,n/a,n/a,n/a,n/a,WIN,EXACT_JOURNAL,EXACT_JOURNAL
74,CAMP-32,CORE,BUY,0.78,2026.06.01 08:33:25,4516.06,4506.11,9.95,776.1,2026.06.01 08:39:39,4520.2,R_PROFIT_GUARANTEE_FLOOR_BREACH,EA_MANAGED_CLOSE,,6.23,0.0,0.0,322.92,0.416,0.603,468.0,-0.335,-259.74,69.0,156.78,234.78,336.18,389.22,n/a,n/a,WIN,EXACT_JOURNAL,EXACT_JOURNAL
76,CAMP-33,CORE,BUY,0.28,2026.06.01 19:03:00,4474.61,4445.99,28.62,801.36,2026.06.01 20:43:34,4486.86,BASKET_FLOOR_TRIGGERED,EA_MANAGED_CLOSE,,100.57,0.0,0.0,343.0,0.436,0.561,449.96,-0.403,-322.56,77.7,162.68,241.92,325.92,406.56,n/a,n/a,WIN,EXACT_JOURNAL,EXACT_JOURNAL
77,CAMP-33,PYRAMID,BUY,0.16,2026.06.01 19:57:16,4480.4,4462.43,17.97,287.52,2026.06.01 20:43:34,4486.86,BASKET_FLOOR_TRIGGERED,EA_MANAGED_CLOSE,,46.3,0.0,0.0,103.36,0.372,0.572,164.48,-0.5,-143.68,65.0,57.92,87.20,115.84,144.64,n/a,n/a,WIN,EXACT_JOURNAL,EXACT_JOURNAL
78,CAMP-33,PYRAMID,BUY,0.09,2026.06.01 20:43:27,4485.18,4467.08,18.1,162.9,2026.06.01 20:43:34,4486.86,BASKET_FLOOR_TRIGGERED,EA_MANAGED_CLOSE,,0.12,0.0,0.0,15.12,0.105,0.304,49.5,0.0,0.0,34.5,32.76,48.87,n/a,n/a,n/a,n/a,WIN,EXACT_JOURNAL,EXACT_JOURNAL
82,CAMP-34,CORE,BUY,0.45,2026.06.01 21:03:30,4486.92,4468.13,18.79,845.55,2026.06.01 22:03:00,4487.43,DIRECTION_EXCLUSIVITY_PROFITABLE_CLOSE_FIRST,EA_MANAGED_CLOSE,,59.5,0.0,0.0,22.95,0.027,0.178,150.3,-0.108,-91.35,15.2,n/a,n/a,n/a,n/a,n/a,n/a,WIN,EXACT_JOURNAL,EXACT_JOURNAL
84,CAMP-35,CORE,SELL,0.46,2026.06.02 05:03:00,4478.37,4496.74,18.37,845.02,2026.06.02 05:09:51,4475.17,R_EXIT_GIVEBACK_45,EA_MANAGED_CLOSE,,6.85,0.0,0.0,147.2,0.174,0.321,270.94,-0.032,-27.14,54.2,171.58,254.38,n/a,n/a,n/a,n/a,WIN,EXACT_JOURNAL,EXACT_JOURNAL
86,CAMP-36,CORE,SELL,0.57,2026.06.02 12:03:00,4527.15,4542.38,15.23,868.11,2026.06.02 12:32:54,4524.51,R_EXIT_GIVEBACK_45,EA_MANAGED_CLOSE,,29.9,0.0,0.0,150.48,0.173,0.33,286.71,-0.576,-499.89,52.4,175.56,261.63,n/a,n/a,n/a,n/a,WIN,EXACT_JOURNAL,EXACT_JOURNAL
88,CAMP-37,CORE,BUY,0.73,2026.06.02 22:33:00,4488.11,4476.02,12.09,882.57,2026.06.03 01:01:24,4490.35,R_EXIT_GIVEBACK_45,EA_MANAGED_CLOSE,,148.4,0.0,-9.2,163.52,0.175,0.337,297.4,-0.678,-598.31,51.9,186.44,267.47,n/a,n/a,n/a,n/a,WIN,EXACT_JOURNAL,EXACT_JOURNAL
90,CAMP-38,CORE,BUY,0.63,2026.06.03 01:33:00,4491.17,4476.91,14.26,898.38,2026.06.03 02:10:55,4476.67,EXTERNAL_CLOSE_BROKER_SL,BROKER_SL,sl 4476.91,37.92,0.0,0.0,-913.5,-0.971,0.071,63.63,-0.971,-871.92,-1367.6,n/a,n/a,n/a,n/a,n/a,n/a,LOSS,EXACT_JOURNAL,EXACT_JOURNAL
92,CAMP-39,CORE,BUY,0.38,2026.06.03 03:03:30,4478.91,4457.62,21.29,809.02,2026.06.03 03:46:27,4492.53,BASKET_FLOOR_TRIGGERED,EA_MANAGED_CLOSE,,42.95,0.0,0.0,517.56,0.656,0.838,678.3,-0.222,-179.36,78.3,163.40,249.28,329.08,405.08,619.02,n/a,WIN,EXACT_JOURNAL,EXACT_JOURNAL
93,CAMP-39,PYRAMID,BUY,0.22,2026.06.03 03:35:37,4485.06,4468.0,17.06,375.32,2026.06.03 03:46:27,4492.53,BASKET_FLOOR_TRIGGERED,EA_MANAGED_CLOSE,,10.83,0.0,0.0,164.34,0.458,0.686,257.4,-0.021,-7.7,66.8,75.24,113.08,150.70,188.54,n/a,n/a,WIN,EXACT_JOURNAL,EXACT_JOURNAL
94,CAMP-39,PYRAMID,BUY,0.12,2026.06.03 03:41:36,4495.3,4476.98,18.32,219.84,2026.06.03 04:01:49,4476.87,EXTERNAL_CLOSE_BROKER_SL,BROKER_SL,sl 4476.98,20.22,0.0,0.0,-221.16,-0.132,0.08,17.52,-0.133,-29.16,-165.0,n/a,n/a,n/a,n/a,n/a,n/a,LOSS,EXACT_JOURNAL,EXACT_JOURNAL
98,CAMP-40,CORE,BUY,0.68,2026.06.03 05:03:30,4474.11,4461.54,12.57,854.76,2026.06.03 05:11:09,4477.07,R_EXIT_GIVEBACK_45,EA_MANAGED_CLOSE,,7.65,0.0,0.0,201.28,0.235,0.438,374.0,-0.068,-57.8,53.7,176.12,257.04,342.04,n/a,n/a,n/a,WIN,EXACT_JOURNAL,EXACT_JOURNAL
100,CAMP-41,CORE,BUY,0.55,2026.06.03 05:33:30,4476.86,4461.01,15.85,871.75,2026.06.03 05:37:49,4481.7,R_EXIT_RUNNER_CONTINUATION_FAILED,EA_MANAGED_CLOSE,,4.32,0.0,0.0,266.2,0.305,0.305,266.2,-0.02,-17.6,100.0,174.90,266.20,n/a,n/a,n/a,n/a,WIN,EXACT_JOURNAL,EXACT_JOURNAL
102,CAMP-42,CORE,SELL,0.65,2026.06.04 04:03:30,4454.88,4468.61,13.73,892.45,2026.06.04 04:20:18,4468.63,EXTERNAL_CLOSE_BROKER_SL,BROKER_SL,sl 4468.61,16.8,0.0,0.0,-893.75,-0.977,0.151,135.2,-0.977,-871.65,-647.0,n/a,n/a,n/a,n/a,n/a,n/a,LOSS,EXACT_JOURNAL,EXACT_JOURNAL
104,CAMP-43,CORE,SELL,0.19,2026.06.04 17:33:00,4482.68,4523.52,40.84,775.96,2026.06.04 17:50:25,4469.8,BASKET_FLOOR_TRIGGERED,EA_MANAGED_CLOSE,,17.42,0.0,0.0,244.72,0.318,0.423,328.32,-0.069,-53.77,75.2,155.80,233.13,313.31,n/a,n/a,n/a,WIN,EXACT_JOURNAL,EXACT_JOURNAL
105,CAMP-43,PYRAMID,SELL,0.11,2026.06.04 17:45:06,4474.97,4497.2,22.23,244.53,2026.06.04 17:50:25,4469.8,BASKET_FLOOR_TRIGGERED,EA_MANAGED_CLOSE,,5.32,0.0,0.0,56.87,0.237,0.43,105.27,-0.031,-7.48,55.1,48.95,75.68,98.78,n/a,n/a,n/a,WIN,EXACT_JOURNAL,EXACT_JOURNAL
108,CAMP-44,CORE,BUY,0.55,2026.06.04 19:33:30,4480.7,4465.45,15.25,838.75,2026.06.05 02:02:19,4465.29,EXTERNAL_CLOSE_BROKER_SL,BROKER_SL,sl 4465.45,388.82,0.0,-6.93,-847.55,-0.991,0.216,181.5,-0.991,-831.38,-458.8,168.85,n/a,n/a,n/a,n/a,n/a,LOSS,EXACT_JOURNAL,EXACT_JOURNAL
109,CAMP-44,PYRAMID,BUY,0.31,2026.06.04 22:32:30,4478.83,4468.77,10.06,311.86,2026.06.05 01:00:05,4467.9,EXTERNAL_CLOSE_BROKER_SL,BROKER_SL,sl 4468.77,147.58,0.0,-3.91,-338.83,-0.904,0.357,111.29,-1.0,-311.74,-253.2,63.55,93.93,n/a,n/a,n/a,n/a,LOSS,EXACT_JOURNAL,EXACT_JOURNAL
112,CAMP-45,CORE,SELL,0.25,2026.06.05 15:32:41,4452.74,4480.71,27.97,699.25,2026.06.05 15:37:03,4444.14,R_PROFIT_GUARANTEE_FLOOR_BREACH,EA_MANAGED_CLOSE,,4.37,0.0,0.0,215.0,0.307,0.459,321.0,-0.128,-89.25,66.9,140.00,210.00,281.00,n/a,n/a,n/a,WIN,EXACT_JOURNAL,EXACT_JOURNAL
114,CAMP-46,CORE,SELL,0.24,2026.06.08 17:33:00,4323.1,4353.11,30.01,720.24,2026.06.09 02:54:14,4317.66,R_EXIT_GIVEBACK_45,EA_MANAGED_CLOSE,,561.23,0.0,-1.1,130.56,0.18,0.33,237.7,-0.784,-564.72,54.5,148.32,219.22,n/a,n/a,n/a,n/a,WIN,EXACT_JOURNAL,EXACT_JOURNAL
116,CAMP-47,CORE,SELL,0.45,2026.06.09 07:33:00,4326.33,4343.15,16.82,756.9,2026.06.09 08:32:30,4343.16,EXTERNAL_CLOSE_BROKER_SL,BROKER_SL,sl 4343.15,59.5,0.0,0.0,-757.35,-0.999,0.116,87.75,-0.999,-756.45,-861.2,n/a,n/a,n/a,n/a,n/a,n/a,LOSS,EXACT_JOURNAL,EXACT_JOURNAL
118,CAMP-48,CORE,SELL,0.7,2026.06.09 10:03:30,4333.14,4342.83,9.69,678.3,2026.06.09 10:05:21,4331.47,R_EXIT_GIVEBACK_45,EA_MANAGED_CLOSE,,1.85,0.0,0.0,116.9,0.172,0.32,217.0,-0.193,-130.9,53.8,145.60,214.90,n/a,n/a,n/a,n/a,WIN,EXACT_JOURNAL,EXACT_JOURNAL
120,CAMP-49,CORE,SELL,0.38,2026.06.09 10:33:30,4326.29,4344.3,18.01,684.38,2026.06.09 15:47:43,4344.39,EXTERNAL_CLOSE_BROKER_SL,BROKER_SL,sl 4344.30,314.22,0.0,0.0,-687.8,-0.993,0.271,185.44,-0.994,-680.2,-366.4,139.08,n/a,n/a,n/a,n/a,n/a,LOSS,EXACT_JOURNAL,EXACT_JOURNAL
122,CAMP-50,CORE,SELL,0.34,2026.06.09 16:33:00,4330.92,4349.34,18.42,626.28,2026.06.09 16:42:29,4327.84,R_EXIT_GIVEBACK_45,EA_MANAGED_CLOSE,,9.48,0.0,0.0,104.72,0.167,0.308,193.12,-0.199,-124.78,54.2,130.56,193.12,n/a,n/a,n/a,n/a,WIN,EXACT_JOURNAL,EXACT_JOURNAL
124,CAMP-51,CORE,SELL,0.28,2026.06.11 09:03:30,4089.17,4111.36,22.19,621.32,2026.06.11 09:08:24,4082.48,EXTERNAL_CLOSE_BROKER_SL,BROKER_SL,sl 4082.47,4.9,0.0,0.0,187.32,0.306,0.452,280.84,-0.009,-5.32,67.7,125.44,187.60,249.76,n/a,n/a,n/a,WIN,EXACT_JOURNAL,EXACT_JOURNAL
126,CAMP-52,CORE,SELL,0.26,2026.06.11 09:33:00,4087.19,4111.85,24.66,641.16,2026.06.11 11:01:16,4111.88,EXTERNAL_CLOSE_BROKER_SL,BROKER_SL,sl 4111.85,88.27,0.0,0.0,-641.94,-1.0,0.162,103.74,-1.0,-640.9,-617.3,n/a,n/a,n/a,n/a,n/a,n/a,LOSS,EXACT_JOURNAL,EXACT_JOURNAL
128,CAMP-53,CORE,SELL,0.18,2026.06.11 12:03:00,4086.64,4119.26,32.62,587.16,2026.06.11 15:12:38,4076.38,BASKET_FLOOR_TRIGGERED,EA_MANAGED_CLOSE,,189.63,0.0,0.0,184.68,0.332,0.421,247.32,-0.309,-181.26,78.9,120.24,178.20,235.62,n/a,n/a,n/a,WIN,EXACT_JOURNAL,EXACT_JOURNAL
129,CAMP-53,PYRAMID,SELL,0.1,2026.06.11 15:00:09,4079.75,4097.55,17.8,178.0,2026.06.11 15:12:38,4076.38,BASKET_FLOOR_TRIGGERED,EA_MANAGED_CLOSE,,12.48,0.0,0.0,33.7,0.222,0.385,68.5,-0.425,-75.7,57.7,36.40,54.80,n/a,n/a,n/a,n/a,WIN,EXACT_JOURNAL,EXACT_JOURNAL
132,CAMP-54,CORE,SELL,0.16,2026.06.12 04:33:00,4181.14,4219.09,37.95,607.2,2026.06.12 09:33:00,4177.94,DIRECTION_EXCLUSIVITY_PROFITABLE_CLOSE_FIRST,EA_MANAGED_CLOSE,,300.0,0.0,0.0,51.2,0.084,0.272,165.44,-0.633,-384.32,30.9,126.88,n/a,n/a,n/a,n/a,n/a,WIN,EXACT_JOURNAL,EXACT_JOURNAL
134,CAMP-55,CORE,BUY,0.11,2026.06.12 11:33:00,4218.53,4163.17,55.36,608.96,2026.06.12 18:28:36,4227.85,R_EXIT_GIVEBACK_45,EA_MANAGED_CLOSE,,415.6,0.0,0.0,102.52,0.168,0.308,187.66,-0.747,-455.07,54.5,123.09,183.04,n/a,n/a,n/a,n/a,WIN,EXACT_JOURNAL,EXACT_JOURNAL
136,CAMP-56,CORE,SELL,0.23,2026.06.15 09:03:00,4311.86,4338.27,26.41,607.43,2026.06.15 09:11:21,4307.09,R_EXIT_GIVEBACK_45,EA_MANAGED_CLOSE,,8.35,0.0,0.0,109.71,0.181,0.331,201.25,-0.065,-39.33,54.7,121.67,184.46,n/a,n/a,n/a,n/a,WIN,EXACT_JOURNAL,EXACT_JOURNAL
138,CAMP-57,CORE,SELL,0.19,2026.06.15 09:33:30,4306.08,4339.54,33.46,635.74,2026.06.15 11:33:37,4339.7,EXTERNAL_CLOSE_BROKER_SL,BROKER_SL,sl 4339.54,120.12,0.0,0.0,-638.78,-0.994,0.151,96.14,-0.994,-632.13,-658.3,n/a,n/a,n/a,n/a,n/a,n/a,LOSS,EXACT_JOURNAL,EXACT_JOURNAL
140,CAMP-58,CORE,SELL,0.43,2026.06.15 15:03:30,4337.15,4350.56,13.41,576.63,2026.06.15 15:14:16,4333.65,R_EXIT_RUNNER_CONTINUATION_FAILED,EA_MANAGED_CLOSE,,10.77,0.0,0.0,150.5,0.261,0.327,188.77,-0.129,-74.39,79.8,116.96,173.72,n/a,n/a,n/a,n/a,WIN,EXACT_JOURNAL,EXACT_JOURNAL
142,CAMP-59,CORE,SELL,0.21,2026.06.15 19:33:00,4339.2,4366.51,27.31,573.51,2026.06.15 21:13:47,4323.94,BASKET_FLOOR_TRIGGERED,EA_MANAGED_CLOSE,,100.78,0.0,0.0,320.46,0.56,0.767,440.16,-0.093,-53.13,73.0,114.87,172.41,229.95,286.86,432.18,n/a,WIN,EXACT_JOURNAL,EXACT_JOURNAL
143,CAMP-59,PYRAMID,SELL,0.12,2026.06.15 20:07:00,4333.74,4350.29,16.55,198.6,2026.06.15 21:13:47,4323.94,BASKET_FLOOR_TRIGGERED,EA_MANAGED_CLOSE,,66.78,0.0,0.0,117.6,0.595,0.937,186.0,-0.109,-21.72,63.5,40.44,59.64,81.48,102.24,149.16,n/a,WIN,EXACT_JOURNAL,EXACT_JOURNAL
146,CAMP-60,CORE,BUY,0.72,2026.06.16 01:33:00,4309.34,4300.54,8.8,633.6,2026.06.16 01:43:57,4312.95,R_PROFIT_GUARANTEE_FLOOR_BREACH,EA_MANAGED_CLOSE,,10.95,0.0,0.0,259.92,0.41,0.588,372.24,-0.05,-31.68,69.7,132.48,194.40,254.16,326.16,n/a,n/a,WIN,EXACT_JOURNAL,EXACT_JOURNAL
148,CAMP-61,CORE,BUY,0.63,2026.06.16 02:03:30,4313.84,4303.37,10.47,659.61,2026.06.16 02:35:57,4317.52,EXTERNAL_CLOSE_BROKER_SL,BROKER_SL,sl 4317.54,32.45,0.0,0.0,231.84,0.369,0.513,338.31,-0.226,-149.31,71.9,136.71,201.60,265.23,332.64,n/a,n/a,WIN,EXACT_JOURNAL,EXACT_JOURNAL
150,CAMP-62,CORE,BUY,0.3,2026.06.16 04:03:30,4325.1,4302.31,22.79,683.7,2026.06.16 06:53:27,4329.39,R_EXIT_GIVEBACK_45,EA_MANAGED_CLOSE,,169.95,0.0,0.0,128.7,0.188,0.344,235.5,-0.767,-524.7,54.7,139.20,205.50,n/a,n/a,n/a,n/a,WIN,EXACT_JOURNAL,EXACT_JOURNAL
152,CAMP-63,CORE,BUY,0.36,2026.06.16 07:03:00,4330.32,4311.42,18.9,680.4,2026.06.16 11:11:36,4337.16,R_PROFIT_GUARANTEE_FLOOR_BREACH,EA_MANAGED_CLOSE,,248.6,0.0,0.0,246.24,0.362,0.524,356.76,-0.899,-611.64,69.1,139.32,205.20,273.60,340.56,n/a,n/a,WIN,EXACT_JOURNAL,EXACT_JOURNAL
154,CAMP-64,CORE,BUY,0.31,2026.06.16 11:33:00,4342.64,4319.59,23.05,714.55,2026.06.16 15:53:08,4351.13,R_PROFIT_GUARANTEE_FLOOR_BREACH,EA_MANAGED_CLOSE,,260.13,0.0,0.0,263.19,0.368,0.529,378.2,-0.326,-233.12,69.6,143.84,215.45,287.99,358.36,n/a,n/a,WIN,EXACT_JOURNAL,EXACT_JOURNAL
156,CAMP-65,CORE,SELL,0.3,2026.06.16 17:03:00,4335.39,4360.05,24.66,739.8,2026.06.16 17:21:16,4324.84,BASKET_FLOOR_TRIGGERED,EA_MANAGED_CLOSE,,18.27,0.0,0.0,316.5,0.435,0.558,412.5,-0.146,-108.0,78.0,149.40,223.80,298.20,371.10,n/a,n/a,WIN,EXACT_JOURNAL,EXACT_JOURNAL
157,CAMP-65,PYRAMID,SELL,0.17,2026.06.16 17:18:51,4325.35,4342.35,17.0,289.0,2026.06.16 17:21:16,4324.84,BASKET_FLOOR_TRIGGERED,EA_MANAGED_CLOSE,,2.42,0.0,0.0,8.67,0.04,0.218,63.07,-0.054,-15.64,18.3,60.52,n/a,n/a,n/a,n/a,n/a,WIN,EXACT_JOURNAL,EXACT_JOURNAL
160,CAMP-66,CORE,BUY,0.38,2026.06.16 19:03:00,4337.71,4317.42,20.29,771.02,2026.06.16 19:11:14,4341.07,R_EXIT_GIVEBACK_45,EA_MANAGED_CLOSE,,8.23,0.0,0.0,127.68,0.166,0.316,243.96,-0.048,-37.24,52.5,159.22,236.36,n/a,n/a,n/a,n/a,WIN,EXACT_JOURNAL,EXACT_JOURNAL
162,CAMP-67,CORE,BUY,0.3,2026.06.16 19:33:30,4342.42,4316.51,25.91,777.3,2026.06.17 04:10:07,4347.27,BASKET_FLOOR_TRIGGERED,EA_MANAGED_CLOSE,,516.62,0.0,-3.78,145.5,0.192,0.283,220.02,-0.659,-512.4,67.8,155.82,n/a,n/a,n/a,n/a,n/a,WIN,EXACT_JOURNAL,EXACT_JOURNAL
163,CAMP-67,PYRAMID,BUY,0.17,2026.06.16 20:02:30,4338.82,4322.64,16.18,275.06,2026.06.17 04:10:07,4347.27,BASKET_FLOOR_TRIGGERED,EA_MANAGED_CLOSE,,487.62,0.0,-2.14,143.65,0.53,0.676,185.88,-0.833,-229.16,78.4,55.25,82.69,110.06,139.81,n/a,n/a,WIN,EXACT_JOURNAL,EXACT_JOURNAL
164,CAMP-67,PYRAMID,BUY,0.1,2026.06.16 22:06:41,4342.05,4330.5,11.55,115.5,2026.06.17 01:00:00,4327.69,EXTERNAL_CLOSE_BROKER_SL,BROKER_SL,sl 4330.50,173.32,0.0,-1.26,-143.6,-0.702,0.049,5.7,-0.984,-113.6,-1432.7,n/a,n/a,n/a,n/a,n/a,n/a,LOSS,EXACT_JOURNAL,EXACT_JOURNAL
168,CAMP-68,CORE,BUY,0.55,2026.06.17 10:03:30,4331.87,4317.29,14.58,801.9,2026.06.17 16:24:08,4335.44,R_EXIT_GIVEBACK_45,EA_MANAGED_CLOSE,,380.63,0.0,0.0,196.35,0.245,0.451,361.9,-0.981,-786.5,54.3,162.25,242.00,322.85,n/a,n/a,n/a,WIN,EXACT_JOURNAL,EXACT_JOURNAL
170,CAMP-69,CORE,BUY,0.53,2026.06.17 16:33:30,4336.29,4320.69,15.6,826.8,2026.06.17 16:42:25,4338.72,R_EXIT_GIVEBACK_45,EA_MANAGED_CLOSE,,8.92,0.0,0.0,128.79,0.156,0.3,248.04,-0.145,-119.78,52.0,166.95,248.04,n/a,n/a,n/a,n/a,WIN,EXACT_JOURNAL,EXACT_JOURNAL
172,CAMP-70,CORE,BUY,0.51,2026.06.17 17:03:00,4336.76,4320.45,16.31,831.81,2026.06.17 17:08:59,4343.23,R_PROFIT_GUARANTEE_FLOOR_BREACH,EA_MANAGED_CLOSE,,5.98,0.0,0.0,329.97,0.397,0.569,473.28,-0.03,-24.99,69.8,166.77,252.96,335.58,416.16,n/a,n/a,WIN,EXACT_JOURNAL,EXACT_JOURNAL
174,CAMP-71,CORE,BUY,0.28,2026.06.17 21:32:53,4300.26,4269.8,30.46,852.88,2026.06.17 21:39:34,4309.47,R_EXIT_RUNNER_CONTINUATION_FAILED,EA_MANAGED_CLOSE,,6.68,0.0,0.0,257.88,0.302,0.392,334.32,-0.996,-849.24,77.0,176.12,257.04,n/a,n/a,n/a,n/a,WIN,EXACT_JOURNAL,EXACT_JOURNAL
176,CAMP-72,CORE,BUY,0.34,2026.06.18 02:33:00,4280.39,4253.95,26.44,898.96,2026.06.18 03:02:45,4286.83,R_EXIT_RUNNER_CONTINUATION_FAILED,EA_MANAGED_CLOSE,,29.75,0.0,0.0,218.96,0.244,0.305,274.38,-0.47,-422.96,80.0,181.56,270.64,n/a,n/a,n/a,n/a,WIN,EXACT_JOURNAL,EXACT_JOURNAL
178,CAMP-73,CORE,BUY,0.18,2026.06.18 03:33:30,4308.54,4258.25,50.29,905.22,2026.06.18 04:01:27,4317.15,R_EXIT_GIVEBACK_45,EA_MANAGED_CLOSE,,27.95,0.0,0.0,154.98,0.171,0.315,284.94,-0.108,-97.74,54.3,181.98,271.62,n/a,n/a,n/a,n/a,WIN,EXACT_JOURNAL,EXACT_JOURNAL
180,CAMP-74,CORE,BUY,0.55,2026.06.18 04:33:30,4319.43,4302.67,16.76,921.8,2026.06.18 04:44:26,4322.53,R_EXIT_GIVEBACK_45,EA_MANAGED_CLOSE,,10.93,0.0,0.0,170.5,0.185,0.34,313.5,-0.138,-127.05,54.4,185.90,276.65,n/a,n/a,n/a,n/a,WIN,EXACT_JOURNAL,EXACT_JOURNAL
182,CAMP-75,CORE,SELL,0.43,2026.06.18 09:03:00,4307.41,4329.37,21.96,944.28,2026.06.18 09:09:00,4299.95,EXTERNAL_CLOSE_BROKER_SL,BROKER_SL,sl 4299.90,6.0,0.0,0.0,320.78,0.347,0.492,464.4,-0.078,-73.96,70.5,195.22,285.95,380.55,n/a,n/a,n/a,WIN,EXACT_JOURNAL,EXACT_JOURNAL
184,CAMP-76,CORE,SELL,0.37,2026.06.18 09:33:00,4303.71,4330.25,26.54,981.98,2026.06.18 11:01:47,4289.65,BASKET_FLOOR_TRIGGERED,EA_MANAGED_CLOSE,,88.78,0.0,0.0,520.22,0.535,0.678,665.63,-0.22,-216.45,78.9,196.47,294.89,394.42,491.36,n/a,n/a,WIN,EXACT_JOURNAL,EXACT_JOURNAL
185,CAMP-76,PYRAMID,SELL,0.21,2026.06.18 10:35:56,4296.29,4315.45,19.16,402.36,2026.06.18 11:01:47,4289.65,BASKET_FLOOR_TRIGGERED,EA_MANAGED_CLOSE,,25.85,0.0,0.0,139.44,0.354,0.552,221.97,-0.137,-55.23,64.1,80.64,122.01,162.12,201.18,n/a,n/a,WIN,EXACT_JOURNAL,EXACT_JOURNAL
186,CAMP-76,PYRAMID,SELL,0.12,2026.06.18 10:59:44,4287.66,4308.12,20.46,245.52,2026.06.18 11:04:11,4287.62,BASKET_FLOOR_TRIGGERED,EA_MANAGED_CLOSE,,4.45,0.0,0.0,0.48,-0.09,0.095,23.28,-0.09,-22.08,-94.7,n/a,n/a,n/a,n/a,n/a,n/a,WIN,EXACT_JOURNAL,EXACT_JOURNAL
190,CAMP-77,CORE,SELL,0.38,2026.06.18 11:33:30,4287.7,4315.03,27.33,1038.54,2026.06.18 12:04:08,4269.44,R_PROFIT_GUARANTEE_FLOOR_BREACH,EA_MANAGED_CLOSE,,30.63,0.0,0.0,693.88,0.668,0.956,992.94,-0.023,-24.32,69.9,208.62,313.50,416.86,519.46,789.26,n/a,WIN,EXACT_JOURNAL,EXACT_JOURNAL
192,CAMP-78,CORE,SELL,0.35,2026.06.18 14:33:30,4247.67,4279.14,31.47,1101.45,2026.06.18 17:16:19,4242.03,R_EXIT_GIVEBACK_45,EA_MANAGED_CLOSE,,162.82,0.0,0.0,197.4,0.179,0.327,359.8,-0.928,-1021.65,54.7,222.25,333.90,n/a,n/a,n/a,n/a,WIN,EXACT_JOURNAL,EXACT_JOURNAL
194,CAMP-79,CORE,SELL,0.48,2026.06.19 14:03:30,4148.28,4171.97,23.69,1137.12,2026.06.19 15:53:06,4171.99,EXTERNAL_CLOSE_BROKER_SL,BROKER_SL,sl 4171.97,109.6,0.0,0.0,-1138.08,-0.983,0.264,300.48,-0.997,-1134.24,-372.3,231.36,n/a,n/a,n/a,n/a,n/a,LOSS,EXACT_JOURNAL,EXACT_JOURNAL
196,CAMP-80,CORE,BUY,0.8,2026.06.19 18:33:00,4152.05,4139.32,12.73,1018.4,2026.06.19 19:48:17,4155.91,R_EXIT_RUNNER_CONTINUATION_FAILED,EA_MANAGED_CLOSE,,75.28,0.0,0.0,308.8,0.303,0.303,308.8,-0.604,-615.2,100.0,204.80,308.80,n/a,n/a,n/a,n/a,WIN,EXACT_JOURNAL,EXACT_JOURNAL
198,CAMP-81,CORE,BUY,0.27,2026.06.22 03:33:30,4167.38,4128.81,38.57,1041.39,2026.06.22 04:00:04,4205.95,R_EXIT_TP_1R,EA_MANAGED_CLOSE,,26.57,0.0,0.0,1041.39,1.0,1.0,1041.39,-0.041,-42.93,100.0,211.68,314.01,417.15,521.10,783.54,1041.39,WIN,EXACT_JOURNAL,EXACT_JOURNAL
200,CAMP-82,CORE,BUY,0.13,2026.06.22 04:02:47,4207.11,4120.59,86.52,1124.76,2026.06.23 07:59:06,4120.1,EXTERNAL_CLOSE_BROKER_SL,BROKER_SL,sl 4120.59,1676.32,0.0,-1.64,-1131.13,-1.001,0.105,118.3,-1.001,-1126.14,-953.3,n/a,n/a,n/a,n/a,n/a,n/a,LOSS,EXACT_JOURNAL,EXACT_JOURNAL
202,CAMP-83,CORE,SELL,0.7,2026.06.23 20:03:00,4132.59,4147.38,14.79,1035.3,2026.06.23 20:34:57,4130.13,R_EXIT_GIVEBACK_45,EA_MANAGED_CLOSE,,31.95,0.0,0.0,172.2,0.166,0.314,325.5,-0.496,-513.1,52.9,210.70,317.10,n/a,n/a,n/a,n/a,WIN,EXACT_JOURNAL,EXACT_JOURNAL
204,CAMP-84,CORE,SELL,0.74,2026.06.23 21:33:30,4121.99,4136.39,14.4,1065.6,2026.06.23 21:48:48,4115.73,R_PROFIT_GUARANTEE_FLOOR_BREACH,EA_MANAGED_CLOSE,,15.3,0.0,0.0,463.24,0.435,0.623,663.78,-0.063,-67.34,69.8,213.86,327.08,430.68,535.76,n/a,n/a,WIN,EXACT_JOURNAL,EXACT_JOURNAL
206,CAMP-85,CORE,SELL,0.81,2026.06.23 22:03:30,4122.61,4136.25,13.64,1104.84,2026.06.23 22:22:34,4119.85,R_EXIT_GIVEBACK_45,EA_MANAGED_CLOSE,,19.07,0.0,0.0,223.56,0.202,0.368,406.62,-0.265,-293.22,54.9,224.37,333.72,n/a,n/a,n/a,n/a,WIN,EXACT_JOURNAL,EXACT_JOURNAL
208,CAMP-86,CORE,SELL,1.2,2026.06.25 14:33:30,3979.17,3988.59,9.42,1130.4,2026.06.25 14:37:05,3975.48,R_PROFIT_GUARANTEE_FLOOR_BREACH,EA_MANAGED_CLOSE,,3.58,0.0,0.0,442.8,0.392,0.565,638.4,-0.059,-67.2,69.4,229.20,356.40,454.80,572.40,n/a,n/a,WIN,EXACT_JOURNAL,EXACT_JOURNAL
210,CAMP-87,CORE,SELL,0.34,2026.06.25 17:03:00,4007.47,4041.91,34.44,1170.96,2026.06.25 18:56:25,4042.04,EXTERNAL_CLOSE_BROKER_SL,BROKER_SL,sl 4041.91,113.42,0.0,0.0,-1175.38,-0.999,0.066,77.86,-0.999,-1170.28,-1513.6,n/a,n/a,n/a,n/a,n/a,n/a,LOSS,EXACT_JOURNAL,EXACT_JOURNAL
212,CAMP-88,CORE,BUY,0.73,2026.06.26 07:03:00,4003.42,3989.01,14.41,1051.93,2026.06.26 07:13:21,4007.46,R_EXIT_RUNNER_CONTINUATION_FAILED,EA_MANAGED_CLOSE,,10.35,0.0,0.0,294.92,0.28,0.352,370.11,-0.325,-342.37,79.5,218.27,316.09,n/a,n/a,n/a,n/a,WIN,EXACT_JOURNAL,EXACT_JOURNAL
214,CAMP-89,CORE,BUY,0.62,2026.06.26 07:33:00,4006.02,3988.54,17.48,1083.76,2026.06.26 07:56:31,4013.02,BASKET_FLOOR_TRIGGERED,EA_MANAGED_CLOSE,,23.52,0.0,0.0,434.0,0.408,0.53,574.12,-0.247,-267.84,77.0,217.62,326.74,445.16,548.70,n/a,n/a,WIN,EXACT_JOURNAL,EXACT_JOURNAL
215,CAMP-89,PYRAMID,BUY,0.35,2026.06.26 07:56:03,4014.02,3993.69,20.33,711.55,2026.06.26 08:10:04,4014.02,BASKET_FLOOR_TRIGGERED,EA_MANAGED_CLOSE,,14.02,0.0,0.0,0.0,-0.042,0.039,27.65,-0.042,-30.1,-107.7,n/a,n/a,n/a,n/a,n/a,n/a,BREAKEVEN,EXACT_JOURNAL,EXACT_JOURNAL
218,CAMP-90,CORE,BUY,0.71,2026.06.26 08:33:00,4018.57,4002.81,15.76,1118.96,2026.06.26 09:22:39,4022.83,BASKET_FLOOR_TRIGGERED,EA_MANAGED_CLOSE,,49.65,0.0,0.0,302.46,0.284,0.403,450.85,-0.815,-912.35,70.5,238.56,347.90,450.14,n/a,n/a,n/a,WIN,EXACT_JOURNAL,EXACT_JOURNAL
219,CAMP-90,PYRAMID,BUY,0.41,2026.06.26 08:35:59,4018.48,4001.47,17.01,697.41,2026.06.26 09:22:39,4022.83,BASKET_FLOOR_TRIGGERED,EA_MANAGED_CLOSE,,46.67,0.0,0.0,178.35,0.268,0.379,264.04,-0.75,-523.16,70.7,141.45,213.61,n/a,n/a,n/a,n/a,WIN,EXACT_JOURNAL,EXACT_JOURNAL
222,CAMP-91,CORE,BUY,0.44,2026.06.26 09:33:30,4026.65,4000.09,26.56,1168.64,2026.06.26 10:02:00,4031.6,BASKET_FLOOR_TRIGGERED,EA_MANAGED_CLOSE,,28.5,0.0,0.0,217.8,0.199,0.274,319.88,-0.215,-250.8,72.6,234.52,n/a,n/a,n/a,n/a,n/a,WIN,EXACT_JOURNAL,EXACT_JOURNAL
223,CAMP-91,PYRAMID,BUY,0.25,2026.06.26 09:36:00,4023.84,4003.73,20.11,502.75,2026.06.26 10:02:00,4031.6,BASKET_FLOOR_TRIGGERED,EA_MANAGED_CLOSE,,26.0,0.0,0.0,194.0,0.402,0.501,252.0,-0.144,-72.25,80.2,102.25,152.00,201.25,252.00,n/a,n/a,WIN,EXACT_JOURNAL,EXACT_JOURNAL
224,CAMP-91,PYRAMID,BUY,0.14,2026.06.26 09:59:33,4032.53,4012.76,19.77,276.78,2026.06.26 10:02:43,4032.66,BASKET_FLOOR_TRIGGERED,EA_MANAGED_CLOSE,,3.17,0.0,0.0,1.82,-0.03,0.07,19.46,-0.152,-42.0,-42.9,n/a,n/a,n/a,n/a,n/a,n/a,WIN,EXACT_JOURNAL,EXACT_JOURNAL
228,CAMP-92,CORE,SELL,0.39,2026.06.29 01:33:30,4060.67,4091.85,31.18,1216.02,2026.06.29 07:35:34,4060.57,R_PROFIT_GUARANTEE_FLOOR_BREACH,EA_MANAGED_CLOSE,,362.07,0.0,0.0,3.9,-0.271,0.393,477.75,-0.487,-592.02,-69.0,248.82,382.20,n/a,n/a,n/a,n/a,WIN,EXACT_JOURNAL,EXACT_JOURNAL
229,CAMP-93,PYRAMID,SELL,0.22,2026.06.29 02:33:37,4053.88,4075.76,21.88,481.36,2026.06.29 06:22:24,4075.85,EXTERNAL_CLOSE_BROKER_SL,BROKER_SL,sl 4075.76,228.78,0.0,0.0,-483.34,-0.996,0.25,120.12,-0.996,-479.6,-398.4,98.34,n/a,n/a,n/a,n/a,n/a,LOSS,EXACT_JOURNAL,EXACT_JOURNAL
232,CAMP-94,CORE,BUY,0.52,2026.06.29 09:03:00,4056.75,4034.56,22.19,1153.88,2026.06.29 09:50:19,4062.52,BASKET_FLOOR_TRIGGERED,EA_MANAGED_CLOSE,,47.32,0.0,0.0,300.04,0.264,0.363,419.12,-0.078,-89.96,72.7,230.88,347.36,n/a,n/a,n/a,n/a,WIN,EXACT_JOURNAL,EXACT_JOURNAL
233,CAMP-94,PYRAMID,BUY,0.3,2026.06.29 09:06:16,4058.7,4040.29,18.41,552.3,2026.06.29 09:50:19,4062.52,BASKET_FLOOR_TRIGGERED,EA_MANAGED_CLOSE,,44.05,0.0,0.0,114.6,0.212,0.332,183.3,-0.2,-110.4,63.9,118.50,167.10,n/a,n/a,n/a,n/a,WIN,EXACT_JOURNAL,EXACT_JOURNAL
236,CAMP-95,CORE,SELL,0.69,2026.06.30 11:33:30,4024.58,4042.06,17.48,1206.12,2026.06.30 11:41:50,4017.27,BASKET_FLOOR_TRIGGERED,EA_MANAGED_CLOSE,,8.33,0.0,0.0,504.39,0.419,0.521,628.59,-0.053,-63.48,80.4,241.50,367.77,489.21,623.07,n/a,n/a,WIN,EXACT_JOURNAL,EXACT_JOURNAL
237,CAMP-95,PYRAMID,SELL,0.4,2026.06.30 11:41:07,4016.05,4040.84,24.79,991.6,2026.06.30 11:51:25,4015.95,BASKET_FLOOR_TRIGGERED,EA_MANAGED_CLOSE,,10.3,0.0,0.0,4.0,-0.049,0.023,23.2,-0.049,-48.4,-213.0,n/a,n/a,n/a,n/a,n/a,n/a,WIN,EXACT_JOURNAL,EXACT_JOURNAL
240,CAMP-96,CORE,SELL,1.0,2026.06.30 12:03:30,4017.55,4030.22,12.67,1267.0,2026.06.30 12:33:00,4014.97,EXTERNAL_CLOSE_BROKER_SL,BROKER_SL,sl 4014.97,29.5,0.0,0.0,258.0,0.208,0.354,448.0,-0.425,-538.0,58.8,270.00,384.00,n/a,n/a,n/a,n/a,WIN,EXACT_JOURNAL,EXACT_JOURNAL
242,CAMP-97,CORE,SELL,0.55,2026.06.30 15:33:00,4018.53,4042.03,23.5,1292.5,2026.06.30 16:00:04,4012.45,EXTERNAL_CLOSE_BROKER_SL,BROKER_SL,sl 4012.37,27.07,0.0,0.0,334.4,0.263,0.412,532.95,-0.061,-79.2,63.8,259.05,394.35,519.75,n/a,n/a,n/a,WIN,EXACT_JOURNAL,EXACT_JOURNAL
243,CAMP-97,PYRAMID,SELL,0.31,2026.06.30 15:59:13,4010.81,4024.95,14.14,438.34,2026.06.30 16:10:16,4024.99,EXTERNAL_CLOSE_BROKER_SL,BROKER_SL,sl 4024.95,11.05,0.0,0.0,-439.58,-0.999,0.085,37.2,-0.999,-438.03,-1175.3,n/a,n/a,n/a,n/a,n/a,n/a,LOSS,EXACT_JOURNAL,EXACT_JOURNAL
246,CAMP-98,CORE,SELL,0.78,2026.06.30 16:13:34,4024.65,4041.06,16.41,1279.98,2026.06.30 16:25:17,4021.75,R_EXIT_GIVEBACK_45,EA_MANAGED_CLOSE,,11.72,0.0,0.0,226.2,0.177,0.323,413.4,-0.536,-685.62,54.8,257.40,385.32,n/a,n/a,n/a,n/a,WIN,EXACT_JOURNAL,EXACT_JOURNAL
248,CAMP-99,CORE,SELL,0.58,2026.06.30 16:33:31,4019.99,4042.15,22.16,1285.28,2026.06.30 16:40:17,4016.34,R_EXIT_GIVEBACK_45,EA_MANAGED_CLOSE,,6.77,0.0,0.0,211.7,0.165,0.303,389.18,-0.153,-196.62,54.5,273.18,389.18,n/a,n/a,n/a,n/a,WIN,EXACT_JOURNAL,EXACT_JOURNAL
250,CAMP-100,CORE,SELL,0.37,2026.06.30 18:02:53,4035.92,4071.18,35.26,1304.62,2026.06.30 18:24:29,4028.6,R_EXIT_GIVEBACK_45,EA_MANAGED_CLOSE,,21.6,0.0,0.0,270.84,0.208,0.384,500.61,-0.067,-88.06,54.2,261.59,392.20,n/a,n/a,n/a,n/a,WIN,EXACT_JOURNAL,EXACT_JOURNAL
252,CAMP-101,CORE,SELL,0.31,2026.06.30 18:33:00,4029.9,4072.37,42.47,1316.57,2026.07.01 01:00:00,4025.26,R_EXIT_GIVEBACK_45,EA_MANAGED_CLOSE,,387.0,0.0,-1.43,143.84,0.108,0.355,466.86,-0.121,-159.03,30.4,263.81,396.18,n/a,n/a,n/a,n/a,WIN,EXACT_JOURNAL,EXACT_JOURNAL
254,CAMP-102,CORE,SELL,1.63,2026.07.01 03:03:30,4006.41,4014.8,8.39,1367.57,2026.07.01 03:20:12,4003.2,R_PROFIT_GUARANTEE_FLOOR_BREACH,EA_MANAGED_CLOSE,,16.7,0.0,0.0,523.23,0.383,0.548,749.8,-0.431,-590.06,69.9,278.73,417.28,570.50,697.64,n/a,n/a,WIN,EXACT_JOURNAL,EXACT_JOURNAL
256,CAMP-103,CORE,SELL,1.58,2026.07.01 03:33:42,4003.07,4012.04,8.97,1417.26,2026.07.01 03:51:09,3997.68,R_PROFIT_GUARANTEE_FLOOR_BREACH,EA_MANAGED_CLOSE,,17.45,0.0,0.0,851.62,0.601,0.866,1227.66,-0.323,-458.2,69.4,284.40,426.60,584.60,718.90,1063.34,n/a,WIN,EXACT_JOURNAL,EXACT_JOURNAL
258,CAMP-104,CORE,SELL,0.71,2026.07.01 04:33:00,3983.11,4004.26,21.15,1501.65,2026.07.01 04:34:45,3979.48,R_EXIT_GIVEBACK_45,EA_MANAGED_CLOSE,,1.75,0.0,0.0,257.73,0.172,0.313,469.31,-0.001,-1.42,55.0,311.69,456.53,n/a,n/a,n/a,n/a,WIN,EXACT_JOURNAL,EXACT_JOURNAL
260,CAMP-105,CORE,SELL,0.99,2026.07.01 05:03:00,3976.87,3992.25,15.38,1522.62,2026.07.01 05:07:09,3973.35,R_EXIT_GIVEBACK_45,EA_MANAGED_CLOSE,,4.15,0.0,0.0,348.48,0.229,0.422,642.51,-0.042,-63.36,54.3,313.83,461.34,609.84,n/a,n/a,n/a,WIN,EXACT_JOURNAL,EXACT_JOURNAL
262,CAMP-106,CORE,SELL,0.97,2026.07.01 20:03:00,4073.08,4089.07,15.99,1551.03,2026.07.01 20:10:41,4069.21,R_EXIT_RUNNER_CONTINUATION_FAILED,EA_MANAGED_CLOSE,,7.68,0.0,0.0,375.39,0.242,0.305,472.39,-0.012,-18.43,79.3,339.50,470.45,n/a,n/a,n/a,n/a,WIN,EXACT_JOURNAL,EXACT_JOURNAL
264,CAMP-107,CORE,SELL,0.83,2026.07.01 20:33:31,4070.09,4089.34,19.25,1597.75,2026.07.01 21:30:12,4063.45,BASKET_FLOOR_TRIGGERED,EA_MANAGED_CLOSE,,56.68,0.0,0.0,551.12,0.352,0.456,727.91,-0.174,-278.05,77.2,355.24,483.06,651.55,n/a,n/a,n/a,WIN,EXACT_JOURNAL,EXACT_JOURNAL
265,CAMP-107,PYRAMID,SELL,0.48,2026.07.01 21:21:04,4065.19,4077.18,11.99,575.52,2026.07.01 21:30:12,4063.45,BASKET_FLOOR_TRIGGERED,EA_MANAGED_CLOSE,,9.13,0.0,0.0,83.52,0.156,0.323,185.76,-0.098,-56.16,48.3,115.68,185.76,n/a,n/a,n/a,n/a,WIN,EXACT_JOURNAL,EXACT_JOURNAL
268,CAMP-108,CORE,SELL,2.17,2026.07.01 21:33:42,4065.09,4072.75,7.66,1662.22,2026.07.01 21:43:17,4062.74,R_PROFIT_GUARANTEE_FLOOR_BREACH,EA_MANAGED_CLOSE,,9.58,0.0,0.0,509.95,0.307,0.458,761.67,-0.148,-245.21,67.0,347.20,505.61,700.91,n/a,n/a,n/a,WIN,EXACT_JOURNAL,EXACT_JOURNAL
270,CAMP-109,CORE,BUY,1.05,2026.07.02 04:33:00,4050.52,4034.19,16.33,1714.65,2026.07.02 04:40:56,4053.22,R_EXIT_GIVEBACK_45,EA_MANAGED_CLOSE,,7.93,0.0,0.0,283.5,0.165,0.305,522.9,-0.258,-443.1,54.1,350.70,516.60,n/a,n/a,n/a,n/a,WIN,EXACT_JOURNAL,EXACT_JOURNAL
272,CAMP-110,CORE,BUY,1.16,2026.07.02 05:33:30,4052.22,4037.28,14.94,1733.04,2026.07.02 05:47:06,4055.29,EXTERNAL_CLOSE_BROKER_SL,BROKER_SL,sl 4055.41,13.6,0.0,0.0,356.12,0.216,0.363,629.88,-0.177,-307.4,59.5,348.00,522.00,n/a,n/a,n/a,n/a,WIN,EXACT_JOURNAL,EXACT_JOURNAL
274,CAMP-111,CORE,BUY,1.33,2026.07.02 06:33:00,4065.29,4051.97,13.32,1771.56,2026.07.02 06:57:41,4071.42,R_PROFIT_GUARANTEE_FLOOR_BREACH,EA_MANAGED_CLOSE,,24.68,0.0,0.0,815.29,0.46,0.664,1175.72,-0.242,-429.59,69.3,363.09,532.00,726.18,889.77,n/a,n/a,WIN,EXACT_JOURNAL,EXACT_JOURNAL
276,CAMP-112,CORE,BUY,0.91,2026.07.02 07:03:30,4071.19,4050.92,20.27,1844.57,2026.07.02 09:29:20,4075.9,R_EXIT_GIVEBACK_45,EA_MANAGED_CLOSE,,145.83,0.0,0.0,428.61,0.232,0.426,785.33,-0.886,-1634.36,54.5,370.37,563.29,739.83,n/a,n/a,n/a,WIN,EXACT_JOURNAL,EXACT_JOURNAL
278,CAMP-113,CORE,SELL,1.25,2026.07.03 07:03:00,4175.06,4190.28,15.22,1902.5,2026.07.03 09:05:11,4167.14,BASKET_FLOOR_TRIGGERED,EA_MANAGED_CLOSE,,122.18,0.0,0.0,990.0,0.536,0.68,1293.75,-0.52,-990.0,78.8,400.00,588.75,765.00,957.50,n/a,n/a,WIN,EXACT_JOURNAL,EXACT_JOURNAL
279,CAMP-113,PYRAMID,SELL,0.72,2026.07.03 08:50:37,4171.53,4183.24,11.71,843.12,2026.07.03 09:05:11,4167.14,BASKET_FLOOR_TRIGGERED,EA_MANAGED_CLOSE,,14.57,0.0,0.0,316.08,0.395,0.582,491.04,-0.196,-164.88,67.9,171.36,254.88,339.12,426.96,n/a,n/a,WIN,EXACT_JOURNAL,EXACT_JOURNAL
280,CAMP-113,PYRAMID,SELL,0.42,2026.07.03 09:04:48,4165.51,4177.08,11.57,485.94,2026.07.03 09:13:14,4165.32,BASKET_FLOOR_TRIGGERED,EA_MANAGED_CLOSE,,8.43,0.0,0.0,7.98,-0.12,0.069,33.6,-0.12,-58.38,-173.9,n/a,n/a,n/a,n/a,n/a,n/a,WIN,EXACT_JOURNAL,EXACT_JOURNAL
284,CAMP-114,CORE,SELL,1.07,2026.07.03 09:33:00,4166.92,4185.87,18.95,2027.65,2026.07.03 11:05:46,4185.87,EXTERNAL_CLOSE_BROKER_SL,BROKER_SL,sl 4185.87,92.77,0.0,0.0,-2027.65,-0.995,0.005,9.63,-0.995,-2018.02,-19900.0,n/a,n/a,n/a,n/a,n/a,n/a,LOSS,EXACT_JOURNAL,EXACT_JOURNAL
286,CAMP-115,CORE,BUY,2.59,2026.07.03 19:33:00,4168.04,4160.96,7.08,1833.72,2026.07.03 19:34:21,4169.3,R_EXIT_GIVEBACK_45,EA_MANAGED_CLOSE,,1.35,0.0,0.0,326.34,0.178,0.332,608.65,-0.013,-23.31,53.6,450.66,564.62,n/a,n/a,n/a,n/a,WIN,EXACT_JOURNAL,EXACT_JOURNAL
288,CAMP-116,CORE,BUY,0.73,2026.07.06 01:33:00,4187.97,4162.45,25.52,1862.96,2026.07.06 02:30:32,4197.41,EXTERNAL_CLOSE_BROKER_SL,BROKER_SL,sl 4197.57,57.53,0.0,0.0,689.12,0.384,0.541,1008.13,-0.159,-296.38,71.0,374.49,608.82,754.82,1000.83,n/a,n/a,WIN,EXACT_JOURNAL,EXACT_JOURNAL
290,CAMP-117,CORE,BUY,1.38,2026.07.06 11:03:00,4161.87,4147.88,13.99,1930.62,2026.07.06 11:46:18,4147.81,EXTERNAL_CLOSE_BROKER_SL,BROKER_SL,sl 4147.88,43.3,0.0,0.0,-1940.28,-0.992,0.076,146.28,-0.992,-1915.44,-1305.3,n/a,n/a,n/a,n/a,n/a,n/a,LOSS,EXACT_JOURNAL,EXACT_JOURNAL
292,CAMP-118,CORE,BUY,0.84,2026.07.06 14:03:00,4152.91,4132.24,20.67,1736.28,2026.07.06 15:42:50,4132.19,EXTERNAL_CLOSE_BROKER_SL,BROKER_SL,sl 4132.24,99.83,0.0,0.0,-1740.48,-0.423,0.324,561.96,-0.423,-734.16,-130.6,349.44,526.68,n/a,n/a,n/a,n/a,LOSS,EXACT_JOURNAL,EXACT_JOURNAL
293,CAMP-118,PYRAMID,BUY,0.48,2026.07.06 14:20:11,4156.39,4144.73,11.66,559.68,2026.07.06 15:30:45,4144.35,EXTERNAL_CLOSE_BROKER_SL,BROKER_SL,sl 4144.73,70.57,0.0,0.0,-577.92,-0.986,0.275,154.08,-0.986,-552.0,-358.5,115.68,n/a,n/a,n/a,n/a,n/a,LOSS,EXACT_JOURNAL,EXACT_JOURNAL
296,CAMP-119,CORE,SELL,1.28,2026.07.07 03:03:00,4155.98,4167.74,11.76,1505.28,2026.07.07 03:36:44,4155.71,R_PROFIT_GUARANTEE_FLOOR_BREACH,EA_MANAGED_CLOSE,,33.73,0.0,0.0,34.56,-0.52,0.322,485.12,-0.522,-785.92,-161.5,323.84,454.40,n/a,n/a,n/a,n/a,WIN,EXACT_JOURNAL,EXACT_JOURNAL
297,CAMP-119,PYRAMID,SELL,0.74,2026.07.07 03:15:10,4153.81,4162.12,8.31,614.94,2026.07.07 03:30:22,4162.12,EXTERNAL_CLOSE_BROKER_SL,BROKER_SL,sl 4162.12,15.2,0.0,0.0,-614.94,-0.981,0.195,119.88,-0.981,-603.1,-503.1,n/a,n/a,n/a,n/a,n/a,n/a,LOSS,EXACT_JOURNAL,EXACT_JOURNAL
300,CAMP-120,CORE,BUY,1.2,2026.07.07 11:33:30,4133.6,4121.59,12.01,1441.2,2026.07.07 12:29:07,4121.57,EXTERNAL_CLOSE_BROKER_SL,BROKER_SL,sl 4121.59,55.62,0.0,0.0,-1443.6,-0.993,0.135,194.4,-0.997,-1436.4,-735.6,n/a,n/a,n/a,n/a,n/a,n/a,LOSS,EXACT_JOURNAL,EXACT_JOURNAL
302,CAMP-121,CORE,SELL,1.17,2026.07.07 15:33:37,4166.93,4178.07,11.14,1303.38,2026.07.07 15:37:45,4164.28,R_PROFIT_GUARANTEE_FLOOR_BREACH,EA_MANAGED_CLOSE,,4.13,0.0,0.0,310.05,0.238,0.399,520.65,-0.127,-166.14,59.6,266.76,407.16,n/a,n/a,n/a,n/a,WIN,EXACT_JOURNAL,EXACT_JOURNAL
304,CAMP-122,CORE,BUY,0.61,2026.07.07 22:33:00,4109.18,4087.4,21.78,1328.58,2026.07.07 22:56:02,4115.87,R_EXIT_RUNNER_CONTINUATION_FAILED,EA_MANAGED_CLOSE,,23.03,0.0,0.0,408.09,0.307,0.389,516.67,-0.048,-63.44,78.9,267.18,416.63,n/a,n/a,n/a,n/a,WIN,EXACT_JOURNAL,EXACT_JOURNAL
306,CAMP-123,CORE,BUY,0.55,2026.07.08 04:03:19,4115.23,4090.54,24.69,1357.95,2026.07.08 06:02:28,4125.76,BASKET_FLOOR_TRIGGERED,EA_MANAGED_CLOSE,,119.15,0.0,0.0,579.15,0.428,0.569,772.2,-0.76,-1032.35,75.2,280.50,412.50,555.50,685.30,n/a,n/a,WIN,EXACT_JOURNAL,EXACT_JOURNAL
307,CAMP-123,PYRAMID,BUY,0.31,2026.07.08 05:26:14,4121.79,4096.74,25.05,776.55,2026.07.08 06:02:28,4125.76,BASKET_FLOOR_TRIGGERED,EA_MANAGED_CLOSE,,36.23,0.0,0.0,123.07,0.16,0.299,231.88,-0.333,-258.54,53.5,156.24,n/a,n/a,n/a,n/a,n/a,WIN,EXACT_JOURNAL,EXACT_JOURNAL
310,CAMP-124,CORE,BUY,0.8,2026.07.08 06:33:30,4127.22,4109.18,18.04,1443.2,2026.07.08 08:08:08,4131.97,BASKET_FLOOR_TRIGGERED,EA_MANAGED_CLOSE,,94.63,0.0,0.0,380.0,0.27,0.375,540.8,-0.368,-530.4,72.0,292.00,434.40,n/a,n/a,n/a,n/a,WIN,EXACT_JOURNAL,EXACT_JOURNAL
311,CAMP-124,PYRAMID,BUY,0.46,2026.07.08 06:36:02,4128.37,4107.33,21.04,967.84,2026.07.08 08:08:08,4131.97,BASKET_FLOOR_TRIGGERED,EA_MANAGED_CLOSE,,92.1,0.0,0.0,165.6,0.177,0.267,258.06,-0.37,-357.88,66.3,196.88,n/a,n/a,n/a,n/a,n/a,WIN,EXACT_JOURNAL,EXACT_JOURNAL
314,CAMP-125,CORE,SELL,1.52,2026.07.08 08:33:00,4126.6,4136.45,9.85,1497.2,2026.07.08 09:05:50,4124.96,R_EXIT_GIVEBACK_45,EA_MANAGED_CLOSE,,32.83,0.0,0.0,249.28,0.166,0.313,468.16,-0.534,-799.52,53.0,302.48,449.92,n/a,n/a,n/a,n/a,WIN,EXACT_JOURNAL,EXACT_JOURNAL
316,CAMP-126,CORE,SELL,1.4,2026.07.08 10:33:00,4125.44,4136.31,10.87,1521.8,2026.07.08 10:37:13,4120.12,BASKET_FLOOR_TRIGGERED,EA_MANAGED_CLOSE,,4.22,0.0,0.0,744.8,0.494,0.645,981.4,-0.053,-81.2,76.6,315.00,459.20,620.20,764.40,n/a,n/a,WIN,EXACT_JOURNAL,EXACT_JOURNAL
317,CAMP-126,PYRAMID,SELL,0.81,2026.07.08 10:36:01,4121.58,4136.32,14.74,1193.94,2026.07.08 10:37:13,4120.12,BASKET_FLOOR_TRIGGERED,EA_MANAGED_CLOSE,,1.2,0.0,0.0,118.26,0.102,0.214,255.15,-0.02,-23.49,47.7,238.95,n/a,n/a,n/a,n/a,n/a,WIN,EXACT_JOURNAL,EXACT_JOURNAL
320,CAMP-127,CORE,SELL,1.4,2026.07.08 11:03:30,4118.63,4130.1,11.47,1605.8,2026.07.08 11:16:43,4113.97,EXTERNAL_CLOSE_BROKER_SL,BROKER_SL,sl 4113.93,13.22,0.0,0.0,652.4,0.417,0.585,939.4,-0.256,-411.6,71.3,324.80,484.40,651.00,821.80,n/a,n/a,WIN,EXACT_JOURNAL,EXACT_JOURNAL
322,CAMP-128,CORE,BUY,0.56,2026.07.08 15:03:28,4064.86,4035.17,29.69,1662.64,2026.07.08 15:20:29,4073.2,EXTERNAL_CLOSE_BROKER_SL,BROKER_SL,sl 4073.24,17.02,0.0,0.0,467.04,0.284,0.432,718.48,-0.074,-122.64,65.7,340.48,502.32,665.28,n/a,n/a,n/a,WIN,EXACT_JOURNAL,EXACT_JOURNAL
324,CAMP-129,CORE,SELL,0.94,2026.07.09 01:33:00,4077.1,4095.37,18.27,1717.38,2026.07.09 03:55:39,4073.5,R_EXIT_GIVEBACK_45,EA_MANAGED_CLOSE,,142.65,0.0,0.0,338.4,0.197,0.359,615.7,-0.718,-1232.34,54.9,344.98,516.06,n/a,n/a,n/a,n/a,WIN,EXACT_JOURNAL,EXACT_JOURNAL
325,CAMP-129,PYRAMID,SELL,0.54,2026.07.09 02:52:36,4074.17,4085.42,11.25,607.5,2026.07.09 03:12:25,4085.42,EXTERNAL_CLOSE_BROKER_SL,BROKER_SL,sl 4085.42,19.82,0.0,0.0,-607.5,-0.998,0.034,20.52,-0.998,-606.42,-2935.3,n/a,n/a,n/a,n/a,n/a,n/a,LOSS,EXACT_JOURNAL,EXACT_JOURNAL
328,CAMP-130,CORE,SELL,1.37,2026.07.09 04:33:00,4069.43,4081.83,12.4,1698.8,2026.07.09 05:26:32,4081.87,EXTERNAL_CLOSE_BROKER_SL,BROKER_SL,sl 4081.83,53.53,0.0,0.0,-1704.28,-0.982,0.042,71.24,-0.99,-1682.36,-2338.1,n/a,n/a,n/a,n/a,n/a,n/a,LOSS,EXACT_JOURNAL,EXACT_JOURNAL
330,CAMP-131,CORE,SELL,0.73,2026.07.09 06:03:00,4066.48,4087.19,20.71,1511.83,2026.07.09 06:14:56,4058.97,R_PROFIT_GUARANTEE_FLOOR_BREACH,EA_MANAGED_CLOSE,,11.93,0.0,0.0,548.23,0.363,0.525,794.24,-0.069,-104.39,69.1,310.25,462.09,606.63,759.20,n/a,n/a,WIN,EXACT_JOURNAL,EXACT_JOURNAL
332,CAMP-132,CORE,SELL,1.5,2026.07.09 14:03:00,4102.03,4112.54,10.51,1576.5,2026.07.09 15:07:50,4112.6,EXTERNAL_CLOSE_BROKER_SL,BROKER_SL,sl 4112.54,64.83,0.0,0.0,-1585.5,-0.985,0.274,432.0,-0.988,-1557.0,-359.5,351.00,n/a,n/a,n/a,n/a,n/a,LOSS,EXACT_JOURNAL,EXACT_JOURNAL
334,CAMP-133,CORE,SELL,0.76,2026.07.09 21:33:00,4123.1,4141.88,18.78,1427.28,2026.07.10 03:35:01,4116.87,BASKET_FLOOR_TRIGGERED,EA_MANAGED_CLOSE,,362.02,0.0,-3.5,473.48,0.339,0.452,645.54,-0.568,-811.38,75.0,294.12,432.74,571.82,n/a,n/a,n/a,WIN,EXACT_JOURNAL,EXACT_JOURNAL
335,CAMP-133,PYRAMID,SELL,0.44,2026.07.10 03:02:58,4120.49,4127.58,7.09,311.96,2026.07.10 03:35:01,4116.87,BASKET_FLOOR_TRIGGERED,EA_MANAGED_CLOSE,,32.05,0.0,0.0,159.28,0.536,0.836,260.92,-0.794,-247.72,64.1,63.80,94.16,128.04,157.96,234.52,n/a,WIN,EXACT_JOURNAL,EXACT_JOURNAL
338,CAMP-134,CORE,SELL,0.46,2026.07.13 01:33:00,4083.57,4115.45,31.88,1466.48,2026.07.13 01:49:01,4076.23,R_EXIT_GIVEBACK_45,EA_MANAGED_CLOSE,,16.02,0.0,0.0,337.64,0.23,0.426,624.68,-0.052,-75.9,54.0,300.38,443.90,614.10,n/a,n/a,n/a,WIN,EXACT_JOURNAL,EXACT_JOURNAL
340,CAMP-135,CORE,SELL,1.26,2026.07.13 13:33:30,4067.25,4079.28,12.03,1515.78,2026.07.13 13:41:56,4054.7,R_EXIT_TP_1R,EA_MANAGED_CLOSE,,8.43,0.0,0.0,1581.3,1.043,1.043,1581.3,-0.104,-157.5,100.0,317.52,475.02,636.30,764.82,1140.30,1581.30,WIN,EXACT_JOURNAL,EXACT_JOURNAL
342,CAMP-136,CORE,SELL,0.9,2026.07.13 14:03:30,4061.87,4080.55,18.68,1681.2,2026.07.13 14:55:45,4058.25,R_EXIT_GIVEBACK_45,EA_MANAGED_CLOSE,,52.25,0.0,0.0,325.8,0.194,0.354,595.8,-0.367,-617.4,54.8,348.30,510.30,n/a,n/a,n/a,n/a,WIN,EXACT_JOURNAL,EXACT_JOURNAL
344,CAMP-137,CORE,SELL,1.3,2026.07.14 11:03:00,4019.62,4032.79,13.17,1712.1,2026.07.14 11:10:01,4016.8,R_PROFIT_GUARANTEE_FLOOR_BREACH,EA_MANAGED_CLOSE,,7.02,0.0,0.0,366.6,0.214,0.366,626.6,-0.061,-104.0,58.5,349.70,530.40,n/a,n/a,n/a,n/a,WIN,EXACT_JOURNAL,EXACT_JOURNAL
346,CAMP-138,CORE,SELL,1.39,2026.07.14 11:33:30,4020.15,4032.74,12.59,1750.01,2026.07.14 12:00:41,4015.46,BASKET_FLOOR_TRIGGERED,EA_MANAGED_CLOSE,,27.18,0.0,0.0,651.91,0.379,0.485,847.9,-0.211,-369.74,78.1,350.28,526.81,703.34,n/a,n/a,n/a,WIN,EXACT_JOURNAL,EXACT_JOURNAL
347,CAMP-138,PYRAMID,SELL,0.8,2026.07.14 12:00:05,4016.18,4029.21,13.03,1042.4,2026.07.14 12:00:41,4015.46,BASKET_FLOOR_TRIGGERED,EA_MANAGED_CLOSE,,0.6,0.0,0.0,57.6,0.061,0.163,170.4,-0.021,-21.6,37.4,n/a,n/a,n/a,n/a,n/a,n/a,WIN,EXACT_JOURNAL,EXACT_JOURNAL
350,CAMP-139,CORE,SELL,1.52,2026.07.14 12:33:30,4015.23,4027.16,11.93,1813.36,2026.07.14 14:24:48,4027.23,EXTERNAL_CLOSE_BROKER_SL,BROKER_SL,sl 4027.16,111.3,0.0,0.0,-1824.0,-0.987,0.103,186.96,-0.987,-1790.56,-958.3,n/a,n/a,n/a,n/a,n/a,n/a,LOSS,EXACT_JOURNAL,EXACT_JOURNAL
352,CAMP-140,CORE,SELL,0.54,2026.07.14 16:02:59,4079.41,4109.37,29.96,1617.84,2026.07.14 18:42:09,4070.4,R_EXIT_RUNNER_CONTINUATION_FAILED,EA_MANAGED_CLOSE,,159.17,0.0,0.0,486.54,0.301,0.301,486.54,-0.717,-1160.46,100.0,324.54,486.54,n/a,n/a,n/a,n/a,WIN,EXACT_JOURNAL,EXACT_JOURNAL
354,CAMP-141,CORE,SELL,0.36,2026.07.14 19:03:00,4064.08,4110.0,45.92,1653.12,2026.07.14 21:48:28,4050.0,R_PROFIT_GUARANTEE_FLOOR_BREACH,EA_MANAGED_CLOSE,,165.47,0.0,0.0,506.88,0.307,0.457,756.0,-0.027,-44.64,67.2,331.20,502.56,667.80,n/a,n/a,n/a,WIN,EXACT_JOURNAL,EXACT_JOURNAL
356,CAMP-142,CORE,BUY,1.96,2026.07.15 03:03:00,4053.2,4044.34,8.86,1736.56,2026.07.15 03:04:53,4054.82,R_EXIT_GIVEBACK_45,EA_MANAGED_CLOSE,,1.88,0.0,0.0,317.52,0.183,0.334,580.16,-0.103,-178.36,54.8,352.80,529.20,n/a,n/a,n/a,n/a,WIN,EXACT_JOURNAL,EXACT_JOURNAL
358,CAMP-143,CORE,BUY,2.32,2026.07.15 03:33:00,4056.73,4049.12,7.61,1765.52,2026.07.15 03:56:03,4057.89,R_EXIT_GIVEBACK_45,EA_MANAGED_CLOSE,,23.05,0.0,0.0,269.12,0.152,0.317,559.12,-0.601,-1060.24,47.9,373.52,549.84,n/a,n/a,n/a,n/a,WIN,EXACT_JOURNAL,EXACT_JOURNAL
360,CAMP-144,CORE,BUY,1.9,2026.07.15 04:03:00,4058.18,4048.72,9.46,1797.4,2026.07.15 04:06:54,4059.98,EXTERNAL_CLOSE_BROKER_SL,BROKER_SL,sl 4060.12,3.9,0.0,0.0,342.0,0.229,0.369,663.1,-0.326,-585.2,62.1,364.80,545.30,n/a,n/a,n/a,n/a,WIN,EXACT_JOURNAL,EXACT_JOURNAL
362,CAMP-145,CORE,BUY,1.47,2026.07.15 06:03:30,4038.37,4025.97,12.4,1822.8,2026.07.15 08:11:34,4025.8,EXTERNAL_CLOSE_BROKER_SL,BROKER_SL,sl 4025.97,128.07,0.0,0.0,-1847.79,-0.971,0.157,286.65,-0.998,-1818.39,-618.5,n/a,n/a,n/a,n/a,n/a,n/a,LOSS,EXACT_JOURNAL,EXACT_JOURNAL
364,CAMP-146,CORE,BUY,1.22,2026.07.15 09:03:30,4032.45,4019.05,13.4,1634.8,2026.07.15 11:13:43,4019.04,EXTERNAL_CLOSE_BROKER_SL,BROKER_SL,sl 4019.05,130.22,0.0,0.0,-1636.02,-0.97,0.137,224.48,-0.97,-1586.0,-708.0,n/a,n/a,n/a,n/a,n/a,n/a,LOSS,EXACT_JOURNAL,EXACT_JOURNAL
366,CAMP-147,CORE,BUY,0.96,2026.07.15 11:33:30,4029.15,4013.77,15.38,1476.48,2026.07.15 13:14:45,4034.26,BASKET_FLOOR_TRIGGERED,EA_MANAGED_CLOSE,,101.25,0.0,0.0,490.56,0.339,0.441,651.84,-0.307,-453.12,76.9,298.56,447.36,595.20,n/a,n/a,n/a,WIN,EXACT_JOURNAL,EXACT_JOURNAL
367,CAMP-147,PYRAMID,BUY,0.55,2026.07.15 12:00:27,4032.75,4019.05,13.7,753.5,2026.07.15 13:14:45,4034.26,BASKET_FLOOR_TRIGGERED,EA_MANAGED_CLOSE,,74.3,0.0,0.0,83.05,0.118,0.233,175.45,-0.534,-402.6,50.6,175.45,n/a,n/a,n/a,n/a,n/a,WIN,EXACT_JOURNAL,EXACT_JOURNAL
370,CAMP-148,CORE,BUY,2.01,2026.07.15 14:33:30,4032.65,4025.0,7.65,1537.65,2026.07.15 14:45:01,4037.36,R_PROFIT_GUARANTEE_FLOOR_BREACH,EA_MANAGED_CLOSE,,11.52,0.0,0.0,946.71,0.616,0.88,1352.73,-0.093,-142.71,70.0,311.55,464.31,637.17,771.84,1155.75,n/a,WIN,EXACT_JOURNAL,EXACT_JOURNAL
372,CAMP-149,CORE,BUY,0.95,2026.07.15 15:03:01,4040.57,4023.41,17.16,1630.2,2026.07.15 15:30:13,4046.73,R_PROFIT_GUARANTEE_FLOOR_BREACH,EA_MANAGED_CLOSE,,27.2,0.0,0.0,585.2,0.359,0.519,846.45,-0.274,-446.5,69.2,399.00,511.10,695.40,820.80,n/a,n/a,WIN,EXACT_JOURNAL,EXACT_JOURNAL
374,CAMP-150,CORE,BUY,0.42,2026.07.15 16:03:13,4067.8,4028.26,39.54,1660.68,2026.07.15 19:35:15,4028.23,EXTERNAL_CLOSE_BROKER_SL,BROKER_SL,sl 4028.26,212.03,0.0,0.0,-1661.94,-0.999,0.157,261.24,-0.999,-1659.42,-636.3,n/a,n/a,n/a,n/a,n/a,n/a,LOSS,EXACT_JOURNAL,EXACT_JOURNAL
376,CAMP-151,CORE,BUY,1.59,2026.07.16 10:03:00,4030.06,4020.5,9.56,1520.04,2026.07.16 11:02:13,4032.54,R_EXIT_RUNNER_CONTINUATION_FAILED,EA_MANAGED_CLOSE,,59.22,0.0,0.0,394.32,0.259,0.328,499.26,-0.746,-1133.67,79.0,313.23,461.10,n/a,n/a,n/a,n/a,WIN,EXACT_JOURNAL,EXACT_JOURNAL
378,CAMP-152,CORE,BUY,1.18,2026.07.16 11:03:30,4033.18,4019.92,13.26,1564.68,2026.07.16 14:43:36,4033.39,R_PROFIT_GUARANTEE_FLOOR_BREACH,EA_MANAGED_CLOSE,,220.1,0.0,0.0,24.78,-0.574,0.345,540.44,-0.601,-940.46,-166.4,338.66,476.72,n/a,n/a,n/a,n/a,WIN,EXACT_JOURNAL,EXACT_JOURNAL
379,CAMP-152,PYRAMID,BUY,0.68,2026.07.16 12:02:41,4036.19,4025.55,10.64,723.52,2026.07.16 14:16:14,4025.54,EXTERNAL_CLOSE_BROKER_SL,BROKER_SL,sl 4025.55,133.55,0.0,0.0,-724.2,-0.992,0.148,106.76,-0.992,-717.4,-670.3,n/a,n/a,n/a,n/a,n/a,n/a,LOSS,EXACT_JOURNAL,EXACT_JOURNAL
382,CAMP-153,CORE,BUY,1.0,2026.07.16 15:33:30,4023.88,4009.0,14.88,1488.0,2026.07.16 15:40:56,4008.88,EXTERNAL_CLOSE_BROKER_SL,BROKER_SL,sl 4009.00,7.43,0.0,0.0,-1500.0,-0.989,0.0,0.0,-0.989,-1472.0,,n/a,n/a,n/a,n/a,n/a,n/a,LOSS,EXACT_JOURNAL,EXACT_JOURNAL
