ticket,campaign_id,direction,entry_time,entry_price,structural_sl_price,sl_distance_price,risk_usd,exit_time,exit_price,exit_reason_ea,exit_authority,realized_profit_usd,realized_r,PEAK_R_WHILE_OPEN,GIVEBACK_BEFORE_EXIT_R,POST_EXIT_TOTAL_R_5M,MISSED_R_5M,POST_EXIT_TOTAL_R_10M,MISSED_R_10M,POST_EXIT_TOTAL_R_15M,MISSED_R_15M,POST_EXIT_TOTAL_R_20M,MISSED_R_20M,POST_EXIT_TOTAL_R_30M,MISSED_R_30M,POST_EXIT_TOTAL_R_60M,MISSED_R_60M,MAX_ADVERSE_R_AFTER_10M,MAX_ADVERSE_R_AFTER_20M,returned_to_entry_10m,returned_to_entry_20m,sl_crossed_10m,sl_crossed_20m,exit_classification
2,CAMP-1,BUY,2026.05.18 07:03:30,4547.03,4518.87,28.16,985.6,2026.05.18 10:32:58,4554.1,R_EXIT_GIVEBACK_45,EA_MANAGED_CLOSE,247.45,0.251,0.458,0.20700000000000002,0.32811038961038963,0.07711038961038962,0.32811038961038963,0.07711038961038962,0.32811038961038963,0.07711038961038962,,,0.32811038961038963,0.07711038961038962,0.32811038961038963,0.07711038961038962,0.17146915584415584,,False,,False,,A_CORRECT_EXIT_IMMEDIATE_REVERSAL
4,CAMP-2,SELL,2026.05.18 13:33:31,4536.22,4547.87,11.65,1013.55,2026.05.18 13:35:11,4533.83,EXTERNAL_CLOSE_BROKER_SL,BROKER_SL,207.93,0.213,0.36,0.147,0.22681283607123476,0.01381283607123477,0.22681283607123476,0.01381283607123477,0.22681283607123476,0.01381283607123477,,,0.22681283607123476,0.01381283607123477,0.5533877460411425,0.3403877460411425,0.9609787380987618,,True,,False,,A_CORRECT_EXIT_IMMEDIATE_REVERSAL
6,CAMP-3,SELL,2026.05.18 14:03:30,4540.47,4550.45,9.98,1037.92,2026.05.18 14:09:32,4538.7,R_EXIT_GIVEBACK_45,EA_MANAGED_CLOSE,184.08,0.177,0.326,0.14900000000000002,1.061461230152613,0.8844612301526129,1.061461230152613,0.8844612301526129,1.061461230152613,0.8844612301526129,,,1.061461230152613,0.8844612301526129,1.061461230152613,0.8844612301526129,0.1618621859102821,,False,,False,,F_SEVERELY_EARLY_EXIT
12,CAMP-6,BUY,2026.05.18 20:03:30,4553.16,4528.54,24.62,861.7,2026.05.18 22:03:50,4559.64,R_EXIT_GIVEBACK_45,EA_MANAGED_CLOSE,226.8,0.263,0.483,0.21999999999999997,0.3105803643959615,0.04758036439596147,0.3105803643959615,0.04758036439596147,0.3105803643959615,0.04758036439596147,,,0.3105803643959615,0.04758036439596147,0.5450006962980156,0.28200069629801555,0.34118602761982125,,True,,False,,A_CORRECT_EXIT_IMMEDIATE_REVERSAL
14,CAMP-7,BUY,2026.05.18 22:33:00,4556.67,4528.25,28.42,881.02,2026.05.19 01:02:10,4566.95,BASKET_FLOOR_TRIGGERED,EA_MANAGED_CLOSE,318.68,0.438,0.487,0.04899999999999999,0.6218777780300107,0.18387777803001068,0.6706848425688406,0.23268484256884067,0.7081414269823614,0.2701414269823614,,,0.7081414269823614,0.2701414269823614,0.8636430046990988,0.42564300469909877,0.0,,False,,False,,D_SLIGHTLY_EARLY_EXIT
18,CAMP-8,SELL,2026.05.19 04:03:22,4562.14,4591.76,29.62,918.22,2026.05.19 05:54:26,4552.02,BASKET_FLOOR_TRIGGERED,EA_MANAGED_CLOSE,313.72,0.343,0.459,0.11599999999999999,0.5401205157805319,0.19712051578053189,0.6250674783820871,0.28206747838208707,0.6250674783820871,0.28206747838208707,,,0.6250674783820871,0.28206747838208707,0.6250674783820871,0.28206747838208707,0.0,,False,,False,,E_MEANINGFULLY_EARLY_EXIT
22,CAMP-9,BUY,2026.05.19 09:03:30,4539.12,4528.04,11.08,963.96,2026.05.19 09:13:13,4542.49,R_EXIT_RUNNER_CONTINUATION_FAILED,EA_MANAGED_CLOSE,293.19,0.304,0.304,0.0,0.6183283953691024,0.31432839536910245,1.0986387816921863,0.7946387816921864,1.3444996057927714,1.0404996057927713,,,1.3444996057927714,1.0404996057927713,1.4669113241213327,1.1629113241213327,0.13071081787626043,,False,,False,,F_SEVERELY_EARLY_EXIT
24,CAMP-10,BUY,2026.05.19 09:33:00,4547.24,4526.3,20.94,984.18,2026.05.19 10:09:13,4553.77,R_EXIT_RUNNER_CONTINUATION_FAILED,EA_MANAGED_CLOSE,306.91,0.312,0.312,0.0,0.3882055721514357,0.07620557215143571,0.3882055721514357,0.07620557215143571,0.3882055721514357,0.07620557215143571,,,0.3882055721514357,0.07620557215143571,0.5792275396777012,0.26722753967770124,0.3353045174663172,,True,,False,,A_CORRECT_EXIT_IMMEDIATE_REVERSAL
30,CAMP-13,SELL,2026.05.20 16:33:00,4490.43,4510.59,20.16,826.56,2026.05.20 17:03:42,4483.34,BASKET_FLOOR_TRIGGERED,EA_MANAGED_CLOSE,290.69,0.354,0.467,0.11300000000000004,0.6879140534262486,0.3339140534262486,1.1585392953929539,0.804539295392954,1.1585392953929539,0.804539295392954,,,1.1585392953929539,0.804539295392954,1.1585392953929539,0.804539295392954,0.02782617111885405,,False,,False,,F_SEVERELY_EARLY_EXIT
34,CAMP-14,BUY,2026.05.21 11:33:30,4531.36,4506.61,24.75,841.5,2026.05.21 12:24:04,4540.01,BASKET_FLOOR_TRIGGERED,EA_MANAGED_CLOSE,294.1,0.351,0.451,0.10000000000000003,0.36050683303624476,0.009506833036244802,0.4710237670825906,0.12002376708259062,0.4710237670825906,0.12002376708259062,,,0.4710237670825906,0.12002376708259062,0.4710237670825906,0.12002376708259062,0.21865715983363043,,False,,False,,D_SLIGHTLY_EARLY_EXIT
38,CAMP-15,BUY,2026.05.21 17:03:30,4509.95,4482.66,27.29,873.28,2026.05.21 19:13:12,4516.66,EXTERNAL_CLOSE_BROKER_SL,BROKER_SL,214.72,0.252,0.399,0.14700000000000002,0.2863532429461341,0.034353242946134115,0.33444778307072187,0.08244778307072188,0.33444778307072187,0.08244778307072188,,,0.35391462074019786,0.10191462074019787,0.8073774276291682,0.5553774276291682,0.07443202638329058,,False,,False,,A_CORRECT_EXIT_IMMEDIATE_REVERSAL
40,CAMP-16,BUY,2026.05.21 19:33:30,4517.51,4491.08,26.43,898.62,2026.05.21 20:11:56,4527.49,R_PROFIT_GUARANTEE_FLOOR_BREACH,EA_MANAGED_CLOSE,339.32,0.378,0.54,0.16200000000000003,0.7441169348556675,0.3661169348556676,1.0902031559502348,0.7122031559502348,1.0946544256749238,0.7166544256749238,,,1.1981464467739422,0.8201464467739422,1.5831812779595378,1.2051812779595379,0.16024571008880284,,False,,False,,F_SEVERELY_EARLY_EXIT
44,CAMP-18,SELL,2026.05.25 08:33:00,4555.77,4568.92,13.15,854.75,2026.05.25 09:06:06,4552.68,EXTERNAL_CLOSE_BROKER_SL,BROKER_SL,200.85,0.25,0.39,0.14,0.35061421468265574,0.10061421468265574,0.35061421468265574,0.10061421468265574,0.35061421468265574,0.10061421468265574,,,0.35061421468265574,0.10061421468265574,0.35061421468265574,0.10061421468265574,0.129862532904358,,False,,False,,D_SLIGHTLY_EARLY_EXIT
46,CAMP-19,BUY,2026.05.25 10:03:00,4564.29,4546.83,17.46,873.0,2026.05.25 13:25:23,4570.84,R_PROFIT_GUARANTEE_FLOOR_BREACH,EA_MANAGED_CLOSE,327.5,0.375,0.541,0.16600000000000004,0.4368556701030928,0.061855670103092786,0.513602520045819,0.13860252004581902,0.513602520045819,0.13860252004581902,,,0.513602520045819,0.13860252004581902,0.6327319587628866,0.25773195876288657,0.044673539518900345,,False,,False,,D_SLIGHTLY_EARLY_EXIT
50,CAMP-21,SELL,2026.05.27 05:03:30,4506.31,4525.15,18.84,810.12,2026.05.27 05:18:04,4502.49,R_EXIT_GIVEBACK_45,EA_MANAGED_CLOSE,164.26,0.203,0.373,0.16999999999999998,0.3708763639954575,0.16787636399545747,0.3708763639954575,0.16787636399545747,0.3708763639954575,0.16787636399545747,,,0.43012684540561896,0.22712684540561892,0.43012684540561896,0.22712684540561892,0.14812620352540365,,False,,False,,D_SLIGHTLY_EARLY_EXIT
54,CAMP-23,SELL,2026.05.27 08:03:00,4509.38,4519.92,10.54,748.34,2026.05.27 08:16:34,4507.42,R_EXIT_GIVEBACK_45,EA_MANAGED_CLOSE,139.16,0.186,0.357,0.17099999999999999,0.48800176390410777,0.30200176390410777,0.48800176390410777,0.30200176390410777,0.48800176390410777,0.30200176390410777,,,1.661265253761659,1.475265253761659,1.661265253761659,1.475265253761659,0.045433893684688774,,False,,False,,E_MEANINGFULLY_EARLY_EXIT
56,CAMP-24,SELL,2026.05.28 02:33:00,4449.98,4465.8,15.82,759.36,2026.05.28 02:53:12,4446.58,R_PROFIT_GUARANTEE_FLOOR_BREACH,EA_MANAGED_CLOSE,163.2,0.215,0.37,0.155,0.3361546565528866,0.12115465655288664,0.3361546565528866,0.12115465655288664,0.3361546565528866,0.12115465655288664,,,0.3717109144542773,0.1567109144542773,0.38487989886219975,0.16987989886219976,0.38190054782975136,,True,,False,,B_CORRECT_EXIT_RETURNED_TO_ENTRY
58,CAMP-25,SELL,2026.05.28 03:03:00,4452.2,4465.44,13.24,781.16,2026.05.28 03:06:40,4449.54,EXTERNAL_CLOSE_BROKER_SL,BROKER_SL,156.94,0.219,0.366,0.147,0.4993522965845666,0.28035229658456656,0.6299273388294332,0.41092733882943316,0.6299273388294332,0.41092733882943316,,,0.6465692559782887,0.4275692559782887,0.6465692559782887,0.4275692559782887,0.048645603973577756,,False,,False,,E_MEANINGFULLY_EARLY_EXIT
60,CAMP-26,SELL,2026.05.28 22:03:30,4500.59,4520.81,20.22,788.58,2026.05.29 01:10:00,4493.91,R_EXIT_RUNNER_CONTINUATION_FAILED,EA_MANAGED_CLOSE,260.52,0.328,0.412,0.08399999999999996,0.38886890359887394,0.060868903598873925,0.38886890359887394,0.060868903598873925,0.38886890359887394,0.060868903598873925,,,0.38886890359887394,0.060868903598873925,0.47129554388901573,0.1432955438890157,0.06974561870704303,,False,,False,,A_CORRECT_EXIT_IMMEDIATE_REVERSAL
62,CAMP-27,SELL,2026.05.29 01:33:00,4495.73,4505.27,9.54,820.44,2026.05.29 01:52:37,4494.25,R_EXIT_GIVEBACK_45,EA_MANAGED_CLOSE,127.28,0.155,0.324,0.169,0.2927309736239091,0.13773097362390913,0.49384257227828965,0.3388425722782897,0.49384257227828965,0.3388425722782897,,,0.49384257227828965,0.3388425722782897,0.6888598800643557,0.5338598800643557,0.05241090146750524,,False,,False,,E_MEANINGFULLY_EARLY_EXIT
64,CAMP-28,BUY,2026.05.29 07:33:00,4509.32,4491.13,18.19,836.74,2026.05.29 08:00:53,4512.63,R_EXIT_GIVEBACK_45,EA_MANAGED_CLOSE,152.26,0.182,0.338,0.15600000000000003,0.182,0.0,0.182,0.0,0.182,0.0,,,0.182,0.0,0.6899236082893132,0.5079236082893133,0.16851112651480746,,False,,False,,A_CORRECT_EXIT_IMMEDIATE_REVERSAL
66,CAMP-29,BUY,2026.05.29 08:03:30,4510.84,4490.9,19.94,837.48,2026.05.29 09:01:47,4518.48,R_PROFIT_GUARANTEE_FLOOR_BREACH,EA_MANAGED_CLOSE,320.88,0.383,0.55,0.16700000000000004,0.5859899221473945,0.20298992214739456,0.5859899221473945,0.20298992214739456,0.5859899221473945,0.20298992214739456,,,0.5859899221473945,0.20298992214739456,0.6683799493719254,0.2853799493719253,0.2614987820604671,,False,,False,,D_SLIGHTLY_EARLY_EXIT
72,CAMP-31,BUY,2026.06.01 07:03:30,4518.75,4506.94,11.81,755.84,2026.06.01 08:25:25,4521.36,R_PROFIT_GUARANTEE_FLOOR_BREACH,EA_MANAGED_CLOSE,167.04,0.221,0.373,0.152,0.4168086367485182,0.1958086367485182,0.4168086367485182,0.1958086367485182,0.4168086367485182,0.1958086367485182,,,0.5517578323454699,0.3307578323454699,0.5517578323454699,0.3307578323454699,0.7236981371718882,,True,,False,,B_CORRECT_EXIT_RETURNED_TO_ENTRY
74,CAMP-32,BUY,2026.06.01 08:33:25,4516.06,4506.11,9.95,776.1,2026.06.01 08:39:39,4520.2,R_PROFIT_GUARANTEE_FLOOR_BREACH,EA_MANAGED_CLOSE,322.92,0.416,0.603,0.187,0.5113485375595928,0.09534853755959283,0.7729127689730704,0.35691276897307045,0.9249550315680968,0.5089550315680968,,,0.9249550315680968,0.5089550315680968,0.9249550315680968,0.5089550315680968,0.4664347377915217,,True,,False,,G_MIXED_VOLATILE_AFTER_EXIT
76,CAMP-33,BUY,2026.06.01 19:03:00,4474.61,4445.99,28.62,801.36,2026.06.01 20:43:34,4486.86,BASKET_FLOOR_TRIGGERED,EA_MANAGED_CLOSE,343.0,0.436,0.561,0.12500000000000006,0.7392345013477089,0.3032345013477089,0.7392345013477089,0.3032345013477089,0.7392345013477089,0.3032345013477089,,,0.7392345013477089,0.3032345013477089,0.7392345013477089,0.3032345013477089,0.029949086552860136,,False,,False,,E_MEANINGFULLY_EARLY_EXIT
82,CAMP-34,BUY,2026.06.01 21:03:30,4486.92,4468.13,18.79,845.55,2026.06.01 22:03:00,4487.43,DIRECTION_EXCLUSIVITY_PROFITABLE_CLOSE_FIRST,EA_MANAGED_CLOSE,22.95,0.027,0.178,0.151,0.07548914907456686,0.048489149074566855,0.07548914907456686,0.048489149074566855,0.07548914907456686,0.048489149074566855,,,0.07548914907456686,0.048489149074566855,0.9731297380403289,0.9461297380403288,0.13600614984329726,,True,,False,,A_CORRECT_EXIT_IMMEDIATE_REVERSAL
84,CAMP-35,SELL,2026.06.02 05:03:00,4478.37,4496.74,18.37,845.02,2026.06.02 05:09:51,4475.17,R_EXIT_GIVEBACK_45,EA_MANAGED_CLOSE,147.2,0.174,0.321,0.14700000000000002,0.23080338926889304,0.05680338926889304,0.23080338926889304,0.05680338926889304,0.23080338926889304,0.05680338926889304,,,0.23080338926889304,0.05680338926889304,0.2544714681309318,0.08047146813093181,0.37987266573572226,,True,,False,,A_CORRECT_EXIT_IMMEDIATE_REVERSAL
86,CAMP-36,SELL,2026.06.02 12:03:00,4527.15,4542.38,15.23,868.11,2026.06.02 12:32:54,4524.51,R_EXIT_GIVEBACK_45,EA_MANAGED_CLOSE,150.48,0.173,0.33,0.15700000000000003,0.2294444598034811,0.056444459803481124,0.3607642234279066,0.1877642234279066,0.3607642234279066,0.1877642234279066,,,0.3607642234279066,0.1877642234279066,0.3607642234279066,0.1877642234279066,0.15320639089516305,,False,,False,,D_SLIGHTLY_EARLY_EXIT
88,CAMP-37,BUY,2026.06.02 22:33:00,4488.11,4476.02,12.09,882.57,2026.06.03 01:01:24,4490.35,R_EXIT_GIVEBACK_45,EA_MANAGED_CLOSE,163.52,0.175,0.337,0.16200000000000003,0.3449581902851898,0.16995819028518983,0.4208728486125746,0.24587284861257463,0.4208728486125746,0.24587284861257463,,,0.4208728486125746,0.24587284861257463,0.4208728486125746,0.24587284861257463,0.18582095471180754,,True,,False,,B_CORRECT_EXIT_RETURNED_TO_ENTRY
92,CAMP-39,BUY,2026.06.03 03:03:30,4478.91,4457.62,21.29,809.02,2026.06.03 03:46:27,4492.53,BASKET_FLOOR_TRIGGERED,EA_MANAGED_CLOSE,517.56,0.656,0.838,0.18199999999999994,0.6634163803119825,0.0074163803119823984,0.6634163803119825,0.0074163803119823984,0.6634163803119825,0.0074163803119823984,,,0.6634163803119825,0.0074163803119823984,0.6634163803119825,0.0074163803119823984,0.25339299399273196,,False,,False,,A_CORRECT_EXIT_IMMEDIATE_REVERSAL
98,CAMP-40,BUY,2026.06.03 05:03:30,4474.11,4461.54,12.57,854.76,2026.06.03 05:11:09,4477.07,R_EXIT_GIVEBACK_45,EA_MANAGED_CLOSE,201.28,0.235,0.438,0.203,0.588315550563901,0.35331555056390096,0.588315550563901,0.35331555056390096,0.588315550563901,0.35331555056390096,,,0.7404050259722027,0.5054050259722027,1.0855311432448875,0.8505311432448874,0.22462445598764566,,False,,False,,E_MEANINGFULLY_EARLY_EXIT
100,CAMP-41,BUY,2026.06.03 05:33:30,4476.86,4461.01,15.85,871.75,2026.06.03 05:37:49,4481.7,R_EXIT_RUNNER_CONTINUATION_FAILED,EA_MANAGED_CLOSE,266.2,0.305,0.305,0.0,0.458713794092343,0.15371379409234298,0.5286879839403499,0.22368798394034986,0.5286879839403499,0.22368798394034986,,,0.6881373673644967,0.3831373673644967,0.6881373673644967,0.3831373673644967,0.5414396329222828,,True,,False,,B_CORRECT_EXIT_RETURNED_TO_ENTRY
104,CAMP-43,SELL,2026.06.04 17:33:00,4482.68,4523.52,40.84,775.96,2026.06.04 17:50:25,4469.8,BASKET_FLOOR_TRIGGERED,EA_MANAGED_CLOSE,244.72,0.318,0.423,0.10499999999999998,0.6247168410742822,0.30671684107428215,0.6247168410742822,0.30671684107428215,0.6247168410742822,0.30671684107428215,,,0.6247168410742822,0.30671684107428215,0.6247168410742822,0.30671684107428215,0.01417598845301304,,False,,False,,E_MEANINGFULLY_EARLY_EXIT
112,CAMP-45,SELL,2026.06.05 15:32:41,4452.74,4480.71,27.97,699.25,2026.06.05 15:37:03,4444.14,R_PROFIT_GUARANTEE_FLOOR_BREACH,EA_MANAGED_CLOSE,215.0,0.307,0.459,0.15200000000000002,0.4428598498391133,0.13585984983911334,0.4428598498391133,0.13585984983911334,0.9090736503396497,0.6020736503396497,,,1.8872645691812655,1.5802645691812656,2.025984626385413,1.718984626385413,0.1787629603146228,,False,,False,,D_SLIGHTLY_EARLY_EXIT
114,CAMP-46,SELL,2026.06.08 17:33:00,4323.1,4353.11,30.01,720.24,2026.06.09 02:54:14,4317.66,R_EXIT_GIVEBACK_45,EA_MANAGED_CLOSE,130.56,0.18,0.33,0.15000000000000002,0.28552038209485725,0.10552038209485727,0.28552038209485725,0.10552038209485727,0.28552038209485725,0.10552038209485727,,,0.28552038209485725,0.10552038209485727,0.28552038209485725,0.10552038209485727,0.07080973008997,,False,,False,,D_SLIGHTLY_EARLY_EXIT
118,CAMP-48,SELL,2026.06.09 10:03:30,4333.14,4342.83,9.69,678.3,2026.06.09 10:05:21,4331.47,R_EXIT_GIVEBACK_45,EA_MANAGED_CLOSE,116.9,0.172,0.32,0.14800000000000002,0.2987875571281144,0.1267875571281144,1.0329759693351026,0.8609759693351026,1.0329759693351026,0.8609759693351026,,,1.0329759693351026,0.8609759693351026,1.2113631136665193,1.0393631136665193,0.2447294707356627,,True,,False,,F_SEVERELY_EARLY_EXIT
122,CAMP-50,SELL,2026.06.09 16:33:00,4330.92,4349.34,18.42,626.28,2026.06.09 16:42:29,4327.84,R_EXIT_GIVEBACK_45,EA_MANAGED_CLOSE,104.72,0.167,0.308,0.141,0.18296729897170597,0.015967298971705946,0.18296729897170597,0.015967298971705946,0.23725611547550618,0.07025611547550617,,,0.32028607012837707,0.15328607012837708,1.5992667177620234,1.4322667177620234,1.9400268250622725,,True,,True,,C_ORIGINAL_SL_WOULD_HAVE_BEEN_HIT
124,CAMP-51,SELL,2026.06.11 09:03:30,4089.17,4111.36,22.19,621.32,2026.06.11 09:08:24,4082.48,EXTERNAL_CLOSE_BROKER_SL,BROKER_SL,187.32,0.306,0.452,0.14600000000000002,0.5780015450975342,0.27200154509753427,0.5780015450975342,0.27200154509753427,0.5780015450975342,0.27200154509753427,,,0.5780015450975342,0.27200154509753427,0.5780015450975342,0.27200154509753427,0.2752204982939548,,False,,False,,E_MEANINGFULLY_EARLY_EXIT
128,CAMP-53,SELL,2026.06.11 12:03:00,4086.64,4119.26,32.62,587.16,2026.06.11 15:12:38,4076.38,BASKET_FLOOR_TRIGGERED,EA_MANAGED_CLOSE,184.68,0.332,0.421,0.08899999999999997,0.37798405885959535,0.04598405885959534,0.6862475645479937,0.3542475645479938,0.7867312487226651,0.45473124872266507,,,0.9059491790993937,0.5739491790993937,0.9059491790993937,0.5739491790993937,0.17542066898290076,,False,,False,,E_MEANINGFULLY_EARLY_EXIT
132,CAMP-54,SELL,2026.06.12 04:33:00,4181.14,4219.09,37.95,607.2,2026.06.12 09:33:00,4177.94,DIRECTION_EXCLUSIVITY_PROFITABLE_CLOSE_FIRST,EA_MANAGED_CLOSE,51.2,0.084,0.272,0.188,0.13176021080368908,0.047760210803689064,0.17457971014492754,0.09057971014492754,0.22892753623188405,0.14492753623188404,,,0.22892753623188405,0.14492753623188404,0.23386824769433462,0.14986824769433463,0.0922266139657444,,True,,False,,A_CORRECT_EXIT_IMMEDIATE_REVERSAL
134,CAMP-55,BUY,2026.06.12 11:33:00,4218.53,4163.17,55.36,608.96,2026.06.12 18:28:36,4227.85,R_EXIT_GIVEBACK_45,EA_MANAGED_CLOSE,102.52,0.168,0.308,0.13999999999999999,0.17949500788229114,0.011495007882291118,0.17949500788229114,0.011495007882291118,0.17949500788229114,0.011495007882291118,,,0.17949500788229114,0.011495007882291118,0.2616022070415134,0.0936022070415134,0.1839201261166579,,True,,False,,A_CORRECT_EXIT_IMMEDIATE_REVERSAL
136,CAMP-56,SELL,2026.06.15 09:03:00,4311.86,4338.27,26.41,607.43,2026.06.15 09:11:21,4307.09,R_EXIT_GIVEBACK_45,EA_MANAGED_CLOSE,109.71,0.181,0.331,0.15000000000000002,0.2781305335594225,0.0971305335594225,0.3308115009136855,0.14981150091368553,0.3324577811435062,0.15145778114350625,,,0.3587982648206378,0.1777982648206378,0.4147717926345422,0.23377179263454226,0.0888991324103189,,False,,False,,D_SLIGHTLY_EARLY_EXIT
140,CAMP-58,SELL,2026.06.15 15:03:30,4337.15,4350.56,13.41,576.63,2026.06.15 15:14:16,4333.65,R_EXIT_RUNNER_CONTINUATION_FAILED,EA_MANAGED_CLOSE,150.5,0.261,0.327,0.066,0.9321409395973155,0.6711409395973155,0.9321409395973155,0.6711409395973155,0.9321409395973155,0.6711409395973155,,,0.9321409395973155,0.6711409395973155,0.9321409395973155,0.6711409395973155,0.03121585765568909,,False,,False,,F_SEVERELY_EARLY_EXIT
142,CAMP-59,SELL,2026.06.15 19:33:00,4339.2,4366.51,27.31,573.51,2026.06.15 21:13:47,4323.94,BASKET_FLOOR_TRIGGERED,EA_MANAGED_CLOSE,320.46,0.56,0.767,0.20699999999999996,0.598360272706666,0.03836027270666597,0.598360272706666,0.03836027270666597,0.598360272706666,0.03836027270666597,,,0.6332332478945442,0.07323324789454412,0.6698498718418162,0.10984987184181619,0.1394919007515126,,False,,False,,A_CORRECT_EXIT_IMMEDIATE_REVERSAL
146,CAMP-60,BUY,2026.06.16 01:33:00,4309.34,4300.54,8.8,633.6,2026.06.16 01:43:57,4312.95,R_PROFIT_GUARANTEE_FLOOR_BREACH,EA_MANAGED_CLOSE,259.92,0.41,0.588,0.178,0.46997474747474743,0.05997474747474747,0.46997474747474743,0.05997474747474747,0.5741414141414141,0.16414141414141414,,,0.8156186868686868,0.40561868686868685,1.1328535353535354,0.7228535353535354,0.2635732323232323,,False,,False,,A_CORRECT_EXIT_IMMEDIATE_REVERSAL
148,CAMP-61,BUY,2026.06.16 02:03:30,4313.84,4303.37,10.47,659.61,2026.06.16 02:35:57,4317.52,EXTERNAL_CLOSE_BROKER_SL,BROKER_SL,231.84,0.369,0.513,0.14400000000000002,0.4432863207046588,0.0742863207046588,0.47967145737632844,0.11067145737632843,0.47967145737632844,0.11067145737632843,,,0.5297010202998742,0.16070102029987415,0.5297010202998742,0.16070102029987415,0.37749579296857233,,True,,False,,B_CORRECT_EXIT_RETURNED_TO_ENTRY
150,CAMP-62,BUY,2026.06.16 04:03:30,4325.1,4302.31,22.79,683.7,2026.06.16 06:53:27,4329.39,R_EXIT_GIVEBACK_45,EA_MANAGED_CLOSE,128.7,0.188,0.344,0.15599999999999997,0.3576650577738774,0.16966505777387741,0.3576650577738774,0.16966505777387741,0.3576650577738774,0.16966505777387741,,,0.3576650577738774,0.16966505777387741,0.3576650577738774,0.16966505777387741,0.013163668275559455,,False,,False,,D_SLIGHTLY_EARLY_EXIT
152,CAMP-63,BUY,2026.06.16 07:03:00,4330.32,4311.42,18.9,680.4,2026.06.16 11:11:36,4337.16,R_PROFIT_GUARANTEE_FLOOR_BREACH,EA_MANAGED_CLOSE,246.24,0.362,0.524,0.16200000000000003,0.5751099353321576,0.21310993533215755,0.6177319223985891,0.25573192239858905,0.6662328042328043,0.30423280423280424,,,0.704445620223398,0.34244562022339803,0.9528289241622575,0.5908289241622575,0.008818342151675485,,False,,False,,E_MEANINGFULLY_EARLY_EXIT
154,CAMP-64,BUY,2026.06.16 11:33:00,4342.64,4319.59,23.05,714.55,2026.06.16 15:53:08,4351.13,R_PROFIT_GUARANTEE_FLOOR_BREACH,EA_MANAGED_CLOSE,263.19,0.368,0.529,0.16100000000000003,0.4827575397103072,0.1147575397103072,0.5359378629906935,0.16793786299069347,0.5359378629906935,0.16793786299069347,,,0.5359378629906935,0.16793786299069347,0.5359378629906935,0.16793786299069347,0.05318032328038626,,False,,False,,D_SLIGHTLY_EARLY_EXIT
156,CAMP-65,SELL,2026.06.16 17:03:00,4335.39,4360.05,24.66,739.8,2026.06.16 17:21:16,4324.84,BASKET_FLOOR_TRIGGERED,EA_MANAGED_CLOSE,316.5,0.435,0.558,0.12300000000000005,0.5052892673695594,0.07028926736955934,0.7905014868883482,0.3555014868883482,0.898638821303055,0.4636388213030549,,,0.898638821303055,0.4636388213030549,0.898638821303055,0.4636388213030549,0.050013517166801844,,False,,False,,E_MEANINGFULLY_EARLY_EXIT
160,CAMP-66,BUY,2026.06.16 19:03:00,4337.71,4317.42,20.29,771.02,2026.06.16 19:11:14,4341.07,R_EXIT_GIVEBACK_45,EA_MANAGED_CLOSE,127.68,0.166,0.316,0.15,0.4630091567015123,0.2970091567015123,0.4630091567015123,0.2970091567015123,0.4630091567015123,0.2970091567015123,,,0.4630091567015123,0.2970091567015123,0.4630091567015123,0.2970091567015123,0.0,,False,,False,,E_MEANINGFULLY_EARLY_EXIT
162,CAMP-67,BUY,2026.06.16 19:33:30,4342.42,4316.51,25.91,777.3,2026.06.17 04:10:07,4347.27,BASKET_FLOOR_TRIGGERED,EA_MANAGED_CLOSE,145.5,0.192,0.283,0.09099999999999997,0.2846283288305674,0.09262832883056736,0.2846283288305674,0.09262832883056736,0.2846283288305674,0.09262832883056736,,,0.2846283288305674,0.09262832883056736,0.2846283288305674,0.09262832883056736,0.21613276727132383,,True,,False,,A_CORRECT_EXIT_IMMEDIATE_REVERSAL
168,CAMP-68,BUY,2026.06.17 10:03:30,4331.87,4317.29,14.58,801.9,2026.06.17 16:24:08,4335.44,R_EXIT_GIVEBACK_45,EA_MANAGED_CLOSE,196.35,0.245,0.451,0.20600000000000002,0.3609745604190049,0.11597456041900486,0.3921505175208879,0.1471505175208879,0.6166174086544457,0.3716174086544457,,,0.92463586482105,0.67963586482105,1.5818250405287442,1.3368250405287443,0.18580870432722285,,False,,False,,D_SLIGHTLY_EARLY_EXIT
170,CAMP-69,BUY,2026.06.17 16:33:30,4336.29,4320.69,15.6,826.8,2026.06.17 16:42:25,4338.72,R_EXIT_GIVEBACK_45,EA_MANAGED_CLOSE,128.79,0.156,0.3,0.144,0.5200541848089019,0.36405418480890184,0.5817377842283503,0.4257377842283503,0.5817377842283503,0.4257377842283503,,,0.628907595549105,0.472907595549105,1.7900106434446057,1.6340106434446058,0.08466376390904694,,False,,False,,E_MEANINGFULLY_EARLY_EXIT
172,CAMP-70,BUY,2026.06.17 17:03:00,4336.76,4320.45,16.31,831.81,2026.06.17 17:08:59,4343.23,R_PROFIT_GUARANTEE_FLOOR_BREACH,EA_MANAGED_CLOSE,329.97,0.397,0.569,0.17199999999999993,0.47634504273812533,0.0793450427381253,0.47634504273812533,0.0793450427381253,1.052197701398156,0.6551977013981559,,,1.6833514504514253,1.2863514504514253,1.6833514504514253,1.2863514504514253,0.1911494211418473,,False,,False,,A_CORRECT_EXIT_IMMEDIATE_REVERSAL
174,CAMP-71,BUY,2026.06.17 21:32:53,4300.26,4269.8,30.46,852.88,2026.06.17 21:39:34,4309.47,R_EXIT_RUNNER_CONTINUATION_FAILED,EA_MANAGED_CLOSE,257.88,0.302,0.392,0.09000000000000002,0.8636264890723198,0.5616264890723197,1.0512261513929275,0.7492261513929275,1.0512261513929275,0.7492261513929275,,,1.0512261513929275,0.7492261513929275,1.0512261513929275,0.7492261513929275,0.4291342275583904,,True,,False,,G_MIXED_VOLATILE_AFTER_EXIT
176,CAMP-72,BUY,2026.06.18 02:33:00,4280.39,4253.95,26.44,898.96,2026.06.18 03:02:45,4286.83,R_EXIT_RUNNER_CONTINUATION_FAILED,EA_MANAGED_CLOSE,218.96,0.244,0.305,0.061,0.6900710153955683,0.4460710153955682,0.6900710153955683,0.4460710153955682,0.7501404289401086,0.5061404289401086,,,1.0349139450031146,0.7909139450031146,1.6678675803150307,1.4238675803150307,0.0,,False,,False,,E_MEANINGFULLY_EARLY_EXIT
178,CAMP-73,BUY,2026.06.18 03:33:30,4308.54,4258.25,50.29,905.22,2026.06.18 04:01:27,4317.15,R_EXIT_GIVEBACK_45,EA_MANAGED_CLOSE,154.98,0.171,0.315,0.144,0.3930454696095977,0.22204546960959767,0.3930454696095977,0.22204546960959767,0.3996736925830185,0.22867369258301848,,,0.3996736925830185,0.22867369258301848,0.3996736925830185,0.22867369258301848,0.015465853604648593,,False,,False,,D_SLIGHTLY_EARLY_EXIT
180,CAMP-74,BUY,2026.06.18 04:33:30,4319.43,4302.67,16.76,921.8,2026.06.18 04:44:26,4322.53,R_EXIT_GIVEBACK_45,EA_MANAGED_CLOSE,170.5,0.185,0.34,0.15500000000000003,0.3987123020177913,0.2137123020177913,0.3987123020177913,0.2137123020177913,0.3987123020177913,0.2137123020177913,,,0.6319516164026904,0.44695161640269043,0.6319516164026904,0.44695161640269043,0.30592319375135607,,True,,False,,B_CORRECT_EXIT_RETURNED_TO_ENTRY
182,CAMP-75,SELL,2026.06.18 09:03:00,4307.41,4329.37,21.96,944.28,2026.06.18 09:09:00,4299.95,EXTERNAL_CLOSE_BROKER_SL,BROKER_SL,320.78,0.347,0.492,0.14500000000000002,0.511146227813784,0.16414622781378405,0.511146227813784,0.16414622781378405,0.511146227813784,0.16414622781378405,,,0.511146227813784,0.16414622781378405,0.511146227813784,0.16414622781378405,0.10907781590206295,,False,,False,,D_SLIGHTLY_EARLY_EXIT
184,CAMP-76,SELL,2026.06.18 09:33:00,4303.71,4330.25,26.54,981.98,2026.06.18 11:01:47,4289.65,BASKET_FLOOR_TRIGGERED,EA_MANAGED_CLOSE,520.22,0.535,0.678,0.14300000000000002,0.6154497036599523,0.08044970365995234,0.6154497036599523,0.08044970365995234,0.7407068372064605,0.2057068372064604,,,0.7590371494327787,0.22403714943277867,1.596121407767979,1.061121407767979,0.12729383490498788,,False,,False,,A_CORRECT_EXIT_IMMEDIATE_REVERSAL
190,CAMP-77,SELL,2026.06.18 11:33:30,4287.7,4315.03,27.33,1038.54,2026.06.18 12:04:08,4269.44,R_PROFIT_GUARANTEE_FLOOR_BREACH,EA_MANAGED_CLOSE,693.88,0.668,0.956,0.2879999999999999,0.813396421899975,0.14539642189997498,1.0252322683767598,0.3572322683767597,1.0252322683767598,0.3572322683767597,,,1.0252322683767598,0.3572322683767597,1.0252322683767598,0.3572322683767597,0.0009628902112581123,,False,,False,,E_MEANINGFULLY_EARLY_EXIT
192,CAMP-78,SELL,2026.06.18 14:33:30,4247.67,4279.14,31.47,1101.45,2026.06.18 17:16:19,4242.03,R_EXIT_GIVEBACK_45,EA_MANAGED_CLOSE,197.4,0.179,0.327,0.14800000000000002,0.1826315765581733,0.0036315765581733167,0.1826315765581733,0.0036315765581733167,0.19352630623269326,0.014526306232693267,,,0.20351314176766988,0.024513141767669888,0.23165786009351308,0.052657860093513094,0.44577602251577464,,True,,False,,A_CORRECT_EXIT_IMMEDIATE_REVERSAL
196,CAMP-80,BUY,2026.06.19 18:33:00,4152.05,4139.32,12.73,1018.4,2026.06.19 19:48:17,4155.91,R_EXIT_RUNNER_CONTINUATION_FAILED,EA_MANAGED_CLOSE,308.8,0.303,0.303,0.0,0.4640369206598586,0.1610369206598586,0.4640369206598586,0.1610369206598586,0.4640369206598586,0.1610369206598586,,,0.4640369206598586,0.1610369206598586,0.4640369206598586,0.1610369206598586,0.3593872741555381,,True,,False,,B_CORRECT_EXIT_RETURNED_TO_ENTRY
198,CAMP-81,BUY,2026.06.22 03:33:30,4167.38,4128.81,38.57,1041.39,2026.06.22 04:00:04,4205.95,R_EXIT_TP_1R,EA_MANAGED_CLOSE,1041.39,1.0,1.0,0.0,1.3898635477582846,0.3898635477582846,1.3898635477582846,0.3898635477582846,1.3898635477582846,0.3898635477582846,,,1.3898635477582846,0.3898635477582846,1.3898635477582846,0.3898635477582846,0.08450244384908631,,False,,False,,E_MEANINGFULLY_EARLY_EXIT
202,CAMP-83,SELL,2026.06.23 20:03:00,4132.59,4147.38,14.79,1035.3,2026.06.23 20:34:57,4130.13,R_EXIT_GIVEBACK_45,EA_MANAGED_CLOSE,172.2,0.166,0.314,0.148,0.24906770984255772,0.08306770984255772,0.24906770984255772,0.08306770984255772,0.24906770984255772,0.08306770984255772,,,0.40554409349946874,0.23954409349946876,0.8701437264560997,0.7041437264560997,0.1555104800540906,,False,,False,,A_CORRECT_EXIT_IMMEDIATE_REVERSAL
204,CAMP-84,SELL,2026.06.23 21:33:30,4121.99,4136.39,14.4,1065.6,2026.06.23 21:48:48,4115.73,R_PROFIT_GUARANTEE_FLOOR_BREACH,EA_MANAGED_CLOSE,463.24,0.435,0.623,0.188,0.5363513513513514,0.10135135135135136,0.5447972972972973,0.1097972972972973,0.5447972972972973,0.1097972972972973,,,0.5447972972972973,0.1097972972972973,0.5447972972972973,0.1097972972972973,0.12575075075075076,,False,,False,,D_SLIGHTLY_EARLY_EXIT
206,CAMP-85,SELL,2026.06.23 22:03:30,4122.61,4136.25,13.64,1104.84,2026.06.23 22:22:34,4119.85,R_EXIT_GIVEBACK_45,EA_MANAGED_CLOSE,223.56,0.202,0.368,0.16599999999999998,0.2997517106549365,0.09775171065493647,0.2997517106549365,0.09775171065493647,0.2997517106549365,0.09775171065493647,,,0.5504667463162087,0.3484667463162087,0.7975613482495203,0.5955613482495203,0.26248144527714423,,True,,False,,A_CORRECT_EXIT_IMMEDIATE_REVERSAL
208,CAMP-86,SELL,2026.06.25 14:33:30,3979.17,3988.59,9.42,1130.4,2026.06.25 14:37:05,3975.48,R_PROFIT_GUARANTEE_FLOOR_BREACH,EA_MANAGED_CLOSE,442.8,0.392,0.565,0.17299999999999993,0.5025803255484784,0.11058032554847841,0.5025803255484784,0.11058032554847841,0.5025803255484784,0.11058032554847841,,,0.5025803255484784,0.11058032554847841,0.5025803255484784,0.11058032554847841,1.3172328379334748,,True,,False,,B_CORRECT_EXIT_RETURNED_TO_ENTRY
212,CAMP-88,BUY,2026.06.26 07:03:00,4003.42,3989.01,14.41,1051.93,2026.06.26 07:13:21,4007.46,R_EXIT_RUNNER_CONTINUATION_FAILED,EA_MANAGED_CLOSE,294.92,0.28,0.352,0.07199999999999995,0.6022647894821899,0.32226478948218984,0.6022647894821899,0.32226478948218984,0.6022647894821899,0.32226478948218984,,,0.6022647894821899,0.32226478948218984,0.8285155856378276,0.5485155856378275,0.04087724468358161,,False,,False,,E_MEANINGFULLY_EARLY_EXIT
214,CAMP-89,BUY,2026.06.26 07:33:00,4006.02,3988.54,17.48,1083.76,2026.06.26 07:56:31,4013.02,BASKET_FLOOR_TRIGGERED,EA_MANAGED_CLOSE,434.0,0.408,0.53,0.12200000000000005,0.46797637853399277,0.059976378533992764,0.46797637853399277,0.059976378533992764,0.5353344651952462,0.1273344651952462,,,0.7678582712039566,0.3598582712039566,0.9044198715582785,0.4964198715582786,0.3718535469107552,,False,,False,,A_CORRECT_EXIT_IMMEDIATE_REVERSAL
218,CAMP-90,BUY,2026.06.26 08:33:00,4018.57,4002.81,15.76,1118.96,2026.06.26 09:22:39,4022.83,BASKET_FLOOR_TRIGGERED,EA_MANAGED_CLOSE,302.46,0.284,0.403,0.11900000000000005,0.4198404232501608,0.13584042325016085,0.4377141631514978,0.1537141631514978,0.5994715092585972,0.31547150925859724,,,0.6486242939872738,0.36462429398727386,0.9944811610781439,0.710481161078144,0.19214270393937227,,False,,False,,D_SLIGHTLY_EARLY_EXIT
222,CAMP-91,BUY,2026.06.26 09:33:30,4026.65,4000.09,26.56,1168.64,2026.06.26 10:02:00,4031.6,BASKET_FLOOR_TRIGGERED,EA_MANAGED_CLOSE,217.8,0.199,0.274,0.07500000000000001,0.24264047097480834,0.04364047097480832,0.24264047097480834,0.04364047097480832,0.24264047097480834,0.04364047097480832,,,0.511328860898138,0.312328860898138,0.511328860898138,0.312328860898138,0.1788403614457831,,False,,False,,A_CORRECT_EXIT_IMMEDIATE_REVERSAL
228,CAMP-92,SELL,2026.06.29 01:33:30,4060.67,4091.85,31.18,1216.02,2026.06.29 07:35:34,4060.57,R_PROFIT_GUARANTEE_FLOOR_BREACH,EA_MANAGED_CLOSE,3.9,-0.271,0.393,0.664,-0.04978653311623166,0.22121346688376836,-0.024293531356392173,0.24670646864360785,-0.024293531356392173,0.24670646864360785,,,0.15251277117152678,0.4235127711715268,0.3770156576372099,0.6480156576372099,0.012335323432180393,,True,,False,,B_CORRECT_EXIT_RETURNED_TO_ENTRY
232,CAMP-94,BUY,2026.06.29 09:03:00,4056.75,4034.56,22.19,1153.88,2026.06.29 09:50:19,4062.52,BASKET_FLOOR_TRIGGERED,EA_MANAGED_CLOSE,300.04,0.264,0.363,0.09899999999999998,0.35239740700939437,0.08839740700939439,0.35239740700939437,0.08839740700939439,0.35239740700939437,0.08839740700939439,,,0.35239740700939437,0.08839740700939439,0.442528096509169,0.17852809650916904,0.12739626304295074,,False,,False,,A_CORRECT_EXIT_IMMEDIATE_REVERSAL
236,CAMP-95,SELL,2026.06.30 11:33:30,4024.58,4042.06,17.48,1206.12,2026.06.30 11:41:50,4017.27,BASKET_FLOOR_TRIGGERED,EA_MANAGED_CLOSE,504.39,0.419,0.521,0.10200000000000004,0.47040450369780784,0.05140450369780785,0.593941133552217,0.17494113355221705,0.6188142805027692,0.19981428050276923,,,0.6188142805027692,0.19981428050276923,0.6884590919643153,0.26945909196431533,0.13680230822803702,,False,,False,,D_SLIGHTLY_EARLY_EXIT
240,CAMP-96,SELL,2026.06.30 12:03:30,4017.55,4030.22,12.67,1267.0,2026.06.30 12:33:00,4014.97,EXTERNAL_CLOSE_BROKER_SL,BROKER_SL,258.0,0.208,0.354,0.146,0.3990023677979479,0.1910023677979479,0.3990023677979479,0.1910023677979479,0.3990023677979479,0.1910023677979479,,,0.3990023677979479,0.1910023677979479,0.3990023677979479,0.1910023677979479,0.23677979479084452,,True,,False,,B_CORRECT_EXIT_RETURNED_TO_ENTRY
242,CAMP-97,SELL,2026.06.30 15:33:00,4018.53,4042.03,23.5,1292.5,2026.06.30 16:00:04,4012.45,EXTERNAL_CLOSE_BROKER_SL,BROKER_SL,334.4,0.263,0.412,0.14899999999999997,0.263,0.0,0.263,0.0,0.263,0.0,,,0.263,0.0,0.263,0.0,0.5083172147001934,,True,,False,,A_CORRECT_EXIT_IMMEDIATE_REVERSAL
246,CAMP-98,SELL,2026.06.30 16:13:34,4024.65,4041.06,16.41,1279.98,2026.06.30 16:25:17,4021.75,R_EXIT_GIVEBACK_45,EA_MANAGED_CLOSE,226.2,0.177,0.323,0.14600000000000002,0.25668874513664275,0.07968874513664276,0.31997098392162376,0.14297098392162377,0.6981018922170659,0.5211018922170659,,,0.6981018922170659,0.5211018922170659,0.6981018922170659,0.5211018922170659,0.3546930420787825,,True,,False,,B_CORRECT_EXIT_RETURNED_TO_ENTRY
248,CAMP-99,SELL,2026.06.30 16:33:31,4019.99,4042.15,22.16,1285.28,2026.06.30 16:40:17,4016.34,R_EXIT_GIVEBACK_45,EA_MANAGED_CLOSE,211.7,0.165,0.303,0.13799999999999998,0.165,0.0,0.165,0.0,0.165,0.0,,,0.165,0.0,0.165,0.0,0.5243993526702353,,True,,False,,A_CORRECT_EXIT_IMMEDIATE_REVERSAL
250,CAMP-100,SELL,2026.06.30 18:02:53,4035.92,4071.18,35.26,1304.62,2026.06.30 18:24:29,4028.6,R_EXIT_GIVEBACK_45,EA_MANAGED_CLOSE,270.84,0.208,0.384,0.17600000000000002,0.25705643022489305,0.049056430224893074,0.25705643022489305,0.049056430224893074,0.25705643022489305,0.049056430224893074,,,0.25705643022489305,0.049056430224893074,0.2815846453373396,0.07358464533733962,0.07971669911545125,,False,,False,,A_CORRECT_EXIT_IMMEDIATE_REVERSAL
252,CAMP-101,SELL,2026.06.30 18:33:00,4029.9,4072.37,42.47,1316.57,2026.07.01 01:00:00,4025.26,R_EXIT_GIVEBACK_45,EA_MANAGED_CLOSE,143.84,0.108,0.355,0.247,0.4619500368381476,0.35395003683814763,0.4619500368381476,0.35395003683814763,0.4619500368381476,0.35395003683814763,,,0.4619500368381476,0.35395003683814763,0.4619500368381476,0.35395003683814763,0.0,,False,,False,,E_MEANINGFULLY_EARLY_EXIT
254,CAMP-102,SELL,2026.07.01 03:03:30,4006.41,4014.8,8.39,1367.57,2026.07.01 03:20:12,4003.2,R_PROFIT_GUARANTEE_FLOOR_BREACH,EA_MANAGED_CLOSE,523.23,0.383,0.548,0.16500000000000004,0.4700156555057511,0.08701565550575108,0.6001735267664544,0.21717352676645438,0.6711022543635792,0.2881022543635792,,,1.3387097625715687,0.9557097625715686,3.6508400374386687,3.2678400374386687,0.4189913496201291,,True,,False,,B_CORRECT_EXIT_RETURNED_TO_ENTRY
256,CAMP-103,SELL,2026.07.01 03:33:42,4003.07,4012.04,8.97,1417.26,2026.07.01 03:51:09,3997.68,R_PROFIT_GUARANTEE_FLOOR_BREACH,EA_MANAGED_CLOSE,851.62,0.601,0.866,0.265,1.1054945881489635,0.5044945881489635,1.1054945881489635,0.5044945881489635,2.043925080789693,1.4429250807896927,,,3.04233045453904,2.44133045453904,3.1912092770557274,2.5902092770557275,0.2413106981076161,,False,,False,,F_SEVERELY_EARLY_EXIT
258,CAMP-104,SELL,2026.07.01 04:33:00,3983.11,4004.26,21.15,1501.65,2026.07.01 04:34:45,3979.48,R_EXIT_GIVEBACK_45,EA_MANAGED_CLOSE,257.73,0.172,0.313,0.14100000000000001,0.2772175939799554,0.10521759397995538,0.36179122964738786,0.18979122964738787,0.40973848766357,0.23773848766357006,,,0.43371211667166115,0.26171211667166117,0.6055231245629806,0.4335231245629807,0.06792528218959144,,False,,False,,D_SLIGHTLY_EARLY_EXIT
260,CAMP-105,SELL,2026.07.01 05:03:00,3976.87,3992.25,15.38,1522.62,2026.07.01 05:07:09,3973.35,R_EXIT_GIVEBACK_45,EA_MANAGED_CLOSE,348.48,0.229,0.422,0.19299999999999998,0.4142070772746976,0.18520707727469757,0.4142070772746976,0.18520707727469757,0.4142070772746976,0.18520707727469757,,,0.4142070772746976,0.18520707727469757,0.4142070772746976,0.18520707727469757,0.33954630833694555,,True,,False,,B_CORRECT_EXIT_RETURNED_TO_ENTRY
262,CAMP-106,SELL,2026.07.01 20:03:00,4073.08,4089.07,15.99,1551.03,2026.07.01 20:10:41,4069.21,R_EXIT_RUNNER_CONTINUATION_FAILED,EA_MANAGED_CLOSE,375.39,0.242,0.305,0.063,0.3296836682720515,0.08768366827205147,0.3296836682720515,0.08768366827205147,0.3296836682720515,0.08768366827205147,,,0.3296836682720515,0.08768366827205147,0.3580519138894799,0.1160519138894799,0.18761726078799248,,False,,False,,A_CORRECT_EXIT_IMMEDIATE_REVERSAL
264,CAMP-107,SELL,2026.07.01 20:33:31,4070.09,4089.34,19.25,1597.75,2026.07.01 21:30:12,4063.45,BASKET_FLOOR_TRIGGERED,EA_MANAGED_CLOSE,551.12,0.352,0.456,0.10400000000000004,0.41145861367548114,0.059458613675481144,0.41145861367548114,0.059458613675481144,0.4527667031763417,0.10076670317634173,,,0.6380272257862619,0.28602722578626194,0.7037446409012673,0.3517446409012674,0.14082303238929744,,False,,False,,A_CORRECT_EXIT_IMMEDIATE_REVERSAL
268,CAMP-108,SELL,2026.07.01 21:33:42,4065.09,4072.75,7.66,1662.22,2026.07.01 21:43:17,4062.74,R_PROFIT_GUARANTEE_FLOOR_BREACH,EA_MANAGED_CLOSE,509.95,0.307,0.458,0.15100000000000002,0.5265858550613035,0.21958585506130354,0.8352092623118479,0.528209262311848,0.9332708907364848,0.6262708907364849,,,0.9332708907364848,0.6262708907364849,1.4644881784601316,1.1574881784601316,0.06858297938900988,,False,,False,,F_SEVERELY_EARLY_EXIT
270,CAMP-109,BUY,2026.07.02 04:33:00,4050.52,4034.19,16.33,1714.65,2026.07.02 04:40:56,4053.22,R_EXIT_GIVEBACK_45,EA_MANAGED_CLOSE,283.5,0.165,0.305,0.13999999999999999,0.20990712390283733,0.04490712390283731,0.20990712390283733,0.04490712390283731,0.3003045811098475,0.13530458110984747,,,0.365624034059429,0.20062403405942902,0.365624034059429,0.20062403405942902,0.482897384305835,,True,,False,,A_CORRECT_EXIT_IMMEDIATE_REVERSAL
272,CAMP-110,BUY,2026.07.02 05:33:30,4052.22,4037.28,14.94,1733.04,2026.07.02 05:47:06,4055.29,EXTERNAL_CLOSE_BROKER_SL,BROKER_SL,356.12,0.216,0.363,0.147,0.468158057517426,0.25215805751742604,0.468158057517426,0.25215805751742604,0.6014498453584453,0.3854498453584453,,,0.6014498453584453,0.3854498453584453,1.063643447352629,0.847643447352629,0.060010155564787886,,False,,False,,E_MEANINGFULLY_EARLY_EXIT
274,CAMP-111,BUY,2026.07.02 06:33:00,4065.29,4051.97,13.32,1771.56,2026.07.02 06:57:41,4071.42,R_PROFIT_GUARANTEE_FLOOR_BREACH,EA_MANAGED_CLOSE,815.29,0.46,0.664,0.20400000000000001,0.5683790557474768,0.1083790557474768,0.5824909119645962,0.12249091196459617,0.5824909119645962,0.12249091196459617,,,0.5824909119645962,0.12249091196459617,0.5824909119645962,0.12249091196459617,0.1541014698909436,,False,,False,,D_SLIGHTLY_EARLY_EXIT
276,CAMP-112,BUY,2026.07.02 07:03:30,4071.19,4050.92,20.27,1844.57,2026.07.02 09:29:20,4075.9,R_EXIT_GIVEBACK_45,EA_MANAGED_CLOSE,428.61,0.232,0.426,0.19399999999999998,0.2807918593493335,0.04879185934933345,0.2807918593493335,0.04879185934933345,0.2807918593493335,0.04879185934933345,,,0.2807918593493335,0.04879185934933345,0.2807918593493335,0.04879185934933345,0.1940831738562375,,False,,False,,A_CORRECT_EXIT_IMMEDIATE_REVERSAL
278,CAMP-113,SELL,2026.07.03 07:03:00,4175.06,4190.28,15.22,1902.5,2026.07.03 09:05:11,4167.14,BASKET_FLOOR_TRIGGERED,EA_MANAGED_CLOSE,990.0,0.536,0.68,0.14400000000000002,0.5402049934296977,0.004204993429697766,0.9328462549277268,0.3968462549277267,0.9670118265440211,0.43101182654402104,,,0.9670118265440211,0.43101182654402104,0.9670118265440211,0.43101182654402104,0.27700394218134033,,False,,False,,E_MEANINGFULLY_EARLY_EXIT
286,CAMP-115,BUY,2026.07.03 19:33:00,4168.04,4160.96,7.08,1833.72,2026.07.03 19:34:21,4169.3,R_EXIT_GIVEBACK_45,EA_MANAGED_CLOSE,326.34,0.178,0.332,0.15400000000000003,0.2837958685077329,0.10579586850773291,0.2837958685077329,0.10579586850773291,0.5995474554457605,0.4215474554457605,,,1.201056955260345,1.023056955260345,1.2081463691294199,1.03014636912942,0.16905525380101652,,False,,False,,D_SLIGHTLY_EARLY_EXIT
288,CAMP-116,BUY,2026.07.06 01:33:00,4187.97,4162.45,25.52,1862.96,2026.07.06 02:30:32,4197.41,EXTERNAL_CLOSE_BROKER_SL,BROKER_SL,689.12,0.384,0.541,0.15700000000000003,0.5466443938678233,0.16264439386782326,0.5466443938678233,0.16264439386782326,0.5466443938678233,0.16264439386782326,,,0.5466443938678233,0.16264439386782326,0.5466443938678233,0.16264439386782326,0.15405591102331773,,False,,False,,D_SLIGHTLY_EARLY_EXIT
296,CAMP-119,SELL,2026.07.07 03:03:00,4155.98,4167.74,11.76,1505.28,2026.07.07 03:36:44,4155.71,R_PROFIT_GUARANTEE_FLOOR_BREACH,EA_MANAGED_CLOSE,34.56,-0.52,0.322,0.8420000000000001,0.02873511904761905,0.5487351190476191,0.12174107142857138,0.6417410714285714,0.16226509353741492,0.6822650935374149,,,0.7455452806122449,1.265545280612245,2.0090975765306123,2.5290975765306123,0.0,,True,,False,,F_SEVERELY_EARLY_EXIT
302,CAMP-121,SELL,2026.07.07 15:33:37,4166.93,4178.07,11.14,1303.38,2026.07.07 15:37:45,4164.28,R_PROFIT_GUARANTEE_FLOOR_BREACH,EA_MANAGED_CLOSE,310.05,0.238,0.399,0.16100000000000003,0.4712397305467323,0.23323973054673233,0.4712397305467323,0.23323973054673233,0.4712397305467323,0.23323973054673233,,,0.4712397305467323,0.23323973054673233,0.6039715508907608,0.3659715508907609,0.424281483527444,,True,,False,,B_CORRECT_EXIT_RETURNED_TO_ENTRY
304,CAMP-122,BUY,2026.07.07 22:33:00,4109.18,4087.4,21.78,1328.58,2026.07.07 22:56:02,4115.87,R_EXIT_RUNNER_CONTINUATION_FAILED,EA_MANAGED_CLOSE,408.09,0.307,0.389,0.08200000000000002,0.3890424814463562,0.08204248144635626,0.3890424814463562,0.08204248144635626,0.3890424814463562,0.08204248144635626,,,0.3890424814463562,0.08204248144635626,0.3890424814463562,0.08204248144635626,0.8113926146713032,,True,,False,,A_CORRECT_EXIT_IMMEDIATE_REVERSAL
306,CAMP-123,BUY,2026.07.08 04:03:19,4115.23,4090.54,24.69,1357.95,2026.07.08 06:02:28,4125.76,BASKET_FLOOR_TRIGGERED,EA_MANAGED_CLOSE,579.15,0.428,0.569,0.14099999999999996,0.5244689421554549,0.09646894215545491,0.6069462056776759,0.1789462056776759,0.6437664126072389,0.21576641260723883,,,0.6518668581317427,0.2238668581317427,0.6518668581317427,0.2238668581317427,0.13476195736220037,,False,,False,,D_SLIGHTLY_EARLY_EXIT
310,CAMP-124,BUY,2026.07.08 06:33:30,4127.22,4109.18,18.04,1443.2,2026.07.08 08:08:08,4131.97,BASKET_FLOOR_TRIGGERED,EA_MANAGED_CLOSE,380.0,0.27,0.375,0.10499999999999998,0.3198891352549889,0.04988913525498891,0.3198891352549889,0.04988913525498891,0.3198891352549889,0.04988913525498891,,,0.3198891352549889,0.04988913525498891,0.3198891352549889,0.04988913525498891,0.37278270509977823,,True,,False,,A_CORRECT_EXIT_IMMEDIATE_REVERSAL
314,CAMP-125,SELL,2026.07.08 08:33:00,4126.6,4136.45,9.85,1497.2,2026.07.08 09:05:50,4124.96,R_EXIT_GIVEBACK_45,EA_MANAGED_CLOSE,249.28,0.166,0.313,0.147,0.42915789473684207,0.2631578947368421,0.42915789473684207,0.2631578947368421,0.42915789473684207,0.2631578947368421,,,0.42915789473684207,0.2631578947368421,0.8292380443494524,0.6632380443494523,0.7073203312850654,,True,,False,,G_MIXED_VOLATILE_AFTER_EXIT
316,CAMP-126,SELL,2026.07.08 10:33:00,4125.44,4136.31,10.87,1521.8,2026.07.08 10:37:13,4120.12,BASKET_FLOOR_TRIGGERED,EA_MANAGED_CLOSE,744.8,0.494,0.645,0.15100000000000002,0.666164541989749,0.17216454198974898,0.666164541989749,0.17216454198974898,0.666164541989749,0.17216454198974898,,,0.8153300039426994,0.32133000394269945,5.097758706794585,4.6037587067945855,0.6610592719148377,,True,,False,,B_CORRECT_EXIT_RETURNED_TO_ENTRY
320,CAMP-127,SELL,2026.07.08 11:03:30,4118.63,4130.1,11.47,1605.8,2026.07.08 11:16:43,4113.97,EXTERNAL_CLOSE_BROKER_SL,BROKER_SL,652.4,0.417,0.585,0.16799999999999998,3.313375638311122,2.896375638311122,3.313375638311122,2.896375638311122,3.313375638311122,2.896375638311122,,,5.053941088553992,4.636941088553992,5.978713787520239,5.561713787520239,0.1021297795491344,,False,,False,,F_SEVERELY_EARLY_EXIT
322,CAMP-128,BUY,2026.07.08 15:03:28,4064.86,4035.17,29.69,1662.64,2026.07.08 15:20:29,4073.2,EXTERNAL_CLOSE_BROKER_SL,BROKER_SL,467.04,0.284,0.432,0.14800000000000002,0.29121743732858585,0.007217437328585863,0.3200871866429293,0.036087186642929314,0.3200871866429293,0.036087186642929314,,,0.6232195544435355,0.3392195544435356,0.7320825674830389,0.448082567483039,0.24178415050762642,,False,,False,,A_CORRECT_EXIT_IMMEDIATE_REVERSAL
324,CAMP-129,SELL,2026.07.09 01:33:00,4077.1,4095.37,18.27,1717.38,2026.07.09 03:55:39,4073.5,R_EXIT_GIVEBACK_45,EA_MANAGED_CLOSE,338.4,0.197,0.359,0.16199999999999998,0.2860891940048213,0.08908919400482129,0.6505979224167044,0.4535979224167045,0.6505979224167044,0.4535979224167045,,,0.6505979224167044,0.4535979224167045,0.796750783169712,0.599750783169712,0.29405256844728594,,True,,False,,E_MEANINGFULLY_EARLY_EXIT
330,CAMP-131,SELL,2026.07.09 06:03:00,4066.48,4087.19,20.71,1511.83,2026.07.09 06:14:56,4058.97,R_PROFIT_GUARANTEE_FLOOR_BREACH,EA_MANAGED_CLOSE,548.23,0.363,0.525,0.16200000000000003,0.5892159105190399,0.22621591051903986,0.5892159105190399,0.22621591051903986,0.5892159105190399,0.22621591051903986,,,0.5892159105190399,0.22621591051903986,0.5892159105190399,0.22621591051903986,0.027119451261054486,,False,,False,,D_SLIGHTLY_EARLY_EXIT
334,CAMP-133,SELL,2026.07.09 21:33:00,4123.1,4141.88,18.78,1427.28,2026.07.10 03:35:01,4116.87,BASKET_FLOOR_TRIGGERED,EA_MANAGED_CLOSE,473.48,0.339,0.452,0.11299999999999999,0.3572164676867889,0.01821646768678886,0.3572164676867889,0.01821646768678886,0.3572164676867889,0.01821646768678886,,,0.3572164676867889,0.01821646768678886,0.3572164676867889,0.01821646768678886,0.38604898828541,,True,,False,,A_CORRECT_EXIT_IMMEDIATE_REVERSAL
338,CAMP-134,SELL,2026.07.13 01:33:00,4083.57,4115.45,31.88,1466.48,2026.07.13 01:49:01,4076.23,R_EXIT_GIVEBACK_45,EA_MANAGED_CLOSE,337.64,0.23,0.426,0.19599999999999998,0.25727619878893676,0.027276198788936775,0.25727619878893676,0.027276198788936775,0.39706671758223777,0.16706671758223773,,,0.470712454312367,0.240712454312367,0.470712454312367,0.240712454312367,0.15206480824832252,,False,,False,,A_CORRECT_EXIT_IMMEDIATE_REVERSAL
340,CAMP-135,SELL,2026.07.13 13:33:30,4067.25,4079.28,12.03,1515.78,2026.07.13 13:41:56,4054.7,R_EXIT_TP_1R,EA_MANAGED_CLOSE,1581.3,1.043,1.043,0.0,1.717240325113143,0.6742403251131431,1.717240325113143,0.6742403251131431,1.717240325113143,0.6742403251131431,,,1.717240325113143,0.6742403251131431,1.717240325113143,0.6742403251131431,0.19923735634458828,,False,,False,,F_SEVERELY_EARLY_EXIT
342,CAMP-136,SELL,2026.07.13 14:03:30,4061.87,4080.55,18.68,1681.2,2026.07.13 14:55:45,4058.25,R_EXIT_GIVEBACK_45,EA_MANAGED_CLOSE,325.8,0.194,0.354,0.15999999999999998,0.30523007375684036,0.11123007375684035,0.30523007375684036,0.11123007375684035,0.3599528907922912,0.16595289079229122,,,0.4378734237449441,0.24387342374494408,0.4378734237449441,0.24387342374494408,0.12312633832976445,,False,,False,,D_SLIGHTLY_EARLY_EXIT
344,CAMP-137,SELL,2026.07.14 11:03:00,4019.62,4032.79,13.17,1712.1,2026.07.14 11:10:01,4016.8,R_PROFIT_GUARANTEE_FLOOR_BREACH,EA_MANAGED_CLOSE,366.6,0.214,0.366,0.152,0.254885462297763,0.040885462297762985,0.254885462297763,0.040885462297762985,0.254885462297763,0.040885462297762985,,,0.254885462297763,0.040885462297762985,0.4306929501781438,0.2166929501781438,0.3253314642836283,,True,,False,,A_CORRECT_EXIT_IMMEDIATE_REVERSAL
346,CAMP-138,SELL,2026.07.14 11:33:30,4020.15,4032.74,12.59,1750.01,2026.07.14 12:00:41,4015.46,BASKET_FLOOR_TRIGGERED,EA_MANAGED_CLOSE,651.91,0.379,0.485,0.10599999999999998,0.3995713110210799,0.02057131102107988,0.3995713110210799,0.02057131102107988,0.3995713110210799,0.02057131102107988,,,0.3995713110210799,0.02057131102107988,0.5047135673510437,0.12571356735104372,0.5239970057313958,,True,,False,,A_CORRECT_EXIT_IMMEDIATE_REVERSAL
352,CAMP-140,SELL,2026.07.14 16:02:59,4079.41,4109.37,29.96,1617.84,2026.07.14 18:42:09,4070.4,R_EXIT_RUNNER_CONTINUATION_FAILED,EA_MANAGED_CLOSE,486.54,0.301,0.301,0.0,0.4202948622855165,0.1192948622855165,0.4202948622855165,0.1192948622855165,0.4555270236859022,0.1545270236859022,,,0.7188410720466796,0.41784107204667953,0.721313504425654,0.42031350442565396,0.20830242792859616,,False,,False,,D_SLIGHTLY_EARLY_EXIT
354,CAMP-141,SELL,2026.07.14 19:03:00,4064.08,4110.0,45.92,1653.12,2026.07.14 21:48:28,4050.0,R_PROFIT_GUARANTEE_FLOOR_BREACH,EA_MANAGED_CLOSE,506.88,0.307,0.457,0.15000000000000002,0.3723310104529617,0.06533101045296168,0.3723310104529617,0.06533101045296168,0.3723310104529617,0.06533101045296168,,,0.3723310104529617,0.06533101045296168,0.3723310104529617,0.06533101045296168,0.06049167634533489,,False,,False,,A_CORRECT_EXIT_IMMEDIATE_REVERSAL
356,CAMP-142,BUY,2026.07.15 03:03:00,4053.2,4044.34,8.86,1736.56,2026.07.15 03:04:53,4054.82,R_EXIT_GIVEBACK_45,EA_MANAGED_CLOSE,317.52,0.183,0.334,0.15100000000000002,0.30335288155894413,0.12035288155894412,0.30335288155894413,0.12035288155894412,0.3534519279495094,0.1704519279495094,,,0.6217985442483991,0.43879854424839915,1.0346837886396094,0.8516837886396094,0.41634035103883543,,True,,False,,B_CORRECT_EXIT_RETURNED_TO_ENTRY
358,CAMP-143,BUY,2026.07.15 03:33:00,4056.73,4049.12,7.61,1765.52,2026.07.15 03:56:03,4057.89,R_EXIT_GIVEBACK_45,EA_MANAGED_CLOSE,269.12,0.152,0.317,0.165,0.7399287688612987,0.5879287688612986,0.7399287688612987,0.5879287688612986,0.7399287688612987,0.5879287688612986,,,0.7399287688612987,0.5879287688612986,0.7399287688612987,0.5879287688612986,0.29849562735058227,,True,,False,,F_SEVERELY_EARLY_EXIT
360,CAMP-144,BUY,2026.07.15 04:03:00,4058.18,4048.72,9.46,1797.4,2026.07.15 04:06:54,4059.98,EXTERNAL_CLOSE_BROKER_SL,BROKER_SL,342.0,0.229,0.369,0.13999999999999999,0.2557052409035273,0.026705240903527317,0.2557052409035273,0.026705240903527317,0.2557052409035273,0.026705240903527317,,,0.2557052409035273,0.026705240903527317,0.2557052409035273,0.026705240903527317,0.5229776343607433,,True,,False,,A_CORRECT_EXIT_IMMEDIATE_REVERSAL
366,CAMP-147,BUY,2026.07.15 11:33:30,4029.15,4013.77,15.38,1476.48,2026.07.15 13:14:45,4034.26,BASKET_FLOOR_TRIGGERED,EA_MANAGED_CLOSE,490.56,0.339,0.441,0.10199999999999998,0.3491592977893368,0.0101592977893368,0.4311109666233204,0.09211096662332033,0.4311109666233204,0.09211096662332033,,,0.4311109666233204,0.09211096662332033,0.4311109666233204,0.09211096662332033,0.2831057650628522,,False,,False,,A_CORRECT_EXIT_IMMEDIATE_REVERSAL
370,CAMP-148,BUY,2026.07.15 14:33:30,4032.65,4025.0,7.65,1537.65,2026.07.15 14:45:01,4037.36,R_PROFIT_GUARANTEE_FLOOR_BREACH,EA_MANAGED_CLOSE,946.71,0.616,0.88,0.264,0.8189070334601503,0.2029070334601502,1.003604461353364,0.38760446135336385,1.003604461353364,0.38760446135336385,,,1.3131677559912853,0.6971677559912853,4.386689038467791,3.7706890384677916,0.22631938347478295,,False,,False,,E_MEANINGFULLY_EARLY_EXIT
372,CAMP-149,BUY,2026.07.15 15:03:01,4040.57,4023.41,17.16,1630.2,2026.07.15 15:30:13,4046.73,R_PROFIT_GUARANTEE_FLOOR_BREACH,EA_MANAGED_CLOSE,585.2,0.359,0.519,0.16000000000000003,0.8374688995215311,0.4784688995215311,1.493830082198503,1.1348300821985031,1.493830082198503,1.1348300821985031,,,1.8054482885535517,1.4464482885535517,1.9606439700650227,1.6016439700650227,0.0067476383265856945,,False,,False,,F_SEVERELY_EARLY_EXIT
376,CAMP-151,BUY,2026.07.16 10:03:00,4030.06,4020.5,9.56,1520.04,2026.07.16 11:02:13,4032.54,R_EXIT_RUNNER_CONTINUATION_FAILED,EA_MANAGED_CLOSE,394.32,0.259,0.328,0.069,0.44057416910081315,0.18157416910081314,0.44057416910081315,0.18157416910081314,0.44057416910081315,0.18157416910081314,,,0.5392557827425595,0.2802557827425594,0.7228035841162075,0.4638035841162075,0.7105076182205732,,True,,False,,B_CORRECT_EXIT_RETURNED_TO_ENTRY
378,CAMP-152,BUY,2026.07.16 11:03:30,4033.18,4019.92,13.26,1564.68,2026.07.16 14:43:36,4033.39,R_PROFIT_GUARANTEE_FLOOR_BREACH,EA_MANAGED_CLOSE,24.78,-0.574,0.345,0.9189999999999999,-0.015419331748344645,0.5585806682516553,0.10984589820282742,0.6838458982028274,0.10984589820282742,0.6838458982028274,,,0.18462157118388423,0.7586215711838842,0.18462157118388423,0.7586215711838842,0.4371500881969476,,True,,True,,C_ORIGINAL_SL_WOULD_HAVE_BEEN_HIT
