ticket,campaign_id,leg_role,direction,result,close_price_watch,watched,checkpoint_5m_verdict,checkpoint_5m_max_more_atr,checkpoint_5m_max_reverse_atr,checkpoint_5m_missed_money,checkpoint_5m_avoided_money,checkpoint_5m_price_mid,checkpoint_10m_verdict,checkpoint_10m_max_more_atr,checkpoint_10m_max_reverse_atr,checkpoint_10m_missed_money,checkpoint_10m_avoided_money,checkpoint_10m_price_mid,checkpoint_15m_verdict,checkpoint_15m_max_more_atr,checkpoint_15m_max_reverse_atr,checkpoint_15m_missed_money,checkpoint_15m_avoided_money,checkpoint_15m_price_mid,checkpoint_30m_verdict,checkpoint_30m_max_more_atr,checkpoint_30m_max_reverse_atr,checkpoint_30m_missed_money,checkpoint_30m_avoided_money,checkpoint_30m_price_mid,checkpoint_60m_verdict,checkpoint_60m_max_more_atr,checkpoint_60m_max_reverse_atr,checkpoint_60m_missed_money,checkpoint_60m_avoided_money,checkpoint_60m_price_mid
2,CAMP-1,CORE,BUY,WIN,4554.1,True,EXIT_OK,0.2,0.18,76.0,67.0,4552.56,EXIT_OK,0.2,0.44,76.0,169.0,4549.99,EXIT_OK,0.2,0.63,76.0,243.0,4547.18,EXIT_GOOD_AVOIDED_REVERSAL,0.2,1.27,76.0,488.0,4545.77,EXIT_GOOD_AVOIDED_REVERSAL,0.2,1.27,76.0,488.0,4549.59
4,CAMP-2,CORE,SELL,WIN,4533.83,True,EXIT_GOOD_AVOIDED_REVERSAL,0.03,0.96,14.0,498.0,4538.59,EXIT_GOOD_AVOIDED_REVERSAL,0.03,1.87,14.0,974.0,4544.97,EXIT_GOOD_AVOIDED_REVERSAL,0.03,2.35,14.0,1223.0,4543.06,EXIT_GOOD_AVOIDED_REVERSAL,0.03,2.35,14.0,1223.0,4538.1,EXIT_GOOD_AVOIDED_REVERSAL,0.66,2.35,345.0,1223.0,4545.72
6,CAMP-3,CORE,SELL,WIN,4538.7,True,EXIT_EARLY_LEFT_PROFIT,1.34,0.11,918.0,74.0,4539.41,EXIT_EARLY_LEFT_PROFIT,1.34,0.25,918.0,168.0,4539.19,EXIT_EARLY_LEFT_PROFIT,1.34,0.25,918.0,168.0,4535.69,EXIT_GOOD_AVOIDED_REVERSAL,1.34,2.2,918.0,1500.0,4549.81,EXIT_GOOD_AVOIDED_REVERSAL,1.34,4.35,918.0,2973.0,4555.52
8,CAMP-4,CORE,SELL,LOSS,4550.82,True,EXIT_GOOD_AVOIDED_REVERSAL,0.19,2.39,118.0,1498.0,4563.39,EXIT_GOOD_AVOIDED_REVERSAL,0.19,2.39,118.0,1498.0,4556.01,EXIT_GOOD_AVOIDED_REVERSAL,0.19,2.39,118.0,1498.0,4552.36,EXIT_GOOD_AVOIDED_REVERSAL,0.46,2.39,291.0,1498.0,4554.94,EXIT_GOOD_AVOIDED_REVERSAL,0.79,2.39,496.0,1498.0,4560.5
10,CAMP-5,CORE,SELL,LOSS,4572.62,True,EXIT_OK,0.45,0.26,160.0,94.0,4572.21,EXIT_OK,1.12,0.26,399.0,94.0,4564.82,EXIT_OK,1.12,0.36,399.0,128.0,4575.76,EXIT_OK,1.2,0.49,427.0,174.0,4568.1,EXIT_OK,1.2,0.83,427.0,296.0,4571.91
12,CAMP-6,CORE,BUY,WIN,4559.64,True,EXIT_GOOD_AVOIDED_REVERSAL,0.13,0.96,41.0,294.0,4553.15,EXIT_GOOD_AVOIDED_REVERSAL,0.13,0.96,41.0,294.0,4555.1,EXIT_GOOD_AVOIDED_REVERSAL,0.13,0.98,41.0,300.0,4552.02,EXIT_GOOD_AVOIDED_REVERSAL,0.13,1.49,41.0,457.0,4557.23,EXIT_GOOD_AVOIDED_REVERSAL,0.79,1.49,243.0,457.0,4566.59
14,CAMP-7,CORE,BUY,WIN,4566.95,True,EXIT_OK,0.72,0.0,162.0,0.0,4571.02,EXIT_OK,0.91,0.0,205.0,0.0,4572.19,EXIT_OK,1.05,0.0,238.0,0.0,4574.4,EXIT_OK,1.05,0.0,238.0,0.0,4571.9,EXIT_EARLY_LEFT_PROFIT,1.66,0.0,375.0,0.0,4577.95
15,CAMP-7,PYRAMID,BUY,WIN,4566.95,True,EXIT_OK,0.72,0.0,89.0,0.0,4571.02,EXIT_OK,0.91,0.0,113.0,0.0,4572.19,EXIT_OK,1.05,0.0,130.0,0.0,4574.4,EXIT_OK,1.05,0.0,130.0,0.0,4571.9,EXIT_EARLY_LEFT_PROFIT,1.66,0.0,206.0,0.0,4577.95
18,CAMP-8,CORE,SELL,WIN,4552.02,True,EXIT_OK,0.79,0.0,181.0,0.0,4547.51,EXIT_OK,1.13,0.0,259.0,0.0,4546.38,EXIT_OK,1.13,0.11,259.0,25.0,4548.81,EXIT_OK,1.13,0.15,259.0,34.0,4548.39,EXIT_OK,1.13,0.44,259.0,101.0,4549.23
19,CAMP-8,PYRAMID,SELL,WIN,4552.02,True,EXIT_OK,0.7,0.0,99.0,0.0,4547.51,EXIT_OK,1.0,0.0,142.0,0.0,4546.38,EXIT_OK,1.0,0.1,142.0,14.0,4548.81,EXIT_OK,1.0,0.13,142.0,19.0,4548.39,EXIT_OK,1.0,0.39,142.0,55.0,4549.23
22,CAMP-9,CORE,BUY,WIN,4542.49,True,EXIT_OK,0.52,0.22,303.0,126.0,4544.21,EXIT_EARLY_LEFT_PROFIT,1.32,0.22,766.0,126.0,4548.78,EXIT_EARLY_LEFT_PROFIT,1.73,0.22,1003.0,126.0,4550.38,EXIT_EARLY_LEFT_PROFIT,1.73,0.22,1003.0,126.0,4551.14,EXIT_EARLY_LEFT_PROFIT,1.93,0.22,1121.0,126.0,4548.3
24,CAMP-10,CORE,BUY,WIN,4553.77,True,EXIT_OK,0.22,0.89,75.0,306.0,4549.27,EXIT_GOOD_AVOIDED_REVERSAL,0.22,0.96,75.0,330.0,4549.19,EXIT_GOOD_AVOIDED_REVERSAL,0.22,1.19,75.0,410.0,4547.19,EXIT_GOOD_AVOIDED_REVERSAL,0.22,1.51,75.0,521.0,4543.51,EXIT_GOOD_AVOIDED_REVERSAL,0.76,1.67,263.0,577.0,4546.19
26,CAMP-11,CORE,BUY,LOSS,4537.27,True,EXIT_OK,0.36,0.09,210.0,50.0,4539.48,EXIT_OK,0.83,0.09,483.0,50.0,4542.74,EXIT_OK,0.83,0.09,483.0,50.0,4543.15,EXIT_EARLY_LEFT_PROFIT,1.23,0.09,711.0,50.0,4543.19,EXIT_EARLY_LEFT_PROFIT,1.23,0.12,711.0,67.0,4545.61
28,CAMP-12,CORE,BUY,LOSS,4519.84,True,EXIT_OK,0.96,0.7,224.0,162.0,4521.01,EXIT_OK,0.96,0.7,224.0,162.0,4521.55,EXIT_GOOD_AVOIDED_REVERSAL,0.96,1.48,224.0,345.0,4511.42,EXIT_GOOD_AVOIDED_REVERSAL,0.96,7.82,224.0,1816.0,4485.73,EXIT_GOOD_AVOIDED_REVERSAL,0.96,7.82,224.0,1816.0,4502.7
30,CAMP-13,CORE,SELL,WIN,4483.34,True,EXIT_OK,0.98,0.08,276.0,23.0,4477.15,EXIT_EARLY_LEFT_PROFIT,2.36,0.08,665.0,23.0,4469.77,EXIT_GOOD_AVOIDED_REVERSAL,2.36,2.82,665.0,797.0,4495.27,EXIT_GOOD_AVOIDED_REVERSAL,2.36,6.26,665.0,1769.0,4522.9,EXIT_GOOD_AVOIDED_REVERSAL,2.36,7.84,665.0,2214.0,4531.05
31,CAMP-13,PYRAMID,SELL,WIN,4483.34,True,EXIT_OK,0.92,0.08,155.0,13.0,4477.15,EXIT_EARLY_LEFT_PROFIT,2.22,0.08,373.0,13.0,4469.77,EXIT_GOOD_AVOIDED_REVERSAL,2.22,2.66,373.0,447.0,4495.27,EXIT_GOOD_AVOIDED_REVERSAL,2.22,5.91,373.0,992.0,4522.9,EXIT_GOOD_AVOIDED_REVERSAL,2.22,7.39,373.0,1242.0,4531.05
34,CAMP-14,CORE,BUY,WIN,4540.01,True,EXIT_OK,0.03,0.6,8.0,149.0,4539.65,EXIT_OK,0.41,0.74,101.0,184.0,4534.91,EXIT_OK,0.41,0.84,101.0,210.0,4534.84,EXIT_GOOD_AVOIDED_REVERSAL,0.41,1.65,101.0,410.0,4532.51,EXIT_GOOD_AVOIDED_REVERSAL,0.41,1.65,101.0,410.0,4533.9
35,CAMP-14,PYRAMID,BUY,WIN,4540.01,True,EXIT_OK,0.03,0.63,4.0,83.0,4539.65,EXIT_OK,0.43,0.78,56.0,103.0,4534.91,EXIT_OK,0.43,0.89,56.0,117.0,4534.84,EXIT_GOOD_AVOIDED_REVERSAL,0.43,1.73,56.0,229.0,4532.51,EXIT_GOOD_AVOIDED_REVERSAL,0.43,1.73,56.0,229.0,4533.9
38,CAMP-15,CORE,BUY,WIN,4516.66,True,EXIT_OK,0.1,0.21,30.0,65.0,4517.27,EXIT_OK,0.23,0.21,72.0,65.0,4516.24,EXIT_OK,0.23,0.21,72.0,65.0,4517.31,EXIT_OK,0.28,0.21,89.0,65.0,4517.64,EXIT_EARLY_LEFT_PROFIT,1.54,0.24,485.0,77.0,4524.61
40,CAMP-16,CORE,BUY,WIN,4527.49,True,EXIT_EARLY_LEFT_PROFIT,1.2,0.53,329.0,144.0,4536.77,EXIT_EARLY_LEFT_PROFIT,2.34,0.53,640.0,144.0,4546.31,EXIT_EARLY_LEFT_PROFIT,2.36,0.53,644.0,144.0,4537.09,EXIT_EARLY_LEFT_PROFIT,2.7,0.53,737.0,144.0,4545.65,EXIT_EARLY_LEFT_PROFIT,3.97,0.53,1083.0,144.0,4546.3
42,CAMP-17,CORE,BUY,LOSS,4505.67,True,EXIT_OK,0.55,0.31,90.0,51.0,4505.56,EXIT_OK,0.7,0.31,116.0,51.0,4509.14,EXIT_GOOD_AVOIDED_REVERSAL,0.7,1.6,116.0,264.0,4494.68,EXIT_GOOD_AVOIDED_REVERSAL,0.7,1.76,116.0,290.0,4498.65,EXIT_GOOD_AVOIDED_REVERSAL,0.7,1.76,116.0,290.0,4501.3
44,CAMP-18,CORE,SELL,WIN,4552.68,True,EXIT_OK,0.32,0.27,86.0,74.0,4552.47,EXIT_OK,0.32,0.41,86.0,111.0,4553.4,EXIT_OK,0.32,0.66,86.0,179.0,4553.27,EXIT_GOOD_AVOIDED_REVERSAL,0.32,1.13,86.0,306.0,4556.14,EXIT_GOOD_AVOIDED_REVERSAL,0.32,2.93,86.0,793.0,4563.62
46,CAMP-19,CORE,BUY,WIN,4570.84,True,EXIT_OK,0.22,0.16,54.0,39.0,4570.47,EXIT_OK,0.5,0.16,121.0,39.0,4572.36,EXIT_OK,0.5,0.16,121.0,39.0,4570.23,EXIT_OK,0.5,0.46,121.0,111.0,4570.03,EXIT_OK,0.93,0.65,225.0,156.0,4571.66
48,CAMP-20,CORE,BUY,LOSS,4517.64,True,EXIT_OK,0.56,0.2,183.0,65.0,4518.05,EXIT_OK,0.56,0.79,183.0,257.0,4513.4,EXIT_OK,0.56,0.84,183.0,274.0,4517.0,EXIT_OK,0.91,0.84,296.0,274.0,4521.9,EXIT_EARLY_LEFT_PROFIT,2.78,0.84,906.0,274.0,4534.31
50,CAMP-21,CORE,SELL,WIN,4502.49,True,EXIT_OK,0.54,0.0,136.0,0.0,4501.24,EXIT_OK,0.54,0.48,136.0,120.0,4504.89,EXIT_OK,0.54,0.59,136.0,149.0,4504.83,EXIT_OK,0.73,0.63,184.0,158.0,4500.89,EXIT_GOOD_AVOIDED_REVERSAL,0.73,1.35,184.0,337.0,4509.83
52,CAMP-22,CORE,SELL,LOSS,4515.67,True,EXIT_OK,0.7,0.32,186.0,85.0,4512.58,EXIT_OK,1.15,0.32,308.0,85.0,4510.42,EXIT_EARLY_LEFT_PROFIT,1.32,0.32,353.0,85.0,4512.81,EXIT_EARLY_LEFT_PROFIT,1.88,0.32,503.0,85.0,4505.52,EXIT_EARLY_LEFT_PROFIT,4.37,0.32,1166.0,85.0,4495.52
54,CAMP-23,CORE,SELL,WIN,4507.42,True,EXIT_OK,0.55,0.04,226.0,17.0,4505.14,EXIT_OK,0.55,0.08,226.0,34.0,4507.89,EXIT_OK,0.55,0.26,226.0,108.0,4505.35,EXIT_EARLY_LEFT_PROFIT,2.68,0.26,1104.0,108.0,4492.84,EXIT_EARLY_LEFT_PROFIT,2.68,0.26,1104.0,108.0,4495.01
56,CAMP-24,CORE,SELL,WIN,4446.58,True,EXIT_OK,0.37,0.67,92.0,166.0,4448.11,EXIT_GOOD_AVOIDED_REVERSAL,0.37,1.18,92.0,290.0,4451.67,EXIT_GOOD_AVOIDED_REVERSAL,0.37,1.18,92.0,290.0,4448.68,EXIT_GOOD_AVOIDED_REVERSAL,0.48,1.46,119.0,361.0,4448.92,EXIT_GOOD_AVOIDED_REVERSAL,0.52,1.67,129.0,414.0,4453.24
58,CAMP-25,CORE,SELL,WIN,4449.54,True,EXIT_OK,0.66,0.12,219.0,38.0,4447.36,EXIT_OK,0.97,0.12,321.0,38.0,4445.5,EXIT_OK,0.97,0.81,321.0,269.0,4452.74,EXIT_OK,1.01,0.81,334.0,269.0,4451.49,EXIT_GOOD_AVOIDED_REVERSAL,1.01,1.66,334.0,549.0,4446.56
60,CAMP-26,CORE,SELL,WIN,4493.91,True,EXIT_OK,0.21,0.24,48.0,55.0,4493.86,EXIT_OK,0.21,0.24,48.0,55.0,4493.7,EXIT_OK,0.21,0.24,48.0,55.0,4493.9,EXIT_OK,0.21,0.46,48.0,107.0,4494.39,EXIT_OK,0.48,0.46,113.0,107.0,4494.4
62,CAMP-27,CORE,SELL,WIN,4494.25,True,EXIT_OK,0.29,0.11,113.0,43.0,4493.65,EXIT_OK,0.71,0.11,278.0,43.0,4493.66,EXIT_OK,0.71,0.33,278.0,131.0,4494.72,EXIT_OK,0.71,0.64,278.0,250.0,4494.24,EXIT_OK,1.12,0.64,438.0,250.0,4493.15
64,CAMP-28,CORE,BUY,WIN,4512.63,True,EXIT_OK,0.0,0.6,0.0,129.0,4510.31,EXIT_OK,0.0,0.65,0.0,141.0,4510.31,EXIT_OK,0.0,0.76,0.0,165.0,4510.98,EXIT_OK,0.0,0.86,0.0,186.0,4512.1,EXIT_MIXED_VOLATILE_AFTER_CLOSE,1.96,2.09,425.0,453.0,4520.14
66,CAMP-29,CORE,BUY,WIN,4518.48,True,EXIT_OK,0.94,0.18,170.0,33.0,4519.15,EXIT_GOOD_AVOIDED_REVERSAL,0.94,1.2,170.0,219.0,4513.43,EXIT_GOOD_AVOIDED_REVERSAL,0.94,1.69,170.0,306.0,4513.73,EXIT_GOOD_AVOIDED_REVERSAL,0.94,1.94,170.0,352.0,4520.27,EXIT_GOOD_AVOIDED_REVERSAL,1.32,1.94,239.0,352.0,4522.48
68,CAMP-30,CORE,SELL,LOSS,4544.15,True,EXIT_OK,0.12,0.89,31.0,231.0,4550.1,EXIT_GOOD_AVOIDED_REVERSAL,0.12,1.2,31.0,314.0,4548.95,EXIT_GOOD_AVOIDED_REVERSAL,0.32,1.2,84.0,314.0,4542.24,EXIT_EARLY_LEFT_PROFIT,2.64,1.2,687.0,314.0,4531.86,EXIT_GOOD_AVOIDED_REVERSAL,2.64,3.82,687.0,995.0,4570.9
69,CAMP-30,PYRAMID,SELL,LOSS,4533.75,True,EXIT_OK,0.47,0.26,70.0,38.0,4532.94,EXIT_OK,0.59,0.45,87.0,66.0,4536.16,EXIT_OK,0.59,0.78,87.0,116.0,4537.82,EXIT_GOOD_AVOIDED_REVERSAL,0.59,2.68,87.0,396.0,4550.56,EXIT_GOOD_AVOIDED_REVERSAL,1.16,2.68,172.0,396.0,4533.64
72,CAMP-31,CORE,BUY,WIN,4521.36,True,EXIT_OK,0.37,0.15,148.0,58.0,4520.78,EXIT_GOOD_AVOIDED_REVERSAL,0.37,1.38,148.0,547.0,4516.38,EXIT_GOOD_AVOIDED_REVERSAL,0.37,1.38,148.0,547.0,4519.4,EXIT_GOOD_AVOIDED_REVERSAL,0.63,1.38,250.0,547.0,4522.09,EXIT_GOOD_AVOIDED_REVERSAL,0.63,2.67,250.0,1062.0,4510.56
74,CAMP-32,CORE,BUY,WIN,4520.2,True,EXIT_OK,0.17,0.84,74.0,362.0,4520.36,EXIT_OK,0.65,0.84,277.0,362.0,4523.39,EXIT_OK,0.92,0.84,395.0,362.0,4523.22,EXIT_GOOD_AVOIDED_REVERSAL,0.92,1.08,395.0,461.0,4517.12,EXIT_GOOD_AVOIDED_REVERSAL,0.92,3.34,395.0,1432.0,4503.23
76,CAMP-33,CORE,BUY,WIN,4486.86,True,EXIT_OK,0.9,0.09,243.0,24.0,4493.24,EXIT_OK,0.9,0.09,243.0,24.0,4490.41,EXIT_OK,0.9,0.09,243.0,24.0,4487.85,EXIT_OK,0.9,0.09,243.0,24.0,4489.31,EXIT_OK,0.9,0.2,243.0,53.0,4487.53
77,CAMP-33,PYRAMID,BUY,WIN,4486.86,True,EXIT_OK,1.18,0.12,139.0,14.0,4493.24,EXIT_OK,1.18,0.12,139.0,14.0,4490.41,EXIT_OK,1.18,0.12,139.0,14.0,4487.85,EXIT_OK,1.18,0.12,139.0,14.0,4489.31,EXIT_OK,1.18,0.26,139.0,30.0,4487.53
78,CAMP-33,PYRAMID,BUY,WIN,4486.86,True,EXIT_OK,1.18,0.12,78.0,8.0,4493.24,EXIT_OK,1.18,0.12,78.0,8.0,4490.41,EXIT_OK,1.18,0.12,78.0,8.0,4487.85,EXIT_OK,1.18,0.12,78.0,8.0,4489.31,EXIT_OK,1.18,0.26,78.0,17.0,4487.53
82,CAMP-34,CORE,BUY,WIN,4487.43,True,EXIT_OK,0.13,0.28,41.0,89.0,4486.49,EXIT_OK,0.13,0.35,41.0,115.0,4486.74,EXIT_OK,0.13,0.37,41.0,120.0,4485.74,EXIT_OK,0.13,0.51,41.0,166.0,4483.89,EXIT_EARLY_LEFT_PROFIT,2.48,1.14,800.0,368.0,4505.2
84,CAMP-35,CORE,SELL,WIN,4475.17,True,EXIT_OK,0.11,0.44,48.0,193.0,4479.25,EXIT_OK,0.11,0.74,48.0,321.0,4481.12,EXIT_GOOD_AVOIDED_REVERSAL,0.11,1.04,48.0,452.0,4483.83,EXIT_GOOD_AVOIDED_REVERSAL,0.11,1.13,48.0,492.0,4479.27,EXIT_GOOD_AVOIDED_REVERSAL,0.16,1.86,68.0,807.0,4486.43
86,CAMP-36,CORE,SELL,WIN,4524.51,True,EXIT_OK,0.18,0.49,49.0,133.0,4525.15,EXIT_OK,0.6,0.49,163.0,133.0,4525.66,EXIT_OK,0.6,0.49,163.0,133.0,4525.79,EXIT_GOOD_AVOIDED_REVERSAL,0.6,1.49,163.0,405.0,4528.56,EXIT_GOOD_AVOIDED_REVERSAL,0.6,1.53,163.0,416.0,4528.2
88,CAMP-37,CORE,BUY,WIN,4490.35,True,EXIT_OK,0.44,0.48,150.0,164.0,4489.98,EXIT_OK,0.63,0.48,217.0,164.0,4491.47,EXIT_OK,0.63,0.48,217.0,164.0,4489.31,EXIT_OK,0.63,0.56,217.0,191.0,4489.81,EXIT_GOOD_AVOIDED_REVERSAL,0.63,1.28,217.0,441.0,4487.6
90,CAMP-38,CORE,BUY,LOSS,4476.67,True,EXIT_OK,0.73,0.42,232.0,132.0,4476.35,EXIT_GOOD_AVOIDED_REVERSAL,0.73,1.48,232.0,467.0,4471.02,EXIT_GOOD_AVOIDED_REVERSAL,0.73,1.98,232.0,625.0,4467.81,EXIT_GOOD_AVOIDED_REVERSAL,0.73,2.86,232.0,902.0,4465.67,EXIT_GOOD_AVOIDED_REVERSAL,0.73,2.86,232.0,902.0,4475.67
92,CAMP-39,CORE,BUY,WIN,4492.53,True,EXIT_OK,0.02,0.47,6.0,126.0,4491.65,EXIT_OK,0.02,0.77,6.0,205.0,4487.67,EXIT_GOOD_AVOIDED_REVERSAL,0.02,1.94,6.0,518.0,4479.58,EXIT_GOOD_AVOIDED_REVERSAL,0.02,3.59,6.0,960.0,4472.07,EXIT_GOOD_AVOIDED_REVERSAL,0.02,4.14,6.0,1106.0,4472.0
93,CAMP-39,PYRAMID,BUY,WIN,4492.53,True,EXIT_OK,0.02,0.47,3.0,73.0,4491.65,EXIT_OK,0.02,0.77,3.0,119.0,4487.67,EXIT_GOOD_AVOIDED_REVERSAL,0.02,1.94,3.0,300.0,4479.58,EXIT_GOOD_AVOIDED_REVERSAL,0.02,3.59,3.0,556.0,4472.07,EXIT_GOOD_AVOIDED_REVERSAL,0.02,4.14,3.0,640.0,4472.0
94,CAMP-39,PYRAMID,BUY,LOSS,4476.87,True,EXIT_GOOD_AVOIDED_REVERSAL,0.37,0.99,31.0,84.0,4469.9,EXIT_GOOD_AVOIDED_REVERSAL,0.37,1.37,31.0,115.0,4475.26,EXIT_GOOD_AVOIDED_REVERSAL,0.37,1.37,31.0,115.0,4471.77,EXIT_GOOD_AVOIDED_REVERSAL,0.37,1.91,31.0,161.0,4470.74,EXIT_GOOD_AVOIDED_REVERSAL,0.37,1.91,31.0,161.0,4474.17
98,CAMP-40,CORE,BUY,WIN,4477.07,True,EXIT_OK,0.53,0.18,302.0,100.0,4479.89,EXIT_OK,0.53,0.34,302.0,192.0,4475.57,EXIT_OK,0.53,0.34,302.0,192.0,4478.95,EXIT_OK,0.76,0.34,432.0,192.0,4483.1,EXIT_EARLY_LEFT_PROFIT,1.28,0.47,727.0,268.0,4485.48
100,CAMP-41,CORE,BUY,WIN,4481.7,True,EXIT_OK,0.3,0.16,134.0,72.0,4483.77,EXIT_GOOD_AVOIDED_REVERSAL,0.43,1.04,195.0,472.0,4474.66,EXIT_GOOD_AVOIDED_REVERSAL,0.43,1.04,195.0,472.0,4475.35,EXIT_GOOD_AVOIDED_REVERSAL,0.74,1.04,334.0,472.0,4485.53,EXIT_GOOD_AVOIDED_REVERSAL,0.74,1.04,334.0,472.0,4484.0
102,CAMP-42,CORE,SELL,LOSS,4468.63,True,EXIT_OK,0.26,0.65,127.0,321.0,4470.84,EXIT_OK,0.35,0.65,171.0,321.0,4468.67,EXIT_OK,0.47,0.65,233.0,321.0,4465.59,EXIT_EARLY_LEFT_PROFIT,1.29,0.65,642.0,321.0,4463.05,EXIT_EARLY_LEFT_PROFIT,1.7,0.65,842.0,321.0,4461.94
104,CAMP-43,CORE,SELL,WIN,4469.8,True,EXIT_EARLY_LEFT_PROFIT,1.42,0.06,238.0,11.0,4465.65,EXIT_EARLY_LEFT_PROFIT,1.42,0.06,238.0,11.0,4466.98,EXIT_EARLY_LEFT_PROFIT,1.42,0.23,238.0,39.0,4471.64,EXIT_EARLY_LEFT_PROFIT,1.42,0.57,238.0,95.0,4472.38,EXIT_EARLY_LEFT_PROFIT,1.42,0.85,238.0,142.0,4474.91
105,CAMP-43,PYRAMID,SELL,WIN,4469.8,True,EXIT_EARLY_LEFT_PROFIT,1.42,0.06,138.0,6.0,4465.65,EXIT_EARLY_LEFT_PROFIT,1.42,0.06,138.0,6.0,4466.98,EXIT_EARLY_LEFT_PROFIT,1.42,0.23,138.0,23.0,4471.64,EXIT_EARLY_LEFT_PROFIT,1.42,0.57,138.0,55.0,4472.38,EXIT_EARLY_LEFT_PROFIT,1.42,0.85,138.0,82.0,4474.91
108,CAMP-44,CORE,BUY,LOSS,4465.29,True,EXIT_OK,0.88,0.12,372.0,51.0,4469.61,EXIT_OK,1.16,0.12,490.0,51.0,4473.98,EXIT_OK,1.16,0.12,490.0,51.0,4470.55,EXIT_OK,1.16,0.15,490.0,63.0,4465.7,EXIT_OK,1.16,0.74,490.0,313.0,4461.67
109,CAMP-44,PYRAMID,BUY,LOSS,4467.9,True,EXIT_OK,1.16,0.0,245.0,0.0,4473.86,EXIT_EARLY_LEFT_PROFIT,1.24,0.0,261.0,0.0,4475.28,EXIT_EARLY_LEFT_PROFIT,1.24,0.0,261.0,0.0,4475.47,EXIT_EARLY_LEFT_PROFIT,1.94,0.0,407.0,0.0,4478.85,EXIT_EARLY_LEFT_PROFIT,2.02,0.0,426.0,0.0,4470.02
112,CAMP-45,CORE,SELL,WIN,4444.14,True,EXIT_OK,0.67,0.72,95.0,103.0,4446.55,EXIT_OK,0.67,0.88,95.0,125.0,4447.88,EXIT_EARLY_LEFT_PROFIT,2.97,0.88,421.0,125.0,4429.02,EXIT_EARLY_LEFT_PROFIT,7.79,0.88,1105.0,125.0,4409.82,EXIT_EARLY_LEFT_PROFIT,8.48,0.88,1202.0,125.0,4396.04
114,CAMP-46,CORE,SELL,WIN,4317.66,True,EXIT_OK,0.32,0.17,76.0,41.0,4316.41,EXIT_OK,0.32,0.21,76.0,51.0,4317.61,EXIT_OK,0.32,0.42,76.0,100.0,4318.98,EXIT_OK,0.32,0.63,76.0,149.0,4317.99,EXIT_OK,0.32,0.63,76.0,149.0,4316.09
116,CAMP-47,CORE,SELL,LOSS,4343.16,True,EXIT_OK,0.65,0.16,185.0,47.0,4341.73,EXIT_GOOD_AVOIDED_REVERSAL,0.65,0.98,185.0,279.0,4347.62,EXIT_GOOD_AVOIDED_REVERSAL,0.65,1.33,185.0,377.0,4344.81,EXIT_GOOD_AVOIDED_REVERSAL,0.65,1.33,185.0,377.0,4347.28,EXIT_EARLY_LEFT_PROFIT,1.65,1.33,469.0,377.0,4334.54
118,CAMP-48,CORE,SELL,WIN,4331.47,True,EXIT_OK,0.19,0.37,86.0,166.0,4331.64,EXIT_EARLY_LEFT_PROFIT,1.3,0.37,584.0,166.0,4323.31,EXIT_EARLY_LEFT_PROFIT,1.3,0.37,584.0,166.0,4330.31,EXIT_EARLY_LEFT_PROFIT,1.3,0.37,584.0,166.0,4325.07,EXIT_EARLY_LEFT_PROFIT,1.58,0.37,705.0,166.0,4321.4
120,CAMP-49,CORE,SELL,LOSS,4344.39,True,EXIT_OK,0.53,0.0,141.0,0.0,4340.69,EXIT_OK,1.09,0.0,289.0,0.0,4338.05,EXIT_OK,1.09,0.17,289.0,44.0,4340.36,EXIT_OK,1.09,0.17,289.0,44.0,4337.24,EXIT_EARLY_LEFT_PROFIT,2.77,0.17,731.0,44.0,4339.54
122,CAMP-50,CORE,SELL,WIN,4327.84,True,EXIT_GOOD_AVOIDED_REVERSAL,0.05,2.07,10.0,380.0,4338.99,EXIT_GOOD_AVOIDED_REVERSAL,0.05,6.62,10.0,1215.0,4339.26,EXIT_GOOD_AVOIDED_REVERSAL,0.24,6.62,44.0,1215.0,4328.49,EXIT_GOOD_AVOIDED_REVERSAL,0.52,6.62,96.0,1215.0,4327.3,EXIT_GOOD_AVOIDED_REVERSAL,4.89,6.62,897.0,1215.0,4301.69
124,CAMP-51,CORE,SELL,WIN,4082.48,True,EXIT_OK,0.66,0.08,169.0,21.0,4081.59,EXIT_OK,0.66,0.66,169.0,171.0,4087.09,EXIT_OK,0.66,0.78,169.0,201.0,4087.35,EXIT_GOOD_AVOIDED_REVERSAL,0.66,1.15,169.0,296.0,4090.99,EXIT_GOOD_AVOIDED_REVERSAL,0.66,1.69,169.0,434.0,4095.55
126,CAMP-52,CORE,SELL,LOSS,4111.88,True,EXIT_OK,0.67,0.04,170.0,9.0,4106.52,EXIT_OK,0.67,0.09,170.0,22.0,4108.96,EXIT_OK,0.67,0.09,170.0,22.0,4108.16,EXIT_EARLY_LEFT_PROFIT,1.61,0.09,407.0,22.0,4097.16,EXIT_EARLY_LEFT_PROFIT,2.91,0.09,735.0,22.0,4084.32
128,CAMP-53,CORE,SELL,WIN,4076.38,True,EXIT_OK,0.19,0.73,27.0,103.0,4081.26,EXIT_EARLY_LEFT_PROFIT,1.47,0.73,208.0,103.0,4067.18,EXIT_EARLY_LEFT_PROFIT,1.89,0.73,267.0,103.0,4069.85,EXIT_EARLY_LEFT_PROFIT,2.38,0.73,337.0,103.0,4069.24,EXIT_EARLY_LEFT_PROFIT,2.38,1.26,337.0,178.0,4081.11
129,CAMP-53,PYRAMID,SELL,WIN,4076.38,True,EXIT_OK,0.21,0.81,15.0,57.0,4081.26,EXIT_EARLY_LEFT_PROFIT,1.63,0.81,116.0,57.0,4067.18,EXIT_EARLY_LEFT_PROFIT,2.09,0.81,149.0,57.0,4069.85,EXIT_EARLY_LEFT_PROFIT,2.63,0.81,187.0,57.0,4069.24,EXIT_EARLY_LEFT_PROFIT,2.63,1.39,187.0,99.0,4081.11
132,CAMP-54,CORE,SELL,WIN,4177.94,True,EXIT_OK,0.15,0.29,29.0,56.0,4177.27,EXIT_OK,0.28,0.29,55.0,56.0,4176.57,EXIT_OK,0.46,0.29,88.0,56.0,4177.23,EXIT_OK,0.46,0.59,88.0,113.0,4180.22,EXIT_OK,0.47,0.59,91.0,113.0,4172.82
134,CAMP-55,CORE,BUY,WIN,4227.85,True,EXIT_GOOD_AVOIDED_REVERSAL,0.07,0.92,7.0,100.0,4220.56,EXIT_GOOD_AVOIDED_REVERSAL,0.07,1.04,7.0,112.0,4219.44,EXIT_GOOD_AVOIDED_REVERSAL,0.07,1.73,7.0,186.0,4214.23,EXIT_GOOD_AVOIDED_REVERSAL,0.07,2.12,7.0,229.0,4213.38,EXIT_GOOD_AVOIDED_REVERSAL,0.53,2.12,57.0,229.0,4219.34
136,CAMP-56,CORE,SELL,WIN,4307.09,True,EXIT_OK,0.44,0.4,59.0,54.0,4308.06,EXIT_OK,0.67,0.4,91.0,54.0,4303.15,EXIT_OK,0.69,0.41,92.0,55.0,4308.36,EXIT_OK,0.8,0.41,108.0,55.0,4304.23,EXIT_OK,1.06,1.07,142.0,144.0,4311.93
138,CAMP-57,CORE,SELL,LOSS,4339.7,True,EXIT_OK,0.08,0.89,9.0,110.0,4343.4,EXIT_OK,0.08,0.89,9.0,110.0,4343.2,EXIT_OK,0.08,0.89,9.0,110.0,4340.02,EXIT_OK,0.84,0.89,104.0,110.0,4339.73,EXIT_OK,0.84,0.89,104.0,110.0,4336.82
140,CAMP-58,CORE,SELL,WIN,4333.65,True,EXIT_EARLY_LEFT_PROFIT,1.77,0.08,387.0,18.0,4327.3,EXIT_EARLY_LEFT_PROFIT,1.77,0.08,387.0,18.0,4331.32,EXIT_EARLY_LEFT_PROFIT,1.77,0.93,387.0,203.0,4335.07,EXIT_GOOD_AVOIDED_REVERSAL,1.77,2.58,387.0,565.0,4346.2,EXIT_GOOD_AVOIDED_REVERSAL,1.77,3.32,387.0,728.0,4350.43
142,CAMP-59,CORE,SELL,WIN,4323.94,True,EXIT_OK,0.13,0.27,22.0,44.0,4325.83,EXIT_OK,0.13,0.48,22.0,80.0,4327.39,EXIT_OK,0.13,0.53,22.0,87.0,4326.42,EXIT_OK,0.26,0.53,42.0,87.0,4324.75,EXIT_OK,0.38,0.53,63.0,87.0,4323.09
143,CAMP-59,PYRAMID,SELL,WIN,4323.94,True,EXIT_OK,0.13,0.27,12.0,25.0,4325.83,EXIT_OK,0.13,0.48,12.0,46.0,4327.39,EXIT_OK,0.13,0.53,12.0,50.0,4326.42,EXIT_OK,0.26,0.53,24.0,50.0,4324.75,EXIT_OK,0.38,0.53,36.0,50.0,4323.09
146,CAMP-60,CORE,BUY,WIN,4312.95,True,EXIT_OK,0.1,0.29,38.0,114.0,4311.69,EXIT_OK,0.1,0.43,38.0,167.0,4313.48,EXIT_OK,0.27,0.43,104.0,167.0,4312.77,EXIT_OK,0.66,0.43,257.0,167.0,4314.76,EXIT_OK,1.17,0.43,458.0,167.0,4316.67
148,CAMP-61,CORE,BUY,WIN,4317.52,True,EXIT_OK,0.14,0.64,49.0,216.0,4314.42,EXIT_OK,0.22,0.74,73.0,249.0,4317.24,EXIT_OK,0.22,0.79,73.0,267.0,4317.2,EXIT_OK,0.31,0.79,106.0,267.0,4316.35,EXIT_GOOD_AVOIDED_REVERSAL,0.31,1.98,106.0,667.0,4310.31
150,CAMP-62,CORE,BUY,WIN,4329.39,True,EXIT_OK,0.78,0.06,116.0,9.0,4330.69,EXIT_OK,0.78,0.06,116.0,9.0,4330.51,EXIT_OK,0.78,0.22,116.0,32.0,4328.76,EXIT_GOOD_AVOIDED_REVERSAL,0.78,0.96,116.0,142.0,4326.23,EXIT_GOOD_AVOIDED_REVERSAL,0.78,1.64,116.0,243.0,4322.27
152,CAMP-63,CORE,BUY,WIN,4337.16,True,EXIT_OK,0.73,0.03,145.0,6.0,4340.17,EXIT_OK,0.87,0.03,174.0,6.0,4339.32,EXIT_OK,1.04,0.03,207.0,6.0,4342.92,EXIT_OK,1.17,0.03,233.0,6.0,4340.41,EXIT_EARLY_LEFT_PROFIT,2.02,0.03,402.0,6.0,4347.02
154,CAMP-64,CORE,BUY,WIN,4351.13,True,EXIT_OK,0.49,0.19,82.0,32.0,4352.59,EXIT_OK,0.72,0.23,120.0,38.0,4352.98,EXIT_GOOD_AVOIDED_REVERSAL,0.72,1.02,120.0,170.0,4346.97,EXIT_GOOD_AVOIDED_REVERSAL,0.72,3.31,120.0,551.0,4335.28,EXIT_GOOD_AVOIDED_REVERSAL,0.72,3.31,120.0,551.0,4335.89
156,CAMP-65,CORE,SELL,WIN,4324.84,True,EXIT_OK,0.26,0.19,52.0,37.0,4325.0,EXIT_EARLY_LEFT_PROFIT,1.33,0.19,263.0,37.0,4318.09,EXIT_EARLY_LEFT_PROFIT,1.74,0.19,343.0,37.0,4321.14,EXIT_EARLY_LEFT_PROFIT,1.74,0.55,343.0,108.0,4326.94,EXIT_EARLY_LEFT_PROFIT,1.74,0.59,343.0,117.0,4326.03
157,CAMP-65,PYRAMID,SELL,WIN,4324.84,True,EXIT_OK,0.26,0.19,30.0,21.0,4325.0,EXIT_EARLY_LEFT_PROFIT,1.33,0.19,149.0,21.0,4318.09,EXIT_EARLY_LEFT_PROFIT,1.74,0.19,195.0,21.0,4321.14,EXIT_EARLY_LEFT_PROFIT,1.74,0.55,195.0,61.0,4326.94,EXIT_EARLY_LEFT_PROFIT,1.74,0.59,195.0,66.0,4326.03
160,CAMP-66,CORE,BUY,WIN,4341.07,True,EXIT_OK,0.74,0.0,229.0,0.0,4345.39,EXIT_OK,0.74,0.0,229.0,0.0,4343.44,EXIT_OK,0.74,0.0,229.0,0.0,4343.07,EXIT_OK,0.74,0.11,229.0,33.0,4343.99,EXIT_OK,0.74,0.53,229.0,164.0,4336.84
162,CAMP-67,CORE,BUY,WIN,4347.27,True,EXIT_OK,0.3,0.11,72.0,26.0,4346.86,EXIT_OK,0.3,0.7,72.0,168.0,4341.69,EXIT_GOOD_AVOIDED_REVERSAL,0.3,1.01,72.0,240.0,4341.15,EXIT_GOOD_AVOIDED_REVERSAL,0.3,1.13,72.0,270.0,4339.85,EXIT_GOOD_AVOIDED_REVERSAL,0.3,1.3,72.0,310.0,4341.72
163,CAMP-67,PYRAMID,BUY,WIN,4347.27,True,EXIT_OK,0.3,0.11,41.0,15.0,4346.86,EXIT_OK,0.3,0.7,41.0,95.0,4341.69,EXIT_GOOD_AVOIDED_REVERSAL,0.3,1.01,41.0,136.0,4341.15,EXIT_GOOD_AVOIDED_REVERSAL,0.3,1.13,41.0,153.0,4339.85,EXIT_GOOD_AVOIDED_REVERSAL,0.3,1.3,41.0,176.0,4341.72
164,CAMP-67,PYRAMID,BUY,LOSS,4327.69,True,EXIT_OK,1.08,0.0,86.0,0.0,4331.91,EXIT_OK,1.08,0.0,86.0,0.0,4332.45,EXIT_OK,1.08,0.0,86.0,0.0,4332.39,EXIT_OK,1.08,0.0,86.0,0.0,4330.28,EXIT_OK,1.08,0.0,86.0,0.0,4335.57
168,CAMP-68,CORE,BUY,WIN,4335.44,True,EXIT_OK,0.32,0.29,93.0,83.0,4335.39,EXIT_OK,0.41,0.51,118.0,149.0,4337.23,EXIT_OK,1.03,0.51,298.0,149.0,4337.73,EXIT_EARLY_LEFT_PROFIT,1.88,0.51,545.0,149.0,4341.9,EXIT_EARLY_LEFT_PROFIT,3.7,0.51,1072.0,149.0,4354.92
170,CAMP-69,CORE,BUY,WIN,4338.72,True,EXIT_OK,1.06,0.25,301.0,70.0,4341.18,EXIT_EARLY_LEFT_PROFIT,1.23,0.25,352.0,70.0,4343.1,EXIT_EARLY_LEFT_PROFIT,1.23,0.25,352.0,70.0,4341.25,EXIT_EARLY_LEFT_PROFIT,1.37,0.55,391.0,156.0,4343.16,EXIT_EARLY_LEFT_PROFIT,4.74,0.55,1351.0,156.0,4348.65
172,CAMP-70,CORE,BUY,WIN,4343.23,True,EXIT_OK,0.21,0.49,66.0,155.0,4340.7,EXIT_OK,0.21,0.5,66.0,159.0,4341.77,EXIT_EARLY_LEFT_PROFIT,1.73,0.5,545.0,159.0,4353.57,EXIT_EARLY_LEFT_PROFIT,3.39,0.5,1070.0,159.0,4351.68,EXIT_EARLY_LEFT_PROFIT,3.39,1.99,1070.0,629.0,4347.08
174,CAMP-71,CORE,BUY,WIN,4309.47,True,EXIT_OK,1.09,0.83,479.0,366.0,4323.83,EXIT_EARLY_LEFT_PROFIT,1.45,0.83,639.0,366.0,4322.9,EXIT_EARLY_LEFT_PROFIT,1.45,0.83,639.0,366.0,4313.65,EXIT_GOOD_AVOIDED_REVERSAL,1.45,2.89,639.0,1275.0,4273.66,EXIT_GOOD_AVOIDED_REVERSAL,1.45,5.72,639.0,2523.0,4223.38
176,CAMP-72,CORE,BUY,WIN,4286.83,True,EXIT_OK,0.83,0.0,401.0,0.0,4295.44,EXIT_OK,0.83,0.0,401.0,0.0,4297.39,EXIT_OK,0.94,0.0,455.0,0.0,4298.45,EXIT_EARLY_LEFT_PROFIT,1.47,0.0,711.0,0.0,4307.16,EXIT_EARLY_LEFT_PROFIT,2.64,0.0,1280.0,0.0,4323.52
178,CAMP-73,CORE,BUY,WIN,4317.15,True,EXIT_EARLY_LEFT_PROFIT,1.27,0.09,201.0,14.0,4323.1,EXIT_EARLY_LEFT_PROFIT,1.27,0.09,201.0,14.0,4326.88,EXIT_EARLY_LEFT_PROFIT,1.3,0.09,207.0,14.0,4320.9,EXIT_EARLY_LEFT_PROFIT,1.3,0.21,207.0,34.0,4320.11,EXIT_EARLY_LEFT_PROFIT,1.3,0.21,207.0,34.0,4319.05
180,CAMP-74,CORE,BUY,WIN,4322.53,True,EXIT_OK,0.34,0.27,197.0,158.0,4321.23,EXIT_OK,0.34,0.49,197.0,282.0,4319.65,EXIT_OK,0.34,0.49,197.0,282.0,4318.85,EXIT_OK,0.71,0.58,412.0,336.0,4328.66,EXIT_OK,0.71,0.59,412.0,345.0,4316.7
182,CAMP-75,CORE,SELL,WIN,4299.95,True,EXIT_OK,0.57,0.23,155.0,64.0,4298.17,EXIT_OK,0.57,0.37,155.0,103.0,4300.68,EXIT_OK,0.57,0.86,155.0,236.0,4304.73,EXIT_OK,0.57,0.88,155.0,241.0,4300.74,EXIT_GOOD_AVOIDED_REVERSAL,0.57,1.22,155.0,335.0,4303.97
184,CAMP-76,CORE,SELL,WIN,4289.65,True,EXIT_OK,0.3,0.42,79.0,113.0,4289.85,EXIT_OK,0.3,0.47,79.0,125.0,4290.66,EXIT_OK,0.76,0.47,202.0,125.0,4289.16,EXIT_OK,0.83,0.47,220.0,125.0,4284.1,EXIT_EARLY_LEFT_PROFIT,3.92,0.47,1042.0,125.0,4263.69
185,CAMP-76,PYRAMID,SELL,WIN,4289.65,True,EXIT_OK,0.28,0.41,45.0,64.0,4289.85,EXIT_OK,0.28,0.45,45.0,71.0,4290.66,EXIT_OK,0.73,0.45,115.0,71.0,4289.16,EXIT_OK,0.8,0.45,125.0,71.0,4284.1,EXIT_EARLY_LEFT_PROFIT,3.77,0.45,592.0,71.0,4263.69
186,CAMP-76,PYRAMID,SELL,WIN,4287.62,True,EXIT_OK,0.01,0.72,1.0,65.0,4290.18,EXIT_OK,0.35,0.72,32.0,65.0,4285.49,EXIT_OK,0.46,0.72,41.0,65.0,4287.61,EXIT_OK,0.55,0.72,49.0,65.0,4287.44,EXIT_EARLY_LEFT_PROFIT,3.5,0.72,314.0,65.0,4269.25
190,CAMP-77,CORE,SELL,WIN,4269.44,True,EXIT_OK,0.57,0.0,151.0,1.0,4267.04,EXIT_EARLY_LEFT_PROFIT,1.4,0.0,371.0,1.0,4264.94,EXIT_EARLY_LEFT_PROFIT,1.4,0.33,371.0,88.0,4270.61,EXIT_EARLY_LEFT_PROFIT,1.4,0.55,371.0,145.0,4265.51,EXIT_EARLY_LEFT_PROFIT,1.4,0.56,371.0,150.0,4267.14
192,CAMP-78,CORE,SELL,WIN,4242.03,True,EXIT_GOOD_AVOIDED_REVERSAL,0.02,1.13,4.0,296.0,4249.01,EXIT_GOOD_AVOIDED_REVERSAL,0.02,1.87,4.0,491.0,4252.72,EXIT_GOOD_AVOIDED_REVERSAL,0.06,1.87,16.0,491.0,4244.12,EXIT_GOOD_AVOIDED_REVERSAL,0.1,1.87,27.0,491.0,4243.95,EXIT_GOOD_AVOIDED_REVERSAL,0.22,1.87,58.0,491.0,4248.33
194,CAMP-79,CORE,SELL,LOSS,4171.99,True,EXIT_GOOD_AVOIDED_REVERSAL,0.48,1.16,120.0,290.0,4175.9,EXIT_GOOD_AVOIDED_REVERSAL,0.53,1.87,132.0,466.0,4169.25,EXIT_GOOD_AVOIDED_REVERSAL,1.41,1.87,353.0,466.0,4174.66,EXIT_GOOD_AVOIDED_REVERSAL,1.91,2.12,477.0,530.0,4165.33,EXIT_EARLY_LEFT_PROFIT,3.28,2.12,821.0,530.0,4158.02
196,CAMP-80,CORE,BUY,WIN,4155.91,True,EXIT_OK,0.28,0.37,164.0,218.0,4153.88,EXIT_OK,0.28,0.62,164.0,366.0,4154.1,EXIT_GOOD_AVOIDED_REVERSAL,0.28,1.6,164.0,940.0,4144.15,EXIT_GOOD_AVOIDED_REVERSAL,0.28,1.61,164.0,942.0,4144.14,EXIT_GOOD_AVOIDED_REVERSAL,0.28,1.61,164.0,943.0,4144.12
198,CAMP-81,CORE,BUY,WIN,4205.95,True,EXIT_EARLY_LEFT_PROFIT,1.73,0.38,406.0,88.0,4207.36,EXIT_EARLY_LEFT_PROFIT,1.73,0.38,406.0,88.0,4210.76,EXIT_EARLY_LEFT_PROFIT,1.73,0.38,406.0,88.0,4211.06,EXIT_EARLY_LEFT_PROFIT,1.73,0.38,406.0,88.0,4205.42,EXIT_MIXED_VOLATILE_AFTER_CLOSE,1.73,1.87,406.0,439.0,4192.8
200,CAMP-82,CORE,BUY,LOSS,4120.1,True,EXIT_OK,1.17,0.52,156.0,68.0,4131.88,EXIT_EARLY_LEFT_PROFIT,1.7,0.52,227.0,68.0,4129.59,EXIT_EARLY_LEFT_PROFIT,1.7,0.52,227.0,68.0,4130.24,EXIT_EARLY_LEFT_PROFIT,1.7,0.52,227.0,68.0,4124.76,EXIT_EARLY_LEFT_PROFIT,1.7,0.52,227.0,68.0,4120.8
202,CAMP-83,CORE,SELL,WIN,4130.13,True,EXIT_OK,0.18,0.13,86.0,64.0,4130.0,EXIT_OK,0.18,0.33,86.0,161.0,4132.42,EXIT_OK,0.18,0.45,86.0,217.0,4131.92,EXIT_OK,0.51,0.45,248.0,217.0,4127.09,EXIT_EARLY_LEFT_PROFIT,1.51,0.45,729.0,217.0,4121.59
204,CAMP-84,CORE,SELL,WIN,4115.73,True,EXIT_OK,0.27,0.31,108.0,125.0,4114.76,EXIT_OK,0.29,0.33,117.0,134.0,4117.5,EXIT_GOOD_AVOIDED_REVERSAL,0.29,1.38,117.0,560.0,4123.0,EXIT_GOOD_AVOIDED_REVERSAL,0.29,1.91,117.0,772.0,4118.71,EXIT_GOOD_AVOIDED_REVERSAL,0.29,1.91,117.0,772.0,4118.07
206,CAMP-85,CORE,SELL,WIN,4119.85,True,EXIT_OK,0.25,0.49,108.0,213.0,4121.01,EXIT_OK,0.25,0.67,108.0,290.0,4121.76,EXIT_OK,0.25,0.85,108.0,369.0,4123.84,EXIT_OK,0.88,0.85,385.0,369.0,4115.14,EXIT_EARLY_LEFT_PROFIT,1.51,0.85,658.0,369.0,4113.2
208,CAMP-86,CORE,SELL,WIN,3975.48,True,EXIT_GOOD_AVOIDED_REVERSAL,0.18,1.62,125.0,1118.0,3984.6,EXIT_GOOD_AVOIDED_REVERSAL,0.18,2.16,125.0,1489.0,3985.53,EXIT_GOOD_AVOIDED_REVERSAL,0.18,2.16,125.0,1489.0,3985.2,EXIT_GOOD_AVOIDED_REVERSAL,0.18,2.16,125.0,1489.0,3982.8,EXIT_GOOD_AVOIDED_REVERSAL,0.18,6.39,125.0,4397.0,4003.65
210,CAMP-87,CORE,SELL,LOSS,4042.04,True,EXIT_OK,0.28,0.07,129.0,30.0,4041.93,EXIT_OK,0.51,0.07,240.0,30.0,4039.76,EXIT_OK,0.61,0.07,284.0,30.0,4035.78,EXIT_OK,0.61,0.15,284.0,72.0,4041.49,EXIT_EARLY_LEFT_PROFIT,1.32,0.15,616.0,72.0,4029.75
212,CAMP-88,CORE,BUY,WIN,4007.46,True,EXIT_OK,0.55,0.07,339.0,43.0,4011.79,EXIT_OK,0.55,0.07,339.0,43.0,4010.36,EXIT_OK,0.55,0.17,339.0,103.0,4008.11,EXIT_OK,0.55,0.67,339.0,414.0,4003.55,EXIT_OK,0.93,0.67,577.0,414.0,4013.39
214,CAMP-89,CORE,BUY,WIN,4013.02,True,EXIT_OK,0.13,0.25,65.0,129.0,4011.07,EXIT_OK,0.13,0.79,65.0,403.0,4008.93,EXIT_OK,0.27,0.79,138.0,403.0,4013.7,EXIT_OK,0.76,0.79,390.0,403.0,4016.19,EXIT_OK,1.05,0.88,538.0,449.0,4010.93
215,CAMP-89,PYRAMID,BUY,BREAKEVEN,4014.02,True,EXIT_OK,0.24,0.27,62.0,69.0,4015.53,EXIT_OK,0.72,0.27,185.0,69.0,4014.8,EXIT_OK,0.72,0.29,185.0,73.0,4013.64,EXIT_OK,1.05,0.29,269.0,73.0,4013.49,EXIT_OK,1.05,1.12,269.0,288.0,4009.09
218,CAMP-90,CORE,BUY,WIN,4022.83,True,EXIT_OK,0.31,0.45,152.0,215.0,4022.45,EXIT_OK,0.36,0.45,172.0,215.0,4024.91,EXIT_OK,0.73,0.45,353.0,215.0,4022.14,EXIT_OK,0.84,0.45,408.0,215.0,4024.45,EXIT_EARLY_LEFT_PROFIT,1.64,0.45,795.0,215.0,4030.03
219,CAMP-90,PYRAMID,BUY,WIN,4022.83,True,EXIT_OK,0.28,0.4,88.0,124.0,4022.45,EXIT_OK,0.32,0.4,99.0,124.0,4024.91,EXIT_OK,0.65,0.4,204.0,124.0,4022.14,EXIT_OK,0.75,0.4,236.0,124.0,4024.45,EXIT_EARLY_LEFT_PROFIT,1.46,0.4,459.0,124.0,4030.03
222,CAMP-91,CORE,BUY,WIN,4031.6,True,EXIT_OK,0.14,0.59,51.0,209.0,4031.06,EXIT_OK,0.14,0.59,51.0,209.0,4027.28,EXIT_OK,0.14,0.59,51.0,209.0,4029.76,EXIT_OK,1.03,0.59,365.0,209.0,4038.26,EXIT_OK,1.03,0.59,365.0,209.0,4027.72
223,CAMP-91,PYRAMID,BUY,WIN,4031.6,True,EXIT_OK,0.14,0.59,29.0,118.0,4031.06,EXIT_OK,0.14,0.59,29.0,118.0,4027.28,EXIT_OK,0.14,0.59,29.0,118.0,4029.76,EXIT_OK,1.03,0.59,207.0,118.0,4038.26,EXIT_OK,1.03,0.59,207.0,118.0,4027.72
224,CAMP-91,PYRAMID,BUY,WIN,4032.66,True,EXIT_OK,0.01,0.72,1.0,81.0,4029.35,EXIT_OK,0.01,0.72,1.0,81.0,4027.24,EXIT_OK,0.01,0.72,1.0,81.0,4029.11,EXIT_OK,0.9,0.72,101.0,81.0,4037.78,EXIT_OK,0.9,0.83,101.0,93.0,4027.15
228,CAMP-92,CORE,SELL,WIN,4060.57,True,EXIT_OK,0.94,0.05,269.0,15.0,4054.43,EXIT_OK,1.05,0.05,300.0,15.0,4057.01,EXIT_OK,1.05,0.05,300.0,15.0,4057.62,EXIT_EARLY_LEFT_PROFIT,1.79,0.05,515.0,15.0,4054.41,EXIT_EARLY_LEFT_PROFIT,2.75,0.05,788.0,15.0,4043.23
229,CAMP-93,PYRAMID,SELL,LOSS,4075.85,True,EXIT_OK,0.65,0.0,105.0,0.0,4072.22,EXIT_OK,0.92,0.0,149.0,0.0,4069.55,EXIT_OK,1.15,0.0,187.0,0.0,4068.53,EXIT_EARLY_LEFT_PROFIT,1.39,0.0,225.0,0.0,4070.22,EXIT_EARLY_LEFT_PROFIT,1.84,0.0,298.0,0.0,4063.3
232,CAMP-94,CORE,BUY,WIN,4062.52,True,EXIT_OK,0.27,0.05,102.0,18.0,4063.44,EXIT_OK,0.27,0.38,102.0,147.0,4059.74,EXIT_OK,0.27,0.62,102.0,238.0,4060.57,EXIT_OK,0.27,0.88,102.0,339.0,4060.43,EXIT_OK,0.54,0.88,206.0,339.0,4064.19
233,CAMP-94,PYRAMID,BUY,WIN,4062.52,True,EXIT_OK,0.25,0.04,59.0,10.0,4063.44,EXIT_OK,0.25,0.36,59.0,85.0,4059.74,EXIT_OK,0.25,0.58,59.0,137.0,4060.57,EXIT_OK,0.25,0.83,59.0,195.0,4060.43,EXIT_OK,0.5,0.83,119.0,195.0,4064.19
236,CAMP-95,CORE,SELL,WIN,4017.27,True,EXIT_OK,0.09,0.23,62.0,149.0,4018.82,EXIT_OK,0.32,0.25,211.0,165.0,4014.71,EXIT_OK,0.36,0.25,241.0,165.0,4016.81,EXIT_OK,0.36,0.47,241.0,313.0,4019.05,EXIT_OK,0.49,0.58,325.0,386.0,4017.57
237,CAMP-95,PYRAMID,SELL,WIN,4015.95,True,EXIT_OK,0.23,0.11,87.0,43.0,4016.04,EXIT_OK,0.23,0.17,87.0,65.0,4016.65,EXIT_OK,0.23,0.48,87.0,185.0,4019.73,EXIT_OK,0.23,0.61,87.0,234.0,4020.11,EXIT_OK,0.35,0.72,136.0,277.0,4019.57
240,CAMP-96,CORE,SELL,WIN,4014.97,True,EXIT_OK,0.34,0.12,242.0,86.0,4015.49,EXIT_OK,0.34,0.43,242.0,300.0,4017.68,EXIT_OK,0.34,0.8,242.0,562.0,4020.14,EXIT_GOOD_AVOIDED_REVERSAL,0.34,1.62,242.0,1138.0,4024.85,EXIT_GOOD_AVOIDED_REVERSAL,0.34,1.97,242.0,1382.0,4027.72
242,CAMP-97,CORE,SELL,WIN,4012.45,True,EXIT_GOOD_AVOIDED_REVERSAL,0.0,1.1,0.0,323.0,4016.28,EXIT_GOOD_AVOIDED_REVERSAL,0.0,2.24,0.0,657.0,4023.8,EXIT_GOOD_AVOIDED_REVERSAL,0.0,2.55,0.0,747.0,4023.61,EXIT_GOOD_AVOIDED_REVERSAL,0.0,3.92,0.0,1151.0,4025.11,EXIT_GOOD_AVOIDED_REVERSAL,0.0,3.92,0.0,1151.0,4027.33
243,CAMP-97,PYRAMID,SELL,LOSS,4024.99,True,EXIT_OK,0.5,0.2,83.0,32.0,4023.01,EXIT_GOOD_AVOIDED_REVERSAL,0.54,1.57,89.0,260.0,4033.28,EXIT_GOOD_AVOIDED_REVERSAL,1.07,1.57,177.0,260.0,4021.61,EXIT_EARLY_LEFT_PROFIT,2.21,1.57,365.0,260.0,4016.07,EXIT_GOOD_AVOIDED_REVERSAL,2.21,3.77,365.0,623.0,4041.53
246,CAMP-98,CORE,SELL,WIN,4021.75,True,EXIT_OK,0.19,0.57,102.0,300.0,4025.15,EXIT_OK,0.35,0.86,183.0,454.0,4022.36,EXIT_EARLY_LEFT_PROFIT,1.27,0.86,667.0,454.0,4016.12,EXIT_GOOD_AVOIDED_REVERSAL,1.27,1.64,667.0,863.0,4029.4,EXIT_GOOD_AVOIDED_REVERSAL,1.27,6.2,667.0,3260.0,4059.57
248,CAMP-99,CORE,SELL,WIN,4016.34,True,EXIT_GOOD_AVOIDED_REVERSAL,0.0,1.36,0.0,601.0,4024.62,EXIT_GOOD_AVOIDED_REVERSAL,0.0,1.52,0.0,674.0,4024.74,EXIT_GOOD_AVOIDED_REVERSAL,0.0,2.16,0.0,956.0,4029.4,EXIT_GOOD_AVOIDED_REVERSAL,0.0,3.77,0.0,1667.0,4041.09,EXIT_GOOD_AVOIDED_REVERSAL,0.0,6.19,0.0,2738.0,4050.53
250,CAMP-100,CORE,SELL,WIN,4028.6,True,EXIT_OK,0.14,0.18,64.0,81.0,4029.47,EXIT_OK,0.14,0.23,64.0,104.0,4030.45,EXIT_OK,0.14,0.24,64.0,110.0,4030.15,EXIT_OK,0.14,0.52,64.0,235.0,4033.34,EXIT_OK,0.21,0.52,96.0,235.0,4029.26
252,CAMP-101,CORE,SELL,WIN,4025.26,True,EXIT_EARLY_LEFT_PROFIT,1.25,0.0,466.0,0.0,4014.12,EXIT_EARLY_LEFT_PROFIT,1.25,0.0,466.0,0.0,4017.15,EXIT_EARLY_LEFT_PROFIT,1.25,0.0,466.0,0.0,4014.66,EXIT_EARLY_LEFT_PROFIT,1.25,0.0,466.0,0.0,4013.93,EXIT_EARLY_LEFT_PROFIT,1.25,0.0,466.0,0.0,4013.23
254,CAMP-102,CORE,SELL,WIN,4003.2,True,EXIT_OK,0.13,0.65,119.0,573.0,4005.44,EXIT_OK,0.34,0.65,297.0,573.0,4002.57,EXIT_OK,0.45,0.65,394.0,573.0,4003.74,EXIT_EARLY_LEFT_PROFIT,1.48,0.65,1307.0,573.0,3996.24,EXIT_EARLY_LEFT_PROFIT,5.06,0.65,4469.0,573.0,3981.77
256,CAMP-103,CORE,SELL,WIN,3997.68,True,EXIT_OK,1.0,0.21,715.0,154.0,3997.2,EXIT_OK,1.0,0.48,715.0,342.0,3996.95,EXIT_EARLY_LEFT_PROFIT,2.85,0.48,2045.0,342.0,3987.61,EXIT_EARLY_LEFT_PROFIT,4.82,0.48,3460.0,342.0,3984.81,EXIT_EARLY_LEFT_PROFIT,5.12,0.48,3671.0,342.0,3980.02
258,CAMP-104,CORE,SELL,WIN,3979.48,True,EXIT_OK,0.36,0.23,158.0,102.0,3978.51,EXIT_OK,0.65,0.23,285.0,102.0,3980.07,EXIT_OK,0.81,0.42,357.0,187.0,3978.44,EXIT_OK,0.89,0.42,393.0,187.0,3974.99,EXIT_EARLY_LEFT_PROFIT,1.48,0.88,651.0,387.0,3982.95
260,CAMP-105,CORE,SELL,WIN,3973.35,True,EXIT_OK,0.4,0.05,282.0,36.0,3972.91,EXIT_OK,0.4,0.73,282.0,517.0,3976.32,EXIT_GOOD_AVOIDED_REVERSAL,0.4,1.12,282.0,792.0,3980.92,EXIT_GOOD_AVOIDED_REVERSAL,0.4,1.8,282.0,1269.0,3985.43,EXIT_GOOD_AVOIDED_REVERSAL,0.4,1.8,282.0,1269.0,3983.1
262,CAMP-106,CORE,SELL,WIN,4069.21,True,EXIT_OK,0.17,0.36,136.0,291.0,4071.61,EXIT_OK,0.17,0.36,136.0,291.0,4071.22,EXIT_OK,0.17,0.36,136.0,291.0,4070.15,EXIT_OK,0.17,0.37,136.0,292.0,4071.24,EXIT_OK,0.22,0.5,180.0,404.0,4068.53
264,CAMP-107,CORE,SELL,WIN,4063.45,True,EXIT_OK,0.18,0.42,95.0,225.0,4064.86,EXIT_OK,0.18,0.42,95.0,225.0,4063.35,EXIT_OK,0.3,0.42,161.0,225.0,4062.94,EXIT_OK,0.86,0.42,457.0,225.0,4063.32,EXIT_OK,1.06,0.78,562.0,416.0,4058.91
265,CAMP-107,PYRAMID,SELL,WIN,4063.45,True,EXIT_OK,0.18,0.42,55.0,130.0,4064.86,EXIT_OK,0.18,0.42,55.0,130.0,4063.35,EXIT_OK,0.3,0.42,93.0,130.0,4062.94,EXIT_OK,0.86,0.42,264.0,130.0,4063.32,EXIT_OK,1.06,0.78,325.0,241.0,4058.91
268,CAMP-108,CORE,SELL,WIN,4062.74,True,EXIT_OK,0.36,0.11,365.0,114.0,4061.82,EXIT_OK,0.86,0.11,878.0,114.0,4058.73,EXIT_OK,1.02,0.11,1041.0,114.0,4061.57,EXIT_GOOD_AVOIDED_REVERSAL,1.02,1.22,1041.0,1242.0,4064.99,EXIT_EARLY_LEFT_PROFIT,1.89,1.22,1924.0,1242.0,4054.38
270,CAMP-109,CORE,BUY,WIN,4053.22,True,EXIT_GOOD_AVOIDED_REVERSAL,0.09,1.02,77.0,828.0,4047.61,EXIT_GOOD_AVOIDED_REVERSAL,0.09,1.02,77.0,828.0,4053.05,EXIT_GOOD_AVOIDED_REVERSAL,0.28,1.02,232.0,828.0,4054.93,EXIT_GOOD_AVOIDED_REVERSAL,0.42,1.55,344.0,1258.0,4041.99,EXIT_GOOD_AVOIDED_REVERSAL,0.42,1.55,344.0,1258.0,4051.8
272,CAMP-110,CORE,BUY,WIN,4055.29,True,EXIT_OK,0.41,0.1,437.0,104.0,4057.55,EXIT_OK,0.41,0.1,437.0,104.0,4058.2,EXIT_OK,0.62,0.1,668.0,104.0,4057.89,EXIT_OK,0.62,0.1,668.0,104.0,4060.11,EXIT_EARLY_LEFT_PROFIT,1.37,0.1,1469.0,104.0,4063.15
274,CAMP-111,CORE,BUY,WIN,4071.42,True,EXIT_OK,0.18,0.26,192.0,273.0,4072.65,EXIT_OK,0.21,0.26,217.0,273.0,4072.57,EXIT_OK,0.21,0.37,217.0,386.0,4068.56,EXIT_OK,0.21,0.85,217.0,896.0,4065.78,EXIT_GOOD_AVOIDED_REVERSAL,0.21,1.24,217.0,1308.0,4062.22
276,CAMP-112,CORE,BUY,WIN,4075.9,True,EXIT_OK,0.14,0.35,90.0,226.0,4075.88,EXIT_OK,0.14,0.55,90.0,358.0,4072.43,EXIT_GOOD_AVOIDED_REVERSAL,0.14,1.36,90.0,893.0,4067.32,EXIT_GOOD_AVOIDED_REVERSAL,0.14,1.36,90.0,893.0,4074.85,EXIT_GOOD_AVOIDED_REVERSAL,0.14,2.1,90.0,1375.0,4063.53
278,CAMP-113,CORE,SELL,WIN,4167.14,True,EXIT_OK,0.01,0.72,8.0,527.0,4169.34,EXIT_OK,1.03,0.72,755.0,527.0,4162.53,EXIT_OK,1.11,0.72,820.0,527.0,4166.53,EXIT_OK,1.11,0.72,820.0,527.0,4168.59,EXIT_GOOD_AVOIDED_REVERSAL,1.11,1.39,820.0,1021.0,4175.09
279,CAMP-113,PYRAMID,SELL,WIN,4167.14,True,EXIT_GOOD_AVOIDED_REVERSAL,0.01,0.91,5.0,303.0,4169.34,EXIT_EARLY_LEFT_PROFIT,1.3,0.91,435.0,303.0,4162.53,EXIT_EARLY_LEFT_PROFIT,1.42,0.91,472.0,303.0,4166.53,EXIT_EARLY_LEFT_PROFIT,1.42,0.91,472.0,303.0,4168.59,EXIT_GOOD_AVOIDED_REVERSAL,1.42,1.76,472.0,588.0,4175.09
280,CAMP-113,PYRAMID,SELL,WIN,4165.32,True,EXIT_OK,1.02,0.01,199.0,2.0,4164.41,EXIT_OK,1.02,0.43,199.0,83.0,4165.75,EXIT_OK,1.02,0.43,199.0,83.0,4165.56,EXIT_GOOD_AVOIDED_REVERSAL,1.02,1.82,199.0,354.0,4170.8,EXIT_GOOD_AVOIDED_REVERSAL,1.02,3.45,199.0,670.0,4174.88
284,CAMP-114,CORE,SELL,LOSS,4185.87,True,EXIT_OK,0.79,0.02,438.0,9.0,4182.15,EXIT_OK,0.86,0.02,480.0,9.0,4184.28,EXIT_OK,0.86,0.02,480.0,9.0,4185.39,EXIT_OK,0.95,0.14,527.0,77.0,4184.89,EXIT_EARLY_LEFT_PROFIT,1.7,0.14,943.0,77.0,4181.07
286,CAMP-115,CORE,BUY,WIN,4169.3,True,EXIT_OK,0.19,0.3,194.0,310.0,4168.43,EXIT_OK,0.19,0.3,194.0,310.0,4169.73,EXIT_OK,0.75,0.3,773.0,310.0,4170.56,EXIT_EARLY_LEFT_PROFIT,1.82,0.3,1876.0,310.0,4176.04,EXIT_EARLY_LEFT_PROFIT,1.83,0.3,1889.0,310.0,4176.6
288,CAMP-116,CORE,BUY,WIN,4197.41,True,EXIT_OK,0.82,0.74,303.0,275.0,4194.95,EXIT_OK,0.82,0.77,303.0,287.0,4198.01,EXIT_OK,0.82,0.77,303.0,287.0,4194.34,EXIT_GOOD_AVOIDED_REVERSAL,0.82,3.88,303.0,1443.0,4185.09,EXIT_GOOD_AVOIDED_REVERSAL,0.82,5.29,303.0,1968.0,4176.68
290,CAMP-117,CORE,BUY,LOSS,4147.81,True,EXIT_OK,0.32,0.1,278.0,85.0,4149.73,EXIT_OK,0.81,0.1,714.0,85.0,4151.75,EXIT_OK,0.81,0.1,714.0,85.0,4150.44,EXIT_OK,0.81,0.1,714.0,85.0,4148.73,EXIT_GOOD_AVOIDED_REVERSAL,0.81,1.78,714.0,1568.0,4139.68
292,CAMP-118,CORE,BUY,LOSS,4132.19,True,EXIT_EARLY_LEFT_PROFIT,1.9,0.14,737.0,55.0,4138.28,EXIT_EARLY_LEFT_PROFIT,1.9,0.14,737.0,55.0,4138.02,EXIT_EARLY_LEFT_PROFIT,2.32,0.14,899.0,55.0,4141.3,EXIT_EARLY_LEFT_PROFIT,3.54,0.14,1372.0,55.0,4146.36,EXIT_EARLY_LEFT_PROFIT,3.98,0.14,1544.0,55.0,4145.28
293,CAMP-118,PYRAMID,BUY,LOSS,4144.35,True,EXIT_OK,0.22,0.38,48.0,83.0,4143.18,EXIT_GOOD_AVOIDED_REVERSAL,0.22,1.28,48.0,283.0,4139.47,EXIT_GOOD_AVOIDED_REVERSAL,0.22,2.78,48.0,615.0,4136.68,EXIT_GOOD_AVOIDED_REVERSAL,0.22,2.78,48.0,615.0,4143.23,EXIT_GOOD_AVOIDED_REVERSAL,0.97,2.78,215.0,615.0,4142.4
296,CAMP-119,CORE,SELL,WIN,4155.71,True,EXIT_EARLY_LEFT_PROFIT,1.93,0.0,826.0,0.0,4150.66,EXIT_EARLY_LEFT_PROFIT,2.25,0.0,966.0,0.0,4148.27,EXIT_EARLY_LEFT_PROFIT,2.39,0.0,1027.0,0.0,4150.9,EXIT_EARLY_LEFT_PROFIT,4.44,0.0,1905.0,0.0,4146.38,EXIT_EARLY_LEFT_PROFIT,8.87,0.0,3807.0,0.0,4140.02
297,CAMP-119,PYRAMID,SELL,LOSS,4162.12,True,EXIT_EARLY_LEFT_PROFIT,1.73,0.2,430.0,51.0,4156.68,EXIT_EARLY_LEFT_PROFIT,3.84,0.2,952.0,51.0,4150.34,EXIT_EARLY_LEFT_PROFIT,4.07,0.2,1010.0,51.0,4150.76,EXIT_EARLY_LEFT_PROFIT,6.35,0.2,1576.0,51.0,4142.22,EXIT_EARLY_LEFT_PROFIT,10.79,0.2,2675.0,51.0,4134.32
300,CAMP-120,CORE,BUY,LOSS,4121.57,True,EXIT_OK,0.84,0.32,562.0,212.0,4125.75,EXIT_EARLY_LEFT_PROFIT,1.81,0.32,1213.0,212.0,4129.92,EXIT_EARLY_LEFT_PROFIT,2.13,0.32,1432.0,212.0,4133.44,EXIT_EARLY_LEFT_PROFIT,2.2,0.32,1477.0,212.0,4132.26,EXIT_EARLY_LEFT_PROFIT,3.1,0.32,2083.0,212.0,4137.87
302,CAMP-121,CORE,SELL,WIN,4164.28,True,EXIT_OK,0.36,0.44,304.0,370.0,4164.66,EXIT_OK,0.36,0.66,304.0,553.0,4166.89,EXIT_OK,0.36,0.85,304.0,713.0,4168.85,EXIT_GOOD_AVOIDED_REVERSAL,0.36,1.96,304.0,1637.0,4165.46,EXIT_GOOD_AVOIDED_REVERSAL,0.57,2.18,477.0,1823.0,4176.32
304,CAMP-122,CORE,BUY,WIN,4115.87,True,EXIT_GOOD_AVOIDED_REVERSAL,0.23,2.28,109.0,1074.0,4098.27,EXIT_GOOD_AVOIDED_REVERSAL,0.23,2.28,109.0,1078.0,4098.19,EXIT_GOOD_AVOIDED_REVERSAL,0.23,2.28,109.0,1078.0,4098.89,EXIT_GOOD_AVOIDED_REVERSAL,0.23,2.28,109.0,1078.0,4099.0,EXIT_GOOD_AVOIDED_REVERSAL,0.23,2.28,109.0,1078.0,4098.92
306,CAMP-123,CORE,BUY,WIN,4125.76,True,EXIT_OK,0.31,0.44,131.0,183.0,4123.18,EXIT_OK,0.58,0.44,243.0,183.0,4128.84,EXIT_OK,0.7,0.44,293.0,183.0,4126.3,EXIT_OK,0.73,0.44,304.0,183.0,4128.71,EXIT_OK,0.73,0.51,304.0,211.0,4122.22
307,CAMP-123,PYRAMID,BUY,WIN,4125.76,True,EXIT_OK,0.31,0.44,74.0,103.0,4123.18,EXIT_OK,0.58,0.44,137.0,103.0,4128.84,EXIT_OK,0.7,0.44,165.0,103.0,4126.3,EXIT_OK,0.73,0.44,171.0,103.0,4128.71,EXIT_OK,0.73,0.51,171.0,119.0,4122.22
310,CAMP-124,CORE,BUY,WIN,4131.97,True,EXIT_OK,0.11,0.77,72.0,519.0,4127.47,EXIT_OK,0.11,0.8,72.0,538.0,4127.5,EXIT_GOOD_AVOIDED_REVERSAL,0.11,1.11,72.0,747.0,4124.47,EXIT_GOOD_AVOIDED_REVERSAL,0.11,1.28,72.0,859.0,4127.88,EXIT_GOOD_AVOIDED_REVERSAL,0.11,1.28,72.0,859.0,4124.03
311,CAMP-124,PYRAMID,BUY,WIN,4131.97,True,EXIT_OK,0.11,0.77,41.0,298.0,4127.47,EXIT_OK,0.11,0.8,41.0,309.0,4127.5,EXIT_GOOD_AVOIDED_REVERSAL,0.11,1.11,41.0,429.0,4124.47,EXIT_GOOD_AVOIDED_REVERSAL,0.11,1.28,41.0,494.0,4127.88,EXIT_GOOD_AVOIDED_REVERSAL,0.11,1.28,41.0,494.0,4124.03
314,CAMP-125,CORE,SELL,WIN,4124.96,True,EXIT_OK,0.47,0.18,394.0,151.0,4124.93,EXIT_GOOD_AVOIDED_REVERSAL,0.47,1.26,394.0,1059.0,4129.74,EXIT_GOOD_AVOIDED_REVERSAL,0.47,1.46,394.0,1231.0,4129.6,EXIT_GOOD_AVOIDED_REVERSAL,0.47,1.56,394.0,1316.0,4127.07,EXIT_GOOD_AVOIDED_REVERSAL,1.18,1.56,993.0,1316.0,4118.78
316,CAMP-126,CORE,SELL,WIN,4120.12,True,EXIT_OK,0.32,0.45,262.0,375.0,4122.57,EXIT_GOOD_AVOIDED_REVERSAL,0.32,1.22,262.0,1006.0,4124.76,EXIT_GOOD_AVOIDED_REVERSAL,0.32,1.22,262.0,1006.0,4122.58,EXIT_GOOD_AVOIDED_REVERSAL,0.59,1.22,489.0,1006.0,4118.76,EXIT_EARLY_LEFT_PROFIT,8.49,1.22,7006.0,1006.0,4070.78
317,CAMP-126,PYRAMID,SELL,WIN,4120.12,True,EXIT_OK,0.32,0.45,151.0,217.0,4122.57,EXIT_GOOD_AVOIDED_REVERSAL,0.32,1.22,151.0,582.0,4124.76,EXIT_GOOD_AVOIDED_REVERSAL,0.32,1.22,151.0,582.0,4122.58,EXIT_GOOD_AVOIDED_REVERSAL,0.59,1.22,283.0,582.0,4118.76,EXIT_EARLY_LEFT_PROFIT,8.49,1.22,4054.0,582.0,4070.78
320,CAMP-127,CORE,SELL,WIN,4113.97,True,EXIT_EARLY_LEFT_PROFIT,5.5,0.19,4651.0,164.0,4090.64,EXIT_EARLY_LEFT_PROFIT,5.5,0.19,4651.0,164.0,4089.35,EXIT_EARLY_LEFT_PROFIT,5.5,0.19,4651.0,164.0,4086.74,EXIT_EARLY_LEFT_PROFIT,8.8,0.19,7446.0,164.0,4068.76,EXIT_EARLY_LEFT_PROFIT,10.56,0.19,8931.0,164.0,4055.99
322,CAMP-128,CORE,BUY,WIN,4073.2,True,EXIT_OK,0.02,0.8,12.0,402.0,4068.15,EXIT_OK,0.12,0.8,60.0,402.0,4070.12,EXIT_OK,0.12,0.8,60.0,402.0,4071.73,EXIT_OK,1.12,0.8,564.0,402.0,4082.8,EXIT_EARLY_LEFT_PROFIT,1.48,0.8,745.0,402.0,4072.53
324,CAMP-129,CORE,SELL,WIN,4073.5,True,EXIT_OK,0.23,0.36,153.0,239.0,4075.41,EXIT_OK,1.17,0.76,779.0,505.0,4068.3,EXIT_OK,1.17,0.76,779.0,505.0,4072.69,EXIT_OK,1.17,0.76,779.0,505.0,4072.13,EXIT_EARLY_LEFT_PROFIT,1.55,0.76,1030.0,505.0,4070.08
325,CAMP-129,PYRAMID,SELL,LOSS,4085.42,True,EXIT_OK,0.19,0.64,73.0,244.0,4084.27,EXIT_OK,0.37,0.64,143.0,244.0,4083.12,EXIT_EARLY_LEFT_PROFIT,1.55,0.64,593.0,244.0,4076.26,EXIT_EARLY_LEFT_PROFIT,1.61,0.64,616.0,244.0,4076.84,EXIT_EARLY_LEFT_PROFIT,2.85,0.64,1091.0,244.0,4075.84
328,CAMP-130,CORE,SELL,LOSS,4081.87,True,EXIT_OK,0.68,0.15,638.0,136.0,4078.8,EXIT_EARLY_LEFT_PROFIT,1.7,0.15,1582.0,136.0,4071.77,EXIT_EARLY_LEFT_PROFIT,1.7,0.15,1582.0,136.0,4072.81,EXIT_EARLY_LEFT_PROFIT,2.35,0.15,2190.0,136.0,4068.91,EXIT_EARLY_LEFT_PROFIT,4.06,0.15,3778.0,136.0,4060.74
330,CAMP-131,CORE,SELL,WIN,4058.97,True,EXIT_OK,0.65,0.05,342.0,25.0,4055.86,EXIT_OK,0.65,0.08,342.0,41.0,4059.11,EXIT_OK,0.65,0.32,342.0,167.0,4058.09,EXIT_OK,0.65,0.64,342.0,339.0,4061.62,EXIT_OK,0.65,0.79,342.0,418.0,4060.77
332,CAMP-132,CORE,SELL,LOSS,4112.6,True,EXIT_GOOD_AVOIDED_REVERSAL,0.13,1.69,91.0,1150.0,4116.19,EXIT_GOOD_AVOIDED_REVERSAL,0.54,1.69,368.0,1150.0,4110.74,EXIT_GOOD_AVOIDED_REVERSAL,1.48,1.69,1011.0,1150.0,4106.05,EXIT_MIXED_VOLATILE_AFTER_CLOSE,1.63,1.69,1114.0,1150.0,4118.41,EXIT_GOOD_AVOIDED_REVERSAL,1.63,2.24,1114.0,1525.0,4113.41
334,CAMP-133,CORE,SELL,WIN,4116.87,True,EXIT_OK,0.07,0.69,26.0,250.0,4119.23,EXIT_GOOD_AVOIDED_REVERSAL,0.07,1.51,26.0,551.0,4122.81,EXIT_GOOD_AVOIDED_REVERSAL,0.07,1.9,26.0,693.0,4124.86,EXIT_GOOD_AVOIDED_REVERSAL,0.07,2.98,26.0,1084.0,4121.6,EXIT_GOOD_AVOIDED_REVERSAL,0.07,2.98,26.0,1084.0,4120.06
335,CAMP-133,PYRAMID,SELL,WIN,4116.87,True,EXIT_OK,0.08,0.78,15.0,145.0,4119.23,EXIT_GOOD_AVOIDED_REVERSAL,0.08,1.71,15.0,319.0,4122.81,EXIT_GOOD_AVOIDED_REVERSAL,0.08,2.15,15.0,401.0,4124.86,EXIT_GOOD_AVOIDED_REVERSAL,0.08,3.37,15.0,627.0,4121.6,EXIT_GOOD_AVOIDED_REVERSAL,0.08,3.37,15.0,627.0,4120.06
338,CAMP-134,CORE,SELL,WIN,4076.23,True,EXIT_OK,0.12,0.66,40.0,223.0,4077.49,EXIT_OK,0.12,0.66,40.0,223.0,4077.32,EXIT_OK,0.73,0.66,245.0,223.0,4071.47,EXIT_OK,1.05,0.66,353.0,223.0,4070.98,EXIT_OK,1.05,0.66,353.0,223.0,4076.81
340,CAMP-135,CORE,SELL,WIN,4054.7,True,EXIT_EARLY_LEFT_PROFIT,1.77,0.27,1022.0,156.0,4050.72,EXIT_EARLY_LEFT_PROFIT,1.77,0.52,1022.0,302.0,4057.1,EXIT_EARLY_LEFT_PROFIT,1.77,1.25,1022.0,722.0,4059.93,EXIT_GOOD_AVOIDED_REVERSAL,1.77,2.97,1022.0,1715.0,4064.9,EXIT_GOOD_AVOIDED_REVERSAL,1.77,3.01,1022.0,1741.0,4066.26
342,CAMP-136,CORE,SELL,WIN,4058.25,True,EXIT_OK,0.37,0.14,187.0,73.0,4059.06,EXIT_OK,0.37,0.41,187.0,207.0,4059.39,EXIT_OK,0.55,0.41,279.0,207.0,4056.86,EXIT_GOOD_AVOIDED_REVERSAL,0.81,0.97,410.0,491.0,4063.5,EXIT_GOOD_AVOIDED_REVERSAL,0.81,1.52,410.0,773.0,4066.52
344,CAMP-137,CORE,SELL,WIN,4016.8,True,EXIT_OK,0.11,0.28,70.0,185.0,4017.59,EXIT_OK,0.11,0.85,70.0,557.0,4019.09,EXIT_OK,0.11,0.85,70.0,557.0,4019.8,EXIT_GOOD_AVOIDED_REVERSAL,0.11,1.41,70.0,925.0,4019.5,EXIT_GOOD_AVOIDED_REVERSAL,0.57,1.41,371.0,925.0,4021.58
346,CAMP-138,CORE,SELL,WIN,4015.46,True,EXIT_GOOD_AVOIDED_REVERSAL,0.05,0.95,36.0,705.0,4019.52,EXIT_GOOD_AVOIDED_REVERSAL,0.05,1.23,36.0,917.0,4020.88,EXIT_GOOD_AVOIDED_REVERSAL,0.05,1.69,36.0,1259.0,4019.32,EXIT_GOOD_AVOIDED_REVERSAL,0.05,1.69,36.0,1259.0,4016.27,EXIT_GOOD_AVOIDED_REVERSAL,0.3,1.69,220.0,1259.0,4021.14
347,CAMP-138,PYRAMID,SELL,WIN,4015.46,True,EXIT_GOOD_AVOIDED_REVERSAL,0.05,0.95,21.0,406.0,4019.52,EXIT_GOOD_AVOIDED_REVERSAL,0.05,1.23,21.0,528.0,4020.88,EXIT_GOOD_AVOIDED_REVERSAL,0.05,1.69,21.0,724.0,4019.32,EXIT_GOOD_AVOIDED_REVERSAL,0.05,1.69,21.0,724.0,4016.27,EXIT_GOOD_AVOIDED_REVERSAL,0.3,1.69,127.0,724.0,4021.14
350,CAMP-139,CORE,SELL,LOSS,4027.23,True,EXIT_OK,0.44,0.23,367.0,192.0,4025.24,EXIT_OK,0.47,0.34,394.0,288.0,4028.38,EXIT_OK,0.47,0.58,394.0,486.0,4028.76,EXIT_OK,0.47,0.63,394.0,527.0,4029.19,EXIT_GOOD_AVOIDED_REVERSAL,0.71,1.6,598.0,1350.0,4028.19
352,CAMP-140,CORE,SELL,WIN,4070.4,True,EXIT_OK,0.29,0.4,193.0,261.0,4074.91,EXIT_OK,0.29,0.51,193.0,337.0,4067.85,EXIT_OK,0.38,0.51,250.0,337.0,4067.34,EXIT_OK,1.03,0.51,676.0,337.0,4063.39,EXIT_OK,1.04,0.51,680.0,337.0,4059.84
354,CAMP-141,CORE,SELL,WIN,4050.0,True,EXIT_OK,0.27,0.14,108.0,55.0,4051.2,EXIT_OK,0.27,0.25,108.0,100.0,4052.18,EXIT_OK,0.27,0.45,108.0,179.0,4053.81,EXIT_OK,0.27,0.66,108.0,267.0,4055.87,EXIT_OK,0.27,0.66,108.0,267.0,4053.66
356,CAMP-142,CORE,BUY,WIN,4054.82,True,EXIT_OK,0.19,0.38,209.0,422.0,4054.28,EXIT_OK,0.19,0.65,209.0,723.0,4051.59,EXIT_OK,0.27,0.65,296.0,723.0,4052.18,EXIT_OK,0.68,0.65,762.0,723.0,4055.86,EXIT_EARLY_LEFT_PROFIT,1.32,0.65,1479.0,723.0,4057.66
358,CAMP-143,CORE,BUY,WIN,4057.89,True,EXIT_EARLY_LEFT_PROFIT,1.22,0.07,1038.0,63.0,4060.43,EXIT_EARLY_LEFT_PROFIT,1.22,0.62,1038.0,527.0,4056.68,EXIT_EARLY_LEFT_PROFIT,1.22,0.7,1038.0,601.0,4057.68,EXIT_GOOD_AVOIDED_REVERSAL,1.22,1.4,1038.0,1192.0,4054.22,EXIT_GOOD_AVOIDED_REVERSAL,1.22,5.79,1038.0,4940.0,4039.41
360,CAMP-144,CORE,BUY,WIN,4059.98,True,EXIT_GOOD_AVOIDED_REVERSAL,0.06,0.96,48.0,784.0,4057.7,EXIT_GOOD_AVOIDED_REVERSAL,0.06,1.15,48.0,940.0,4055.32,EXIT_GOOD_AVOIDED_REVERSAL,0.06,1.66,48.0,1358.0,4053.85,EXIT_GOOD_AVOIDED_REVERSAL,0.06,3.32,48.0,2713.0,4047.4,EXIT_GOOD_AVOIDED_REVERSAL,0.06,6.02,48.0,4918.0,4039.6
362,CAMP-145,CORE,BUY,LOSS,4025.8,True,EXIT_OK,0.41,0.08,402.0,82.0,4027.99,EXIT_OK,0.43,0.08,420.0,82.0,4028.3,EXIT_OK,0.43,0.08,420.0,82.0,4026.41,EXIT_OK,1.13,0.52,1104.0,511.0,4033.11,EXIT_EARLY_LEFT_PROFIT,1.64,0.52,1596.0,511.0,4028.34
364,CAMP-146,CORE,BUY,LOSS,4019.04,True,EXIT_OK,1.08,0.3,700.0,196.0,4024.24,EXIT_EARLY_LEFT_PROFIT,1.2,0.3,778.0,196.0,4023.51,EXIT_EARLY_LEFT_PROFIT,1.3,0.3,838.0,196.0,4025.46,EXIT_EARLY_LEFT_PROFIT,1.95,0.3,1258.0,196.0,4028.18,EXIT_EARLY_LEFT_PROFIT,2.9,0.3,1875.0,196.0,4030.26
366,CAMP-147,CORE,BUY,WIN,4034.26,True,EXIT_OK,0.03,0.41,15.0,239.0,4032.32,EXIT_OK,0.23,0.71,136.0,418.0,4031.15,EXIT_GOOD_AVOIDED_REVERSAL,0.23,1.25,136.0,733.0,4029.46,EXIT_GOOD_AVOIDED_REVERSAL,0.23,1.25,136.0,733.0,4031.56,EXIT_GOOD_AVOIDED_REVERSAL,0.23,1.25,136.0,733.0,4030.56
367,CAMP-147,PYRAMID,BUY,WIN,4034.26,True,EXIT_OK,0.03,0.52,9.0,137.0,4032.32,EXIT_GOOD_AVOIDED_REVERSAL,0.29,0.9,78.0,239.0,4031.15,EXIT_GOOD_AVOIDED_REVERSAL,0.29,1.59,78.0,420.0,4029.46,EXIT_GOOD_AVOIDED_REVERSAL,0.29,1.59,78.0,420.0,4031.56,EXIT_GOOD_AVOIDED_REVERSAL,0.29,1.59,78.0,420.0,4030.56
370,CAMP-148,CORE,BUY,WIN,4037.36,True,EXIT_OK,0.32,0.36,312.0,348.0,4036.77,EXIT_OK,0.61,0.36,596.0,348.0,4036.36,EXIT_OK,0.61,0.36,596.0,348.0,4038.62,EXIT_OK,1.11,0.36,1072.0,348.0,4038.09,EXIT_EARLY_LEFT_PROFIT,5.98,0.36,5798.0,348.0,4062.84
372,CAMP-149,CORE,BUY,WIN,4046.73,True,EXIT_EARLY_LEFT_PROFIT,1.68,0.02,780.0,11.0,4054.66,EXIT_EARLY_LEFT_PROFIT,3.99,0.02,1850.0,11.0,4063.72,EXIT_EARLY_LEFT_PROFIT,3.99,0.02,1850.0,11.0,4062.74,EXIT_EARLY_LEFT_PROFIT,5.09,0.02,2358.0,11.0,4065.59,EXIT_EARLY_LEFT_PROFIT,5.63,0.02,2611.0,11.0,4057.18
374,CAMP-150,CORE,BUY,LOSS,4028.23,True,EXIT_OK,0.48,0.13,138.0,36.0,4029.36,EXIT_OK,0.56,0.2,159.0,56.0,4029.26,EXIT_EARLY_LEFT_PROFIT,1.33,0.2,381.0,56.0,4036.39,EXIT_EARLY_LEFT_PROFIT,1.58,0.2,451.0,56.0,4037.52,EXIT_EARLY_LEFT_PROFIT,4.08,0.2,1164.0,56.0,4055.21
376,CAMP-151,CORE,BUY,WIN,4032.54,True,EXIT_OK,0.34,0.77,276.0,614.0,4030.91,EXIT_GOOD_AVOIDED_REVERSAL,0.34,1.35,276.0,1080.0,4027.41,EXIT_GOOD_AVOIDED_REVERSAL,0.34,1.42,276.0,1139.0,4028.73,EXIT_GOOD_AVOIDED_REVERSAL,0.53,1.42,426.0,1139.0,4034.06,EXIT_GOOD_AVOIDED_REVERSAL,0.88,1.42,705.0,1139.0,4036.8
378,CAMP-152,CORE,BUY,WIN,4033.39,True,EXIT_EARLY_LEFT_PROFIT,1.38,0.0,874.0,0.0,4040.72,EXIT_EARLY_LEFT_PROFIT,1.69,1.08,1070.0,684.0,4037.07,EXIT_EARLY_LEFT_PROFIT,1.69,1.08,1070.0,684.0,4039.02,EXIT_EARLY_LEFT_PROFIT,1.88,1.08,1187.0,684.0,4029.95,EXIT_GOOD_AVOIDED_REVERSAL,1.88,5.09,1187.0,3211.0,4006.82
379,CAMP-152,PYRAMID,BUY,LOSS,4025.54,True,EXIT_OK,0.54,0.1,136.0,26.0,4026.39,EXIT_GOOD_AVOIDED_REVERSAL,0.54,1.14,136.0,285.0,4022.71,EXIT_GOOD_AVOIDED_REVERSAL,0.6,1.14,150.0,285.0,4024.27,EXIT_EARLY_LEFT_PROFIT,3.15,1.14,789.0,285.0,4036.8,EXIT_EARLY_LEFT_PROFIT,4.86,1.77,1218.0,443.0,4020.45
382,CAMP-153,CORE,BUY,LOSS,4008.88,True,EXIT_GOOD_AVOIDED_REVERSAL,0.18,1.21,144.0,962.0,4004.32,EXIT_GOOD_AVOIDED_REVERSAL,0.18,1.59,144.0,1262.0,3999.18,EXIT_GOOD_AVOIDED_REVERSAL,0.18,2.11,144.0,1668.0,3996.54,EXIT_GOOD_AVOIDED_REVERSAL,0.18,4.43,144.0,3506.0,3986.99,EXIT_GOOD_AVOIDED_REVERSAL,0.18,4.43,144.0,3506.0,3986.32
