log_date	device_time	source_line	runtime	event_type	message	http	error	source_event_type
20260720	00:10:06.049	596	XAUUSD_AI_Sniper_EA_v6.25.15_FINAL (XAUUSD,M15)	BOT-DECISION	BOT-DECISION activity POST failed url=https://xauaisniper.com/api/cloud/monitor/activity http=1003 err=5203 consecutiveFails=1 event=PRIMARY_DECISION response=	1003	5203	PRIMARY_DECISION
20260720	01:40:37.936	7255	XAUUSD_AI_Sniper_EA_v6.25.15_FINAL (XAUUSD,M30)	BOT-DECISION	BOT-DECISION activity POST failed url=https://xauaisniper.com/api/cloud/monitor/activity http=1003 err=5203 consecutiveFails=1 event=BOT_STATUS_HEARTBEAT response=	1003	5203	BOT_STATUS_HEARTBEAT
20260720	14:40:36.429	97269	XAUUSD_AI_Sniper_EA_v6.25.15_FINAL_BASKET_050R_AUDIT_FIXED_M30_DEFAULT (XAUUSD,M5)	BOT-DECISION	BOT-DECISION activity POST failed url=https://xauaisniper.com/api/cloud/monitor/activity http=1003 err=5203 consecutiveFails=1 event=BOT_STATUS_HEARTBEAT response=	1003	5203	BOT_STATUS_HEARTBEAT
20260721	00:08:28.784	701	XAUUSD_AI_Sniper_EA_v6.25.15_FINAL_BASKET_050R_AUDIT_FIXED_M30_DEFAULT (XAUUSD,M5)	BOT-DECISION	BOT-DECISION activity POST failed url=https://xauaisniper.com/api/cloud/monitor/activity http=1003 err=5203 consecutiveFails=1 event=PRIMARY_DECISION response=	1003	5203	PRIMARY_DECISION
20260721	01:46:31.877	5236	XAUUSD_AI_Sniper_EA_v6.25.15_FINAL_BASKET_050R_AUDIT_FIXED_M30_DEFAULT (XAUUSD,M5)	BOT-DECISION	BOT-DECISION activity POST failed url=https://xauaisniper.com/api/cloud/monitor/activity http=1003 err=5203 consecutiveFails=1 event=BOT_STATUS_HEARTBEAT response=	1003	5203	BOT_STATUS_HEARTBEAT
20260721	02:13:46.740	7470	XAUUSD_AI_Sniper_EA_v6.25.15_FINAL_BASKET_050R_AUDIT_FIXED_M30_DEFAULT (XAUUSD,M5)	BOT-DECISION	BOT-DECISION activity POST failed url=https://xauaisniper.com/api/cloud/monitor/activity http=1003 err=5203 consecutiveFails=1 event=BOT_STATUS_HEARTBEAT response=	1003	5203	BOT_STATUS_HEARTBEAT
20260721	05:20:35.875	18141	XAUUSD_AI_Sniper_EA_v6.25.15_FINAL_BASKET_050R_M10_ONLY_BLOCK_EXCELLENT_LATE (XAUUSD,M10)	BOT-DECISION	BOT-DECISION activity POST failed url=https://xauaisniper.com/api/cloud/monitor/activity http=1003 err=5203 consecutiveFails=1 event=PRIMARY_DECISION response=	1003	5203	PRIMARY_DECISION
20260721	05:58:11.710	20674	XAUUSD_AI_Sniper_EA_v6.25.15_FINAL_BASKET_050R_M10_ONLY_BLOCK_EXCELLENT_LATE (XAUUSD,M10)	BOT-DECISION	BOT-DECISION activity POST failed url=https://xauaisniper.com/api/cloud/monitor/activity http=1003 err=5203 consecutiveFails=1 event=BOT_STATUS_HEARTBEAT response=	1003	5203	BOT_STATUS_HEARTBEAT
20260721	06:03:16.823	21346	XAUUSD_AI_Sniper_EA_v6.25.15_FINAL_BASKET_050R_M10_ONLY_BLOCK_EXCELLENT_LATE (XAUUSD,M10)	BOT-DECISION	BOT-DECISION activity POST failed url=https://xauaisniper.com/api/cloud/monitor/activity http=1003 err=5203 consecutiveFails=1 event=BOT_STATUS_HEARTBEAT response=	1003	5203	BOT_STATUS_HEARTBEAT
20260721	08:28:03.263	37326	XAUUSD_AI_Sniper_EA_v6.25.15_FINAL_BASKET_050R_M10_ONLY_BLOCK_EXCELLENT_LATE (XAUUSD,M10)	BOT-DECISION	BOT-DECISION activity POST failed url=https://xauaisniper.com/api/cloud/monitor/activity http=1003 err=5203 consecutiveFails=1 event=BOT_STATUS_HEARTBEAT response=	1003	5203	BOT_STATUS_HEARTBEAT
20260721	09:00:21.181	40484	XAUUSD_AI_Sniper_EA_v6.25.15_FINAL_BASKET_050R_M10_ONLY_BLOCK_EXCELLENT_LATE (XAUUSD,M10)	BOT-DECISION	BOT-DECISION activity POST failed url=https://xauaisniper.com/api/cloud/monitor/activity http=1003 err=5203 consecutiveFails=1 event=BOT_STATUS_HEARTBEAT response=	1003	5203	BOT_STATUS_HEARTBEAT
20260721	09:22:04.429	42692	XAUUSD_AI_Sniper_EA_v6.25.16_FINAL_BASKET_050R_TRUE_M10_BLOCK_EXCELLENT_LATE (XAUUSD,M10)	BOT-DECISION	BOT-DECISION activity POST failed url=https://xauaisniper.com/api/cloud/monitor/activity http=1003 err=5203 consecutiveFails=1 event=BOT_STATUS_HEARTBEAT response=	1003	5203	BOT_STATUS_HEARTBEAT
20260721	09:23:09.114	42702	XAUUSD_AI_Sniper_EA_v6.25.16_FINAL_BASKET_050R_TRUE_M10_BLOCK_EXCELLENT_LATE (XAUUSD,M10)	BOT-DECISION	BOT-DECISION activity POST failed url=https://xauaisniper.com/api/cloud/monitor/activity http=1003 err=5203 consecutiveFails=1 event=BOT_STATUS_HEARTBEAT response=	1003	5203	BOT_STATUS_HEARTBEAT
20260721	10:00:27.139	45618	XAUUSD_AI_Sniper_EA_v6.25.16_FINAL_BASKET_050R_TRUE_M10_BLOCK_EXCELLENT_LATE (XAUUSD,M10)	BOT-DECISION	BOT-DECISION activity POST failed url=https://xauaisniper.com/api/cloud/monitor/activity http=1003 err=5203 consecutiveFails=1 event=BOT_STATUS_HEARTBEAT response=	1003	5203	BOT_STATUS_HEARTBEAT
20260721	11:00:00.681	51944	XAUUSD_AI_Sniper_EA_v6.25.16_FINAL_BASKET_050R_TRUE_M10_BLOCK_EXCELLENT_LATE (XAUUSD,M10)	BOT-DECISION	BOT-DECISION activity POST failed url=https://xauaisniper.com/api/cloud/monitor/activity http=520 err=0 consecutiveFails=3 event=BOT_STATUS_HEARTBEAT response=<!DOCTYPE html> <!--[if lt IE 7]> <html class='no-js ie6 oldie' lang='en-US'> <![endif]--> <!--[if IE 7]>    <html class='no-js ie7 oldie' lang='en-US'> <![endif]--> <!--[if IE 8]>    <html class='no-js ie8 oldie' lang='en-US'> <![endif]--> <!--[if gt IE 8]><!--> <html class='no-js' lang='en-US'> <!--<![endif]--> <head>  <title>emergent.cloud | 520: Web serv	520	0	BOT_STATUS_HEARTBEAT
20260721	11:43:48.719	58199	XAUUSD_AI_Sniper_EA_v6.25.18_FINAL_BASKET_050R_TRUE_M10_H1_FIX_BREAKOUT_EXCELLENT_BLOCK (XAUUSD,M10)	BOT-DECISION	BOT-DECISION activity POST failed url=https://xauaisniper.com/api/cloud/monitor/activity http=1003 err=5203 consecutiveFails=1 event=BOT_STATUS_HEARTBEAT response=	1003	5203	BOT_STATUS_HEARTBEAT
20260721	12:00:20.370	61846	XAUUSD_AI_Sniper_EA_v6.25.16_FINAL_BASKET_050R_TRUE_M10_BLOCK_EXCELLENT_LATE (XAUUSD,M10)	BOT-DECISION	BOT-DECISION activity POST failed url=https://xauaisniper.com/api/cloud/monitor/activity http=1003 err=5203 consecutiveFails=1 event=BOT_STATUS_HEARTBEAT response=	1003	5203	BOT_STATUS_HEARTBEAT
20260721	13:09:00.300	70235	XAUUSD_AI_Sniper_EA_v6.25.19_FINAL_BASKET_050R_TRUE_M10_SCANNER_AND_AUTHORITY_FIX(1) (XAUUSD,M10)	BOT-DECISION	BOT-DECISION activity POST failed url=https://xauaisniper.com/api/cloud/monitor/activity http=1003 err=5203 consecutiveFails=1 event=BOT_STATUS_HEARTBEAT response=	1003	5203	BOT_STATUS_HEARTBEAT
20260721	13:09:10.258	70243	XAUUSD_AI_Sniper_EA_v6.25.19_FINAL_BASKET_050R_TRUE_M10_SCANNER_AND_AUTHORITY_FIX(1) (XAUUSD,M10)	BOT-DECISION	BOT-DECISION activity POST failed url=https://xauaisniper.com/api/cloud/monitor/activity http=1003 err=5203 consecutiveFails=1 event=PRIMARY_DECISION response=	1003	5203	PRIMARY_DECISION
20260721	14:00:05.414	72458	XAUUSD_AI_Sniper_EA_v6.25.19_FINAL_BASKET_050R_TRUE_M10_SCANNER_AND_AUTHORITY_FIX(1) (XAUUSD,M5)	BOT-DECISION	BOT-DECISION activity POST failed url=https://xauaisniper.com/api/cloud/monitor/activity http=1003 err=5203 consecutiveFails=1 event=PRIMARY_DECISION response=	1003	5203	PRIMARY_DECISION
20260721	18:00:10.376	78432	XAUUSD_AI_Sniper_EA_v6.25.20_GLOBAL_NO_BREAKOUT_M10_SNAPSHOT_LIFECYCLE_FIX (XAUUSD,M5)	BOT-DECISION	BOT-DECISION activity POST failed url=https://xauaisniper.com/api/cloud/monitor/activity http=1003 err=5203 consecutiveFails=1 event=PRIMARY_DECISION response=	1003	5203	PRIMARY_DECISION
20260722	00:00:07.149	23	XAUUSD_AI_Sniper_EA_v6.25.22_TRUE_4807_ROOT_FULL_REPAIR (XAUUSD,M5)	BOT-DECISION	BOT-DECISION activity POST failed url=https://xauaisniper.com/api/cloud/monitor/activity http=1003 err=5203 consecutiveFails=1 event=PRIMARY_DECISION response=	1003	5203	PRIMARY_DECISION
20260722	02:00:06.754	1215	XAUUSD_AI_Sniper_EA_v6.25.23_STARTUP_SELF_TEST_CONTRACT_FIX (XAUUSD,M5)	BOT-DECISION	BOT-DECISION activity POST failed url=https://xauaisniper.com/api/cloud/monitor/activity http=1003 err=5203 consecutiveFails=1 event=PRIMARY_DECISION response=	1003	5203	PRIMARY_DECISION
20260722	03:00:07.470	1644	XAUUSD_AI_Sniper_EA_v6.25.23_STARTUP_SELF_TEST_CONTRACT_FIX (XAUUSD,M5)	BOT-DECISION	BOT-DECISION activity POST failed url=https://xauaisniper.com/api/cloud/monitor/activity http=1003 err=5203 consecutiveFails=1 event=PRIMARY_DECISION response=	1003	5203	PRIMARY_DECISION
20260722	06:00:06.088	2968	XAUUSD_AI_Sniper_EA_v6.25.23_STARTUP_SELF_TEST_CONTRACT_FIX (XAUUSD,M5)	BOT-DECISION	BOT-DECISION activity POST failed url=https://xauaisniper.com/api/cloud/monitor/activity http=1003 err=5203 consecutiveFails=1 event=PRIMARY_DECISION response=	1003	5203	PRIMARY_DECISION
20260722	08:00:08.278	8062	XAUUSD_AI_Sniper_EA_v6.25.24_REPLAY_ROOT_CONSOLIDATED_FIX (XAUUSD,M5)	BOT-DECISION	BOT-DECISION activity POST failed url=https://xauaisniper.com/api/cloud/monitor/activity http=1003 err=5203 consecutiveFails=1 event=PRIMARY_DECISION response=	1003	5203	PRIMARY_DECISION
20260722	09:00:05.672	8599	XAUUSD_AI_Sniper_EA_v6.25.24_REPLAY_ROOT_CONSOLIDATED_FIX (XAUUSD,M5)	BOT-DECISION	BOT-DECISION activity POST failed url=https://xauaisniper.com/api/cloud/monitor/activity http=1003 err=5203 consecutiveFails=1 event=PRIMARY_DECISION response=	1003	5203	PRIMARY_DECISION
