position_id,entry_time,close_time,trade_role,setup,direction,grade,session,thesis_action,risk_usd,peak_profit_usd,peak_r,final_pnl_usd,realized_r,exit_reason,quarantine,review_note
8,2026-04-23 08:12:33,2026-04-23 08:30:45,CORE,TREND_PULLBACK,BUY,A,LDN,TRANSITION_WATCH,1035.78,-0.69,-0.0006661646295545386,-1041.21,-1.0052424259977988,BROKER_SL | bestFloating=-0.69 shieldArmed=N,False,
12,2026-04-23 11:02:33,2026-04-23 12:03:56,CORE,M10_ORIGINATED_CANDIDATE,BUY,B,LDN,OPPOSITE_DISCOVERY,940.46,90.2,0.0959105118771665,-953.66,-1.0140356846649512,BROKER_SL | bestFloating=90.20 shieldArmed=N,False,
34,2026-05-01 04:02:33,2026-05-01 05:11:13,CORE,M10_ORIGINATED_CANDIDATE,SELL,B,ASIA,TRANSITION_WATCH,1168.25,262.4,0.22460945859191095,-1174.24,-1.0051273271988017,BROKER_SL | bestFloating=262.40 shieldArmed=N,False,
50,2026-05-07 12:02:33,2026-05-07 17:50:51,CORE,TREND_PULLBACK,SELL,B,LDN,TRANSITION_WATCH,1276.14,148.0,0.1159747363141975,-1280.2,-1.0031814691178083,BROKER_SL | bestFloating=148.00 shieldArmed=N,False,
56,2026-05-08 07:42:33,2026-05-08 08:32:43,CORE,M10_ORIGINATED_CANDIDATE,SELL,B,LDN,ALLOW_CORE,1348.54,168.56,0.12499443842970917,-1348.48,-0.9999555074376734,BROKER_SL | bestFloating=168.56 shieldArmed=N,False,
60,2026-05-11 04:32:33,2026-05-11 08:43:20,CORE,M10_ORIGINATED_CANDIDATE,BUY,B,ASIA,TRANSITION_WATCH,1216.45,211.27,0.17367750421307904,-1216.93,-1.000394590817543,BROKER_SL | bestFloating=211.27 shieldArmed=N,False,
70,2026-05-15 14:12:30,2026-05-15 15:42:48,CORE,M10_ORIGINATED_CANDIDATE,BUY,B,NY,TRANSITION_WATCH,1279.5,11.44,0.008940992575224696,-1280.24,-1.0005783509183275,BROKER_SL | bestFloating=11.44 shieldArmed=N,False,
72,2026-05-15 15:52:33,2026-05-15 16:01:18,CORE,M10_ORIGINATED_CANDIDATE,BUY,A,NY,OPPOSITE_DISCOVERY,1158.27,18.04,0.015574952299550191,-1159.48,-1.001044661434726,BROKER_SL | bestFloating=18.04 shieldArmed=N,False,
76,2026-05-18 09:02:33,2026-05-18 10:30:52,CORE,TREND_PULLBACK,SELL,A+,LDN,TRANSITION_WATCH,1047.71,97.52,0.09307919176107891,-1051.56,-1.0036746809708792,BROKER_SL | bestFloating=97.52 shieldArmed=N,False,
80,2026-05-19 11:02:33,2026-05-19 11:28:26,CORE,TREND_PULLBACK,BUY,A,LDN,ALLOW_CORE,962.87,92.63,0.09620197949879007,-964.06,-1.0012358885415475,BROKER_SL | bestFloating=92.63 shieldArmed=N,False,
104,2026-05-27 03:02:30,2026-05-27 05:42:29,CORE,TREND_PULLBACK,BUY,B,ASIA,TRANSITION_WATCH,1021.29,9.43,0.009233420478022893,-1022.54,-1.001223942269091,BROKER_SL | bestFloating=9.43 shieldArmed=N,False,
116,2026-05-29 02:42:35,2026-05-29 03:16:46,CORE,M10_ORIGINATED_CANDIDATE,SELL,B,ASIA,OPPOSITE_DISCOVERY,1129.37,132.87,0.11764966308649957,-1136.49,-1.0063043997981176,BROKER_SL | bestFloating=132.87 shieldArmed=N,False,
120,2026-05-29 16:02:30,2026-05-29 17:01:49,CORE,M10_ORIGINATED_CANDIDATE,SELL,B,NY,TRANSITION_WATCH,1024.46,17.6,0.017179782519571286,-1026.08,-1.0015813208910058,BROKER_SL | bestFloating=17.60 shieldArmed=N,False,
130,2026-06-01 22:52:30,2026-06-02 01:00:00,CORE,TREND_PULLBACK,SELL,A+,LATE,ALLOW_CORE,1147.61,208.86,0.18199562569165487,-6398.67,-5.575648521710337,BROKER_SL | bestFloating=208.86 shieldArmed=N,True,QUARANTINE: -5.58R session-gap/slippage anomaly; not a normal entry-pattern loss.
134,2026-06-02 13:22:33,2026-06-02 13:58:42,CORE,M10_ORIGINATED_CANDIDATE,SELL,B,NY,OPPOSITE_DISCOVERY,535.05,33.28,0.06219979441173723,-546.56,-1.0215120082235305,BROKER_SL | bestFloating=33.28 shieldArmed=N,False,
142,2026-06-03 13:32:33,2026-06-03 16:43:02,CORE,M10_ORIGINATED_CANDIDATE,BUY,B,NY,TRANSITION_WATCH,528.08,132.4,0.250719587941221,-529.2,-1.0021208907741253,BROKER_SL | bestFloating=132.40 shieldArmed=N,False,
146,2026-06-04 19:32:33,2026-06-05 02:02:19,CORE,TREND_PULLBACK,BUY,A+,LATE,ALLOW_CORE,476.59,115.2,0.24171719926981264,-487.55,-1.0229967057638643,BROKER_SL | bestFloating=115.20 shieldArmed=N,False,
164,2026-06-10 09:52:33,2026-06-10 11:04:02,CORE,M10_ORIGINATED_CANDIDATE,BUY,A,LDN,TRANSITION_WATCH,523.45,27.82,0.05314738752507402,-527.54,-1.00781354475117,BROKER_SL | bestFloating=27.82 shieldArmed=N,False,
196,2026-06-16 12:12:33,2026-06-16 17:27:54,CORE,SQUEEZE_RELEASE,BUY,A+,LDN,ALLOW_CORE,721.47,187.5,0.25988606594868807,-722.5,-1.0014276407889449,BROKER_SL | bestFloating=187.50 shieldArmed=N,False,
204,2026-06-18 05:12:33,2026-06-18 05:57:15,CORE,TREND_PULLBACK,BUY,B,ASIA,OPPOSITE_DISCOVERY,778.83,177.48,0.2278802819614036,-779.28,-1.0005777897615653,BROKER_SL | bestFloating=177.48 shieldArmed=N,False,
210,2026-06-19 12:02:33,2026-06-19 14:01:22,CORE,M10_ORIGINATED_CANDIDATE,BUY,B,LDN,TRANSITION_WATCH,738.43,9.1,0.012323442980377287,-738.5,-1.0000947957152337,BROKER_SL | bestFloating=9.10 shieldArmed=N,False,
212,2026-06-19 14:12:33,2026-06-19 15:01:37,CORE,TREND_PULLBACK,SELL,A+,NY,ALLOW_CORE,678.37,295.04,0.43492489349470054,-686.08,-1.0113654790158764,BROKER_SL | bestFloating=295.04 shieldArmed=N,False,REVIEW: recorded peak 0.435R exceeded GENERAL 0.40R trigger; full June 19 log required.
214,2026-06-19 18:52:33,2026-06-22 01:00:00,CORE,M10_ORIGINATED_CANDIDATE,BUY,A,LATE,ALLOW_CORE,599.68,200.81,0.33486192636072576,-621.18,-1.0358524546424759,WEEKEND_CLOSE | BROKER_SL | bestFloating=200.81 shieldArmed=N,False,
220,2026-06-22 07:42:33,2026-06-22 09:51:21,CORE,M10_ORIGINATED_CANDIDATE,SELL,A,LDN,TRANSITION_WATCH,614.59,3.8,0.006182983777803088,-615.6,-1.0016433720041003,BROKER_SL | bestFloating=3.80 shieldArmed=N,False,
222,2026-06-22 22:12:33,2026-06-23 04:19:03,CORE,TREND_PULLBACK,BUY,A,LATE,TRANSITION_WATCH,560.14,193.02,0.34459242332274076,-563.88,-1.0066769022030206,BROKER_SL | bestFloating=193.02 shieldArmed=N,False,
224,2026-06-23 14:22:33,2026-06-23 15:14:16,CORE,M10_ORIGINATED_CANDIDATE,BUY,A,NY,TRANSITION_WATCH,505.74,47.43,0.09378336694744335,-509.02,-1.0064855459326927,BROKER_SL | bestFloating=47.43 shieldArmed=N,False,
228,2026-06-24 11:32:33,2026-06-24 12:29:44,CORE,M10_ORIGINATED_CANDIDATE,BUY,B,LDN,OPPOSITE_DISCOVERY,465.29,19.17,0.041200111758258294,-466.02,-1.001568914010617,BROKER_SL | bestFloating=19.17 shieldArmed=N,False,
258,2026-07-03 09:42:30,2026-07-03 11:05:20,CORE,M10_ORIGINATED_CANDIDATE,SELL,A,LDN,TRANSITION_WATCH,977.04,134.9,0.13807008924916075,-983.35,-1.0064582821583559,BROKER_SL | bestFloating=134.90 shieldArmed=N,False,
260,2026-07-06 13:52:34,2026-07-06 15:43:29,CORE,M10_ORIGINATED_CANDIDATE,BUY,A+,NY,TRANSITION_WATCH,866.56,163.91,0.18915020310192024,-866.54,-0.9999769202363368,BROKER_SL | bestFloating=163.91 shieldArmed=N,False,
264,2026-07-07 01:42:35,2026-07-07 03:01:12,CORE,TREND_PULLBACK,BUY,A,ASIA,ALLOW_CORE,806.73,16.0,0.019833153595378874,-811.52,-1.0059375503576165,BROKER_SL | bestFloating=16.00 shieldArmed=N,False,
278,2026-07-09 14:12:30,2026-07-09 15:07:50,CORE,M10_ORIGINATED_CANDIDATE,SELL,B,NY,TRANSITION_WATCH,994.39,322.74,0.3245607860095134,-1008.81,-1.0145013525880187,BROKER_SL | bestFloating=322.74 shieldArmed=N,False,
282,2026-07-13 08:22:30,2026-07-13 09:04:12,CORE,TREND_PULLBACK,BUY,B,LDN,TRANSITION_WATCH,888.21,196.98,0.22177187827203024,-889.76,-1.0017450828069938,BROKER_SL | bestFloating=196.98 shieldArmed=N,False,
300,2026-07-17 04:32:30,2026-07-17 05:33:53,CORE,M10_ORIGINATED_CANDIDATE,BUY,B,ASIA,TRANSITION_WATCH,1021.35,364.21,0.35659666128163703,-1021.02,-0.9996768982229401,BROKER_SL | bestFloating=364.21 shieldArmed=N,False,
302,2026-07-17 11:22:33,2026-07-17 12:25:05,CORE,TREND_PULLBACK,SELL,A,LDN,TRANSITION_WATCH,915.86,241.74,0.2639486384381893,-916.4,-1.0005896097656846,BROKER_SL | bestFloating=241.74 shieldArmed=N,False,
