position_id,campaign_id,leg_role,entry_source_path,direction,entry_time,entry_regime,frozen_owner_exit_profile,trade_grade,trade_grade_source,trade_label,volume_lots,entry_price,broker_tp_at_entry,analytical_tp_price,original_sl,risk_distance,risk_usd,exit_time,exit_price,exit_authority,broker_sl_at_exit,exit_spread_points,realized_profit_usd,realized_r_at_exit,peak_r_while_open,period_membership,total_favorable_r_at_5m,missed_r_5m,maximum_adverse_r_after_exit_5m,returned_to_entry_5m,crossed_original_sl_5m,path_classification_5m,observed_through_5m,total_favorable_r_at_10m,missed_r_10m,maximum_adverse_r_after_exit_10m,returned_to_entry_10m,crossed_original_sl_10m,path_classification_10m,observed_through_10m,total_favorable_r_at_15m,missed_r_15m,maximum_adverse_r_after_exit_15m,returned_to_entry_15m,crossed_original_sl_15m,path_classification_15m,observed_through_15m,total_favorable_r_at_20m,missed_r_20m,maximum_adverse_r_after_exit_20m,returned_to_entry_20m,crossed_original_sl_20m,path_classification_20m,observed_through_20m,total_favorable_r_at_30m,missed_r_30m,maximum_adverse_r_after_exit_30m,returned_to_entry_30m,crossed_original_sl_30m,path_classification_30m,observed_through_30m,total_favorable_r_at_60m,missed_r_60m,maximum_adverse_r_after_exit_60m,returned_to_entry_60m,crossed_original_sl_60m,path_classification_60m,observed_through_60m,clean_continuation_or_immediate_reversal
2,CAMP-1,CORE,FRESH,SELL,2026.05.29 01:33:00,TREND_UP,GENERAL,DATA_UNAVAILABLE,DATA_UNAVAILABLE,,1.04,4495.73,NOT_CAPTURED_IN_FORENSIC_ROW,NOT_CAPTURED_IN_FORENSIC_ROW,4505.27364,9.54364,992.53,2026.05.29 01:52:37,4494.25,PROFIT_CLOSE,,,153.92,0.155078,0.323777,FULL_50_DAYS,0.279768,0.12469,0.062869,False,False,CLEAN_CONTINUATION,2026.05.29 01:57:37,0.480949,0.325871,0.062869,False,False,CLEAN_CONTINUATION,2026.05.29 02:02:37,0.480949,0.325871,0.17289,True,False,CLEAN_CONTINUATION,2026.05.29 02:07:37,0.480949,0.325871,0.17289,True,False,CLEAN_CONTINUATION,2026.05.29 02:12:37,0.480949,0.325871,0.317489,True,False,CLEAN_CONTINUATION,2026.05.29 02:22:37,0.675843,0.520766,0.317489,True,False,CLEAN_CONTINUATION,2026.05.29 02:52:37,CLEAN_CONTINUATION
4,CAMP-2,CORE,FRESH,BUY,2026.05.29 07:33:00,TREND_UP,GENERAL,DATA_UNAVAILABLE,DATA_UNAVAILABLE,,0.55,4509.32,NOT_CAPTURED_IN_FORENSIC_ROW,NOT_CAPTURED_IN_FORENSIC_ROW,4491.13066,18.18934,1000.41,2026.05.29 08:00:53,4512.63,PROFIT_CLOSE,,,182.05,0.181975,0.337561,FULL_50_DAYS,0.181975,0.0,0.159434,False,False,IMMEDIATE_REVERSAL,2026.05.29 08:05:53,0.181975,0.0,0.173728,False,False,IMMEDIATE_REVERSAL,2026.05.29 08:10:53,0.181975,0.0,0.201766,True,False,IMMEDIATE_REVERSAL,2026.05.29 08:15:53,0.181975,0.0,0.201766,True,False,IMMEDIATE_REVERSAL,2026.05.29 08:20:53,0.181975,0.0,0.227056,True,False,IMMEDIATE_REVERSAL,2026.05.29 08:30:53,0.686116,0.504141,0.545924,True,False,IMMEDIATE_REVERSAL,2026.05.29 09:00:53,IMMEDIATE_REVERSAL
6,CAMP-3,CORE,FRESH,BUY,2026.05.29 08:03:30,TREND_UP,GENERAL,A+,EXIT_TRADE_LABEL,M30_CONSENSUS_CORE_1780041600 [A+],0.51,4510.84,NOT_CAPTURED_IN_FORENSIC_ROW,NOT_CAPTURED_IN_FORENSIC_ROW,4490.89789,19.94211,1017.05,2026.05.29 09:01:02,4518.71,SL_MOD:OWNER_R_EXIT_FLOOR,4518.39,4.0,401.37,0.394642,0.549591,FULL_50_DAYS,0.582185,0.187543,0.05516,False,False,CLEAN_CONTINUATION,2026.05.29 09:06:02,0.582185,0.187543,0.252731,False,False,CLEAN_CONTINUATION,2026.05.29 09:11:02,0.582185,0.187543,0.381103,False,False,CLEAN_CONTINUATION,2026.05.29 09:16:02,0.582185,0.187543,0.43526,True,False,CLEAN_CONTINUATION,2026.05.29 09:21:02,0.582185,0.187543,0.43526,True,False,CLEAN_CONTINUATION,2026.05.29 09:31:02,0.663922,0.269279,0.43526,True,False,CLEAN_CONTINUATION,2026.05.29 10:01:02,CLEAN_CONTINUATION
8,CAMP-4,CORE,FRESH,SELL,2026.05.29 15:33:00,TREND_UP,GENERAL,DATA_UNAVAILABLE,DATA_UNAVAILABLE,,0.45,4520.23,NOT_CAPTURED_IN_FORENSIC_ROW,NOT_CAPTURED_IN_FORENSIC_ROW,4543.93797,23.70797,1066.86,2026.05.29 15:48:28,4516.29,PROFIT_CLOSE,,,177.3,0.166189,0.308757,FULL_50_DAYS,0.2438,0.077611,0.164923,False,False,IMMEDIATE_REVERSAL,2026.05.29 15:53:28,0.2438,0.077611,0.164923,False,False,IMMEDIATE_REVERSAL,2026.05.29 15:58:27,0.2438,0.077611,0.35178,True,False,IMMEDIATE_REVERSAL,2026.05.29 16:03:28,0.2438,0.077611,0.404505,True,False,IMMEDIATE_REVERSAL,2026.05.29 16:08:28,0.2438,0.077611,0.457652,True,False,IMMEDIATE_REVERSAL,2026.05.29 16:18:28,0.2438,0.077611,0.828413,True,False,IMMEDIATE_REVERSAL,2026.05.29 16:48:28,IMMEDIATE_REVERSAL
10,CAMP-5,CORE,FRESH,BUY,2026.06.01 08:33:00,TREND_UP,GENERAL,A+,EXIT_TRADE_LABEL,M30_CONSENSUS_CORE_1780302600 [A+],1.06,4516.33,NOT_CAPTURED_IN_FORENSIC_ROW,NOT_CAPTURED_IN_FORENSIC_ROW,4506.05354,10.27646,1089.31,2026.06.01 08:39:31,4520.58,SL_MOD:OWNER_R_EXIT_FLOOR,4519.97,17.0,450.5,0.413565,0.557583,FULL_50_DAYS,0.460274,0.046709,0.491414,True,False,IMMEDIATE_REVERSAL,2026.06.01 08:44:31,0.678248,0.264683,0.491414,True,False,IMMEDIATE_REVERSAL,2026.06.01 08:49:31,0.86119,0.447625,0.491414,True,False,IMMEDIATE_REVERSAL,2026.06.01 08:54:31,0.86119,0.447625,0.491414,True,False,IMMEDIATE_REVERSAL,2026.06.01 08:59:31,0.86119,0.447625,0.619863,True,False,IMMEDIATE_REVERSAL,2026.06.01 09:09:31,0.86119,0.447625,1.83137,True,True,IMMEDIATE_REVERSAL,2026.06.01 09:39:31,IMMEDIATE_REVERSAL
12,CAMP-6,CORE,FRESH,BUY,2026.06.01 19:03:00,TREND_DN,GENERAL,DATA_UNAVAILABLE,DATA_UNAVAILABLE,,0.39,4474.61,NOT_CAPTURED_IN_FORENSIC_ROW,NOT_CAPTURED_IN_FORENSIC_ROW,4445.99403,28.61597,1116.02,2026.06.01 20:34:15,4480.52,PROFIT_CLOSE,,,230.49,0.206528,0.3844,FULL_50_DAYS,0.349106,0.142578,0.0,False,False,CLEAN_CONTINUATION,2026.06.01 20:39:15,0.561574,0.355046,0.0,False,False,CLEAN_CONTINUATION,2026.06.01 20:44:15,0.728264,0.521737,0.0,False,False,CLEAN_CONTINUATION,2026.06.01 20:49:15,0.728264,0.521737,0.0,False,False,CLEAN_CONTINUATION,2026.06.01 20:54:15,0.728264,0.521737,0.0,False,False,CLEAN_CONTINUATION,2026.06.01 21:04:15,0.728264,0.521737,0.0,False,False,CLEAN_CONTINUATION,2026.06.01 21:34:15,CLEAN_CONTINUATION
14,CAMP-7,CORE,FRESH,SELL,2026.06.02 12:03:00,TREND_UP,GENERAL,DATA_UNAVAILABLE,DATA_UNAVAILABLE,,0.76,4527.15,NOT_CAPTURED_IN_FORENSIC_ROW,NOT_CAPTURED_IN_FORENSIC_ROW,4542.38177,15.23177,1157.62,2026.06.02 12:32:54,4524.51,PROFIT_CLOSE,,,200.64,0.173322,0.33023,FULL_50_DAYS,0.223874,0.050552,0.158222,False,False,IMMEDIATE_REVERSAL,2026.06.02 12:37:54,0.355835,0.182513,0.158222,False,False,IMMEDIATE_REVERSAL,2026.06.02 12:42:54,0.355835,0.182513,0.158222,False,False,IMMEDIATE_REVERSAL,2026.06.02 12:47:54,0.355835,0.182513,0.449718,True,False,IMMEDIATE_REVERSAL,2026.06.02 12:52:54,0.355835,0.182513,0.47204,True,False,IMMEDIATE_REVERSAL,2026.06.02 13:02:54,0.355835,0.182513,0.484514,True,False,IMMEDIATE_REVERSAL,2026.06.02 13:32:54,IMMEDIATE_REVERSAL
16,CAMP-8,CORE,FRESH,BUY,2026.06.02 22:33:00,TREND_DN,GENERAL,DATA_UNAVAILABLE,DATA_UNAVAILABLE,,0.97,4488.11,NOT_CAPTURED_IN_FORENSIC_ROW,NOT_CAPTURED_IN_FORENSIC_ROW,4476.01897,12.09103,1172.83,2026.06.03 01:01:24,4490.35,PROFIT_CLOSE,,,205.06,0.174842,0.336947,FULL_50_DAYS,0.290631,0.115788,0.207592,True,False,CLEAN_CONTINUATION,2026.06.03 01:06:24,0.403938,0.229095,0.207592,True,False,CLEAN_CONTINUATION,2026.06.03 01:11:24,0.403938,0.229095,0.207592,True,False,CLEAN_CONTINUATION,2026.06.03 01:16:23,0.403938,0.229095,0.207592,True,False,CLEAN_CONTINUATION,2026.06.03 01:21:24,0.403938,0.229095,0.226614,True,False,CLEAN_CONTINUATION,2026.06.03 01:31:23,0.403938,0.229095,0.510296,True,False,CLEAN_CONTINUATION,2026.06.03 02:01:24,CLEAN_CONTINUATION
18,CAMP-9,CORE,FRESH,BUY,2026.06.03 01:33:00,TREND_DN,GENERAL,DATA_UNAVAILABLE,DATA_UNAVAILABLE,,0.84,4491.17,NOT_CAPTURED_IN_FORENSIC_ROW,NOT_CAPTURED_IN_FORENSIC_ROW,4476.9122,14.2578,1197.66,2026.06.03 02:10:55,4476.67,BROKER_SL,,,-1218.0,-1.016987,0.070838,FULL_50_DAYS,-0.768001,0.248987,0.155704,True,True,IMMEDIATE_REVERSAL,2026.06.03 02:15:54,-0.768001,0.248987,0.528833,True,True,IMMEDIATE_REVERSAL,2026.06.03 02:20:55,-0.768001,0.248987,0.704877,True,True,IMMEDIATE_REVERSAL,2026.06.03 02:25:55,-0.768001,0.248987,1.01348,True,True,IMMEDIATE_REVERSAL,2026.06.03 02:30:55,-0.768001,0.248987,1.01348,True,True,IMMEDIATE_REVERSAL,2026.06.03 02:40:55,-0.768001,0.248987,1.01348,True,True,IMMEDIATE_REVERSAL,2026.06.03 03:10:54,IMMEDIATE_REVERSAL
20,CAMP-10,CORE,FRESH,SELL,2026.06.03 02:33:00,BRKT_DN,BREAKOUT,DATA_UNAVAILABLE,DATA_UNAVAILABLE,,0.29,4462.87,NOT_CAPTURED_IN_FORENSIC_ROW,NOT_CAPTURED_IN_FORENSIC_ROW,4499.20403,36.33403,1053.69,2026.06.03 11:03:13,4456.5,PROFIT_CLOSE,,,184.73,0.175318,0.321462,FULL_50_DAYS,0.25761,0.082292,0.075962,False,False,NO_DECISIVE_0.10R_MOVE,2026.06.03 11:08:13,0.25761,0.082292,0.075962,False,False,NO_DECISIVE_0.10R_MOVE,2026.06.03 11:13:13,0.284582,0.109264,0.075962,False,False,CLEAN_CONTINUATION,2026.06.03 11:18:13,0.303022,0.127704,0.075962,False,False,CLEAN_CONTINUATION,2026.06.03 11:23:13,0.329994,0.154676,0.075962,False,False,CLEAN_CONTINUATION,2026.06.03 11:33:13,0.619805,0.444487,0.075962,False,False,CLEAN_CONTINUATION,2026.06.03 12:03:13,CLEAN_CONTINUATION
22,CAMP-11,CORE,FRESH,SELL,2026.06.04 04:03:30,TREND_DN,GENERAL,DATA_UNAVAILABLE,DATA_UNAVAILABLE,,0.79,4454.88,NOT_CAPTURED_IN_FORENSIC_ROW,NOT_CAPTURED_IN_FORENSIC_ROW,4468.61443,13.73443,1085.02,2026.06.04 04:20:18,4468.63,BROKER_SL,,,-1086.25,-1.001136,0.151445,FULL_50_DAYS,-0.866438,0.134698,0.367689,True,True,CLEAN_CONTINUATION,2026.06.04 04:25:18,-0.816927,0.184209,0.367689,True,True,CLEAN_CONTINUATION,2026.06.04 04:30:18,-0.747758,0.253378,0.367689,True,True,CLEAN_CONTINUATION,2026.06.04 04:35:18,-0.747758,0.253378,0.367689,True,True,CLEAN_CONTINUATION,2026.06.04 04:40:18,-0.289785,0.711351,0.367689,True,True,CLEAN_CONTINUATION,2026.06.04 04:50:18,-0.065531,0.935605,0.367689,True,True,CLEAN_CONTINUATION,2026.06.04 05:20:18,CLEAN_CONTINUATION
24,CAMP-12,CORE,FRESH,SELL,2026.06.04 17:33:00,TREND_UP,GENERAL,A+,EXIT_TRADE_LABEL,M30_CONSENSUS_CORE_1780594200 [A+],0.24,4482.68,NOT_CAPTURED_IN_FORENSIC_ROW,NOT_CAPTURED_IN_FORENSIC_ROW,4523.51626,40.83626,980.07,2026.06.04 17:50:26,4470.2,SL_MOD:OWNER_R_EXIT_FLOOR,4470.43,17.0,299.52,0.30561,0.423153,FULL_50_DAYS,0.620772,0.315161,0.005877,False,False,CLEAN_CONTINUATION,2026.06.04 17:55:26,0.620772,0.315161,0.005877,False,False,CLEAN_CONTINUATION,2026.06.04 18:00:26,0.620772,0.315161,0.042609,False,False,CLEAN_CONTINUATION,2026.06.04 18:05:26,0.620772,0.315161,0.062934,False,False,CLEAN_CONTINUATION,2026.06.04 18:10:26,0.620772,0.315161,0.114604,False,False,CLEAN_CONTINUATION,2026.06.04 18:20:26,0.620772,0.315161,0.175334,False,False,CLEAN_CONTINUATION,2026.06.04 18:50:26,CLEAN_CONTINUATION
26,CAMP-13,CORE,FRESH,BUY,2026.06.04 19:33:30,TREND_UP,GENERAL,DATA_UNAVAILABLE,DATA_UNAVAILABLE,,0.66,4480.7,NOT_CAPTURED_IN_FORENSIC_ROW,NOT_CAPTURED_IN_FORENSIC_ROW,4465.44663,15.25337,1006.72,2026.06.05 02:02:19,4465.29,BROKER_SL,,,-1025.38,-1.018531,0.216345,FULL_50_DAYS,-0.583873,0.434658,0.068837,True,True,CLEAN_CONTINUATION,2026.06.05 02:07:19,-0.442921,0.57561,0.068837,True,True,CLEAN_CONTINUATION,2026.06.05 02:12:19,-0.442921,0.57561,0.068837,True,True,CLEAN_CONTINUATION,2026.06.05 02:17:19,-0.442921,0.57561,0.068837,True,True,CLEAN_CONTINUATION,2026.06.05 02:22:19,-0.442921,0.57561,0.08326,True,True,CLEAN_CONTINUATION,2026.06.05 02:32:19,-0.442921,0.57561,0.379588,True,True,CLEAN_CONTINUATION,2026.06.05 03:02:19,CLEAN_CONTINUATION
28,CAMP-14,CORE,FRESH,SELL,2026.06.05 15:32:41,TREND_DN,GENERAL,A+,EXIT_TRADE_LABEL,M30_CONSENSUS_CORE_1780673400 [A+],0.32,4452.74,NOT_CAPTURED_IN_FORENSIC_ROW,NOT_CAPTURED_IN_FORENSIC_ROW,4480.71286,27.97286,895.13,2026.06.05 15:37:03,4444.14,SL_MOD:OWNER_R_EXIT_FLOOR,4444.35,17.0,275.2,0.30744,0.459016,FULL_50_DAYS,0.440784,0.133344,0.150146,False,False,CLEAN_CONTINUATION,2026.06.05 15:42:03,0.440784,0.133344,0.18232,False,False,CLEAN_CONTINUATION,2026.06.05 15:47:03,0.906235,0.598795,0.18232,False,False,CLEAN_CONTINUATION,2026.06.05 15:52:03,1.432102,1.124662,0.18232,False,False,CLEAN_CONTINUATION,2026.06.05 15:57:03,1.885041,1.577601,0.18232,False,False,CLEAN_CONTINUATION,2026.06.05 16:07:03,2.02482,1.717379,0.18232,False,False,CLEAN_CONTINUATION,2026.06.05 16:37:03,CLEAN_CONTINUATION
30,CAMP-15,CORE,FRESH,SELL,2026.06.08 17:33:00,TREND_DN,GENERAL,DATA_UNAVAILABLE,DATA_UNAVAILABLE,,0.31,4323.1,NOT_CAPTURED_IN_FORENSIC_ROW,NOT_CAPTURED_IN_FORENSIC_ROW,4353.10523,30.00523,930.16,2026.06.09 02:54:14,4317.66,PROFIT_CLOSE,,,167.21,0.179765,0.330072,FULL_50_DAYS,0.281413,0.101649,0.061323,False,False,CLEAN_CONTINUATION,2026.06.09 02:59:14,0.281413,0.101649,0.07432,False,False,CLEAN_CONTINUATION,2026.06.09 03:04:14,0.281413,0.101649,0.142642,False,False,CLEAN_CONTINUATION,2026.06.09 03:09:14,0.281413,0.101649,0.21063,True,False,CLEAN_CONTINUATION,2026.06.09 03:14:14,0.281413,0.101649,0.21063,True,False,CLEAN_CONTINUATION,2026.06.09 03:24:14,0.281413,0.101649,0.21063,True,False,CLEAN_CONTINUATION,2026.06.09 03:54:14,CLEAN_CONTINUATION
32,CAMP-16,CORE,FRESH,SELL,2026.06.09 07:33:00,TREND_DN,GENERAL,DATA_UNAVAILABLE,DATA_UNAVAILABLE,,0.57,4326.33,NOT_CAPTURED_IN_FORENSIC_ROW,NOT_CAPTURED_IN_FORENSIC_ROW,4343.15096,16.82096,958.8,2026.06.09 08:32:30,4343.16,BROKER_SL,,,-959.31,-1.000535,0.115927,FULL_50_DAYS,-0.759169,0.241366,0.063017,True,True,CLEAN_CONTINUATION,2026.06.09 08:37:30,-0.759169,0.241366,0.378694,True,True,CLEAN_CONTINUATION,2026.06.09 08:42:30,-0.759169,0.241366,0.505917,True,True,CLEAN_CONTINUATION,2026.06.09 08:47:30,-0.759169,0.241366,0.505917,True,True,CLEAN_CONTINUATION,2026.06.09 08:52:30,-0.759169,0.241366,0.505917,True,True,CLEAN_CONTINUATION,2026.06.09 09:02:30,-0.38642,0.614115,0.505917,True,True,CLEAN_CONTINUATION,2026.06.09 09:32:30,CLEAN_CONTINUATION
34,CAMP-17,CORE,FRESH,SELL,2026.06.09 10:03:30,TREND_DN,GENERAL,DATA_UNAVAILABLE,DATA_UNAVAILABLE,,0.89,4333.14,NOT_CAPTURED_IN_FORENSIC_ROW,NOT_CAPTURED_IN_FORENSIC_ROW,4342.83446,9.69446,862.81,2026.06.09 10:05:21,4331.47,PROFIT_CLOSE,,,148.63,0.172263,0.319769,FULL_50_DAYS,0.290887,0.118624,0.253753,True,False,CLEAN_CONTINUATION,2026.06.09 10:10:21,1.023264,0.851002,0.253753,True,False,CLEAN_CONTINUATION,2026.06.09 10:15:21,1.023264,0.851002,0.253753,True,False,CLEAN_CONTINUATION,2026.06.09 10:20:21,1.023264,0.851002,0.253753,True,False,CLEAN_CONTINUATION,2026.06.09 10:25:21,1.023264,0.851002,0.253753,True,False,CLEAN_CONTINUATION,2026.06.09 10:35:21,1.202748,1.030486,0.253753,True,False,CLEAN_CONTINUATION,2026.06.09 11:05:21,CLEAN_CONTINUATION
36,CAMP-18,CORE,FRESH,SELL,2026.06.09 10:33:30,TREND_DN,GENERAL,DATA_UNAVAILABLE,DATA_UNAVAILABLE,,0.48,4326.29,NOT_CAPTURED_IN_FORENSIC_ROW,NOT_CAPTURED_IN_FORENSIC_ROW,4344.30449,18.01449,864.7,2026.06.09 15:47:43,4344.39,BROKER_SL,,,-868.8,-1.004746,0.270893,FULL_50_DAYS,-0.803242,0.201505,0.000555,True,True,CLEAN_CONTINUATION,2026.06.09 15:52:43,-0.587859,0.416887,0.000555,True,True,CLEAN_CONTINUATION,2026.06.09 15:57:43,-0.587859,0.416887,0.068833,True,True,CLEAN_CONTINUATION,2026.06.09 16:02:43,-0.587859,0.416887,0.068833,True,True,CLEAN_CONTINUATION,2026.06.09 16:07:43,-0.587859,0.416887,0.068833,True,True,CLEAN_CONTINUATION,2026.06.09 16:17:43,0.058287,1.063033,0.068833,True,True,CLEAN_CONTINUATION,2026.06.09 16:47:43,CLEAN_CONTINUATION
38,CAMP-19,CORE,FRESH,SELL,2026.06.09 16:33:00,TREND_DN,GENERAL,DATA_UNAVAILABLE,DATA_UNAVAILABLE,,0.42,4330.92,NOT_CAPTURED_IN_FORENSIC_ROW,NOT_CAPTURED_IN_FORENSIC_ROW,4349.33974,18.41974,773.63,2026.06.09 16:42:29,4327.84,PROFIT_CLOSE,,,129.36,0.167212,0.308365,FULL_50_DAYS,0.17807,0.010858,0.610758,True,False,IMMEDIATE_REVERSAL,2026.06.09 16:47:29,0.17807,0.010858,1.948453,True,True,IMMEDIATE_REVERSAL,2026.06.09 16:52:29,0.232903,0.06569,1.948453,True,True,IMMEDIATE_REVERSAL,2026.06.09 16:57:29,0.232903,0.06569,1.948453,True,True,IMMEDIATE_REVERSAL,2026.06.09 17:02:29,0.31868,0.151468,1.948453,True,True,IMMEDIATE_REVERSAL,2026.06.09 17:12:29,1.5972,1.429987,1.948453,True,True,IMMEDIATE_REVERSAL,2026.06.09 17:42:29,IMMEDIATE_REVERSAL
40,CAMP-20,CORE,FRESH,SELL,2026.06.11 09:03:30,TREND_DN,GENERAL,A+,EXIT_TRADE_LABEL,M30_CONSENSUS_CORE_1781168400 [A+],0.36,4089.17,NOT_CAPTURED_IN_FORENSIC_ROW,NOT_CAPTURED_IN_FORENSIC_ROW,4111.3562,22.1862,798.7,2026.06.11 09:08:22,4082.37,SL_MOD:OWNER_R_EXIT_FLOOR,4082.51,17.0,244.8,0.306497,0.452083,FULL_50_DAYS,0.569724,0.263227,0.044172,False,False,CLEAN_CONTINUATION,2026.06.11 09:13:22,0.569724,0.263227,0.28351,False,False,CLEAN_CONTINUATION,2026.06.11 09:18:22,0.569724,0.263227,0.332188,True,False,CLEAN_CONTINUATION,2026.06.11 09:23:22,0.569724,0.263227,0.485437,True,False,CLEAN_CONTINUATION,2026.06.11 09:28:22,0.569724,0.263227,0.485437,True,False,CLEAN_CONTINUATION,2026.06.11 09:38:22,0.569724,0.263227,0.707196,True,False,CLEAN_CONTINUATION,2026.06.11 10:08:22,CLEAN_CONTINUATION
42,CAMP-21,CORE,FRESH,SELL,2026.06.11 09:33:00,TREND_DN,GENERAL,DATA_UNAVAILABLE,DATA_UNAVAILABLE,,0.33,4087.19,NOT_CAPTURED_IN_FORENSIC_ROW,NOT_CAPTURED_IN_FORENSIC_ROW,4111.84644,24.65644,813.66,2026.06.11 11:01:16,4111.88,BROKER_SL,,,-814.77,-1.001363,0.161824,FULL_50_DAYS,-0.738957,0.262406,0.01744,True,True,CLEAN_CONTINUATION,2026.06.11 11:06:16,-0.738957,0.262406,0.039746,True,True,CLEAN_CONTINUATION,2026.06.11 11:11:16,-0.738957,0.262406,0.039746,True,True,CLEAN_CONTINUATION,2026.06.11 11:16:16,-0.5893,0.412063,0.039746,True,True,CLEAN_CONTINUATION,2026.06.11 11:21:16,-0.369479,0.631884,0.039746,True,True,CLEAN_CONTINUATION,2026.06.11 11:31:16,0.141543,1.142906,0.039746,True,True,CLEAN_CONTINUATION,2026.06.11 12:01:16,CLEAN_CONTINUATION
44,CAMP-22,CORE,FRESH,SELL,2026.06.11 12:03:00,TREND_DN,GENERAL,A+,EXIT_TRADE_LABEL,M30_CONSENSUS_CORE_1781179200 [A+],0.22,4086.64,NOT_CAPTURED_IN_FORENSIC_ROW,NOT_CAPTURED_IN_FORENSIC_ROW,4119.25776,32.61776,717.59,2026.06.11 15:13:05,4076.92,SL_MOD:OWNER_R_EXIT_FLOOR,4076.85,4.0,213.84,0.297997,0.421242,FULL_50_DAYS,0.335093,0.037096,0.162795,False,False,IMMEDIATE_REVERSAL,2026.06.11 15:18:05,0.718013,0.420017,0.162795,False,False,IMMEDIATE_REVERSAL,2026.06.11 15:23:05,0.767373,0.469376,0.162795,False,False,IMMEDIATE_REVERSAL,2026.06.11 15:28:05,0.864866,0.566869,0.162795,False,False,IMMEDIATE_REVERSAL,2026.06.11 15:33:05,0.885407,0.58741,0.162795,False,False,IMMEDIATE_REVERSAL,2026.06.11 15:43:05,0.885407,0.58741,0.289719,False,False,IMMEDIATE_REVERSAL,2026.06.11 16:13:05,IMMEDIATE_REVERSAL
46,CAMP-23,CORE,FRESH,SELL,2026.06.15 09:33:30,TREND_UP,GENERAL,DATA_UNAVAILABLE,DATA_UNAVAILABLE,,0.22,4306.08,NOT_CAPTURED_IN_FORENSIC_ROW,NOT_CAPTURED_IN_FORENSIC_ROW,4339.54187,33.46187,736.16,2026.06.15 11:33:37,4339.7,BROKER_SL,,,-739.64,-1.004725,0.151217,FULL_50_DAYS,-0.992472,0.012253,0.174826,True,True,IMMEDIATE_REVERSAL,2026.06.15 11:38:37,-0.992472,0.012253,0.174826,True,True,IMMEDIATE_REVERSAL,2026.06.15 11:43:37,-0.992472,0.012253,0.174826,True,True,IMMEDIATE_REVERSAL,2026.06.15 11:48:37,-0.860979,0.143746,0.174826,True,True,IMMEDIATE_REVERSAL,2026.06.15 11:53:37,-0.843945,0.16078,0.174826,True,True,IMMEDIATE_REVERSAL,2026.06.15 12:03:34,-0.843945,0.16078,0.174826,True,True,IMMEDIATE_REVERSAL,2026.06.15 12:33:37,IMMEDIATE_REVERSAL
48,CAMP-24,CORE,FRESH,SELL,2026.06.15 15:03:30,TREND_UP,GENERAL,B,EXIT_TRADE_LABEL,M30_CONSENSUS_CORE_1781535600 [B],0.51,4337.15,NOT_CAPTURED_IN_FORENSIC_ROW,NOT_CAPTURED_IN_FORENSIC_ROW,4350.55923,13.40923,683.87,2026.06.15 15:14:34,4331.66,SL_MOD:OWNER_R_EXIT_FLOOR,4333.13,11.0,279.99,0.40942,0.40942,FULL_50_DAYS,0.929212,0.519791,0.12305,False,False,IMMEDIATE_REVERSAL,2026.06.15 15:19:34,0.929212,0.519791,0.12305,False,False,IMMEDIATE_REVERSAL,2026.06.15 15:24:34,0.929212,0.519791,0.505622,True,False,IMMEDIATE_REVERSAL,2026.06.15 15:29:33,0.929212,0.519791,0.850161,True,False,IMMEDIATE_REVERSAL,2026.06.15 15:34:34,0.929212,0.519791,1.132802,True,False,IMMEDIATE_REVERSAL,2026.06.15 15:44:34,0.929212,0.519791,1.416935,True,True,IMMEDIATE_REVERSAL,2026.06.15 16:14:34,IMMEDIATE_REVERSAL
50,CAMP-25,CORE,FRESH,SELL,2026.06.15 19:33:00,TREND_UP,GENERAL,DATA_UNAVAILABLE,DATA_UNAVAILABLE,,0.26,4339.2,NOT_CAPTURED_IN_FORENSIC_ROW,NOT_CAPTURED_IN_FORENSIC_ROW,4366.50746,27.30746,710.0,2026.06.15 20:15:43,4334.62,PROFIT_CLOSE,,,119.08,0.167719,0.305411,FULL_50_DAYS,0.328848,0.161128,0.013916,False,False,CLEAN_CONTINUATION,2026.06.15 20:20:43,0.368763,0.201044,0.013916,False,False,CLEAN_CONTINUATION,2026.06.15 20:25:43,0.417834,0.250115,0.013916,False,False,CLEAN_CONTINUATION,2026.06.15 20:30:43,0.496201,0.328482,0.013916,False,False,CLEAN_CONTINUATION,2026.06.15 20:35:43,0.655498,0.487779,0.013916,False,False,CLEAN_CONTINUATION,2026.06.15 20:45:43,0.767556,0.599836,0.013916,False,False,CLEAN_CONTINUATION,2026.06.15 21:15:43,CLEAN_CONTINUATION
52,CAMP-26,CORE,FRESH,BUY,2026.06.16 01:33:00,TREND_UP,GENERAL,A+,EXIT_TRADE_LABEL,M30_CONSENSUS_CORE_1781573400 [A+],0.83,4309.34,NOT_CAPTURED_IN_FORENSIC_ROW,NOT_CAPTURED_IN_FORENSIC_ROW,4300.5386,8.8014,730.52,2026.06.16 01:43:55,4313.17,SL_MOD:OWNER_R_EXIT_FLOOR,4312.51,0.0,317.89,0.435158,0.587407,FULL_50_DAYS,0.452201,0.017043,0.217011,False,False,IMMEDIATE_REVERSAL,2026.06.16 01:48:55,0.455609,0.020451,0.301088,False,False,IMMEDIATE_REVERSAL,2026.06.16 01:53:50,0.562411,0.127252,0.301088,False,False,IMMEDIATE_REVERSAL,2026.06.16 01:58:55,0.59536,0.160202,0.301088,False,False,IMMEDIATE_REVERSAL,2026.06.16 02:03:55,0.804417,0.369259,0.301088,False,False,IMMEDIATE_REVERSAL,2026.06.16 02:13:55,1.121413,0.686254,0.301088,False,False,IMMEDIATE_REVERSAL,2026.06.16 02:43:55,IMMEDIATE_REVERSAL
54,CAMP-27,CORE,FRESH,BUY,2026.06.16 02:03:30,TREND_UP,GENERAL,A+,EXIT_TRADE_LABEL,M30_CONSENSUS_CORE_1781575200 [A+],0.73,4313.84,NOT_CAPTURED_IN_FORENSIC_ROW,NOT_CAPTURED_IN_FORENSIC_ROW,4303.3721,10.4679,764.16,2026.06.16 02:35:57,4317.71,SL_MOD:OWNER_R_EXIT_FLOOR,4317.54,12.0,282.51,0.369702,0.512997,FULL_50_DAYS,0.415556,0.045854,0.356327,False,False,IMMEDIATE_REVERSAL,2026.06.16 02:40:57,0.451858,0.082156,0.401227,True,False,IMMEDIATE_REVERSAL,2026.06.16 02:45:57,0.451858,0.082156,0.431796,True,False,IMMEDIATE_REVERSAL,2026.06.16 02:50:57,0.501533,0.131832,0.431796,True,False,IMMEDIATE_REVERSAL,2026.06.16 02:55:57,0.501533,0.131832,0.431796,True,False,IMMEDIATE_REVERSAL,2026.06.16 03:05:57,0.501533,0.131832,1.037457,True,False,IMMEDIATE_REVERSAL,2026.06.16 03:35:57,IMMEDIATE_REVERSAL
56,CAMP-28,CORE,FRESH,BUY,2026.06.16 04:03:30,TREND_UP,GENERAL,DATA_UNAVAILABLE,DATA_UNAVAILABLE,,0.34,4325.1,NOT_CAPTURED_IN_FORENSIC_ROW,NOT_CAPTURED_IN_FORENSIC_ROW,4302.3099,22.7901,774.86,2026.06.16 06:53:27,4329.39,PROFIT_CLOSE,,,145.86,0.18824,0.344448,FULL_50_DAYS,0.354101,0.165861,0.017113,False,False,CLEAN_CONTINUATION,2026.06.16 06:58:27,0.354101,0.165861,0.017113,False,False,CLEAN_CONTINUATION,2026.06.16 07:03:27,0.354101,0.165861,0.050899,False,False,CLEAN_CONTINUATION,2026.06.16 07:08:27,0.354101,0.165861,0.163229,False,False,CLEAN_CONTINUATION,2026.06.16 07:13:27,0.354101,0.165861,0.212373,True,False,CLEAN_CONTINUATION,2026.06.16 07:23:27,0.354101,0.165861,0.358928,True,False,CLEAN_CONTINUATION,2026.06.16 07:53:27,CLEAN_CONTINUATION
58,CAMP-29,CORE,FRESH,BUY,2026.06.16 10:33:00,TREND_UP,GENERAL,DATA_UNAVAILABLE,DATA_UNAVAILABLE,,0.41,4329.52,NOT_CAPTURED_IN_FORENSIC_ROW,NOT_CAPTURED_IN_FORENSIC_ROW,4310.1001,19.4199,796.22,2026.06.16 11:00:31,4332.85,PROFIT_CLOSE,,,136.53,0.171474,0.312051,FULL_50_DAYS,0.312051,0.140577,0.002575,False,False,CLEAN_CONTINUATION,2026.06.16 11:05:31,0.510816,0.339343,0.002575,False,False,CLEAN_CONTINUATION,2026.06.16 11:10:31,0.551496,0.380023,0.002575,False,False,CLEAN_CONTINUATION,2026.06.16 11:15:31,0.639035,0.467562,0.002575,False,False,CLEAN_CONTINUATION,2026.06.16 11:20:31,0.720395,0.548921,0.002575,False,False,CLEAN_CONTINUATION,2026.06.16 11:30:31,0.952116,0.780643,0.002575,False,False,CLEAN_CONTINUATION,2026.06.16 12:00:31,CLEAN_CONTINUATION
60,CAMP-30,CORE,FRESH,BUY,2026.06.16 11:03:00,TREND_UP,GENERAL,A+,EXIT_TRADE_LABEL,M30_CONSENSUS_CORE_1781607600 [A+],0.67,4333.63,NOT_CAPTURED_IN_FORENSIC_ROW,NOT_CAPTURED_IN_FORENSIC_ROW,4321.4098,12.2202,818.75,2026.06.16 11:11:17,4338.43,SL_MOD:OWNER_R_EXIT_FLOOR,4337.94,13.0,321.6,0.392792,0.540089,FULL_50_DAYS,0.529451,0.136659,0.121929,False,False,IMMEDIATE_REVERSAL,2026.06.16 11:16:17,0.679203,0.286411,0.121929,False,False,IMMEDIATE_REVERSAL,2026.06.16 11:21:17,0.708663,0.31587,0.121929,False,False,IMMEDIATE_REVERSAL,2026.06.16 11:26:17,0.808497,0.415705,0.121929,False,False,IMMEDIATE_REVERSAL,2026.06.16 11:31:17,0.808497,0.415705,0.121929,False,False,IMMEDIATE_REVERSAL,2026.06.16 11:41:17,1.198016,0.805224,0.121929,False,False,IMMEDIATE_REVERSAL,2026.06.16 12:11:17,IMMEDIATE_REVERSAL
62,CAMP-31,CORE,FRESH,BUY,2026.06.16 11:33:30,TREND_UP,GENERAL,DATA_UNAVAILABLE,DATA_UNAVAILABLE,,0.4,4341.06,NOT_CAPTURED_IN_FORENSIC_ROW,NOT_CAPTURED_IN_FORENSIC_ROW,4319.90824,21.15176,846.07,2026.06.16 12:04:02,4344.87,PROFIT_CLOSE,,,152.4,0.180127,0.328577,FULL_50_DAYS,0.293592,0.113466,0.03924,False,False,CLEAN_CONTINUATION,2026.06.16 12:09:02,0.34087,0.160743,0.03924,False,False,CLEAN_CONTINUATION,2026.06.16 12:14:02,0.34087,0.160743,0.074226,False,False,CLEAN_CONTINUATION,2026.06.16 12:19:02,0.34087,0.160743,0.230714,True,False,CLEAN_CONTINUATION,2026.06.16 12:24:02,0.34087,0.160743,0.305412,True,False,CLEAN_CONTINUATION,2026.06.16 12:34:02,0.343234,0.163107,0.305412,True,False,CLEAN_CONTINUATION,2026.06.16 13:04:02,CLEAN_CONTINUATION
64,CAMP-32,CORE,FRESH,BUY,2026.06.16 14:03:00,TREND_UP,GENERAL,DATA_UNAVAILABLE,DATA_UNAVAILABLE,,1.24,4347.39,NOT_CAPTURED_IN_FORENSIC_ROW,NOT_CAPTURED_IN_FORENSIC_ROW,4340.39794,6.99206,867.02,2026.06.16 14:09:41,4340.23,BROKER_SL,,,-887.84,-1.024013,0.020023,FULL_50_DAYS,-0.702219,0.321794,0.101544,True,True,IMMEDIATE_REVERSAL,2026.06.16 14:14:41,-0.702219,0.321794,0.215959,True,True,IMMEDIATE_REVERSAL,2026.06.16 14:19:41,-0.702219,0.321794,0.215959,True,True,IMMEDIATE_REVERSAL,2026.06.16 14:24:41,-0.56492,0.459092,0.215959,True,True,IMMEDIATE_REVERSAL,2026.06.16 14:29:41,-0.56492,0.459092,0.730829,True,True,IMMEDIATE_REVERSAL,2026.06.16 14:39:41,-0.336089,0.687923,0.730829,True,True,IMMEDIATE_REVERSAL,2026.06.16 15:09:41,IMMEDIATE_REVERSAL
66,CAMP-33,CORE,FRESH,SELL,2026.06.16 17:03:00,TREND_UP,GENERAL,B,EXIT_TRADE_LABEL,M30_CONSENSUS_CORE_1781629200 [B],0.31,4335.39,NOT_CAPTURED_IN_FORENSIC_ROW,NOT_CAPTURED_IN_FORENSIC_ROW,4360.04936,24.65936,764.44,2026.06.16 17:21:17,4325.55,SL_MOD:OWNER_R_EXIT_FLOOR,4326.19,13.0,305.04,0.399036,0.557597,FULL_50_DAYS,0.495552,0.096515,0.02352,False,False,NO_DECISIVE_0.10R_MOVE,2026.06.16 17:26:17,0.782258,0.383222,0.02352,False,False,CLEAN_CONTINUATION,2026.06.16 17:31:17,0.888911,0.489875,0.02352,False,False,CLEAN_CONTINUATION,2026.06.16 17:36:17,0.888911,0.489875,0.036092,False,False,CLEAN_CONTINUATION,2026.06.16 17:41:17,0.888911,0.489875,0.120441,False,False,CLEAN_CONTINUATION,2026.06.16 17:51:17,0.888911,0.489875,0.131796,False,False,CLEAN_CONTINUATION,2026.06.16 18:21:17,CLEAN_CONTINUATION
68,CAMP-34,CORE,FRESH,BUY,2026.06.16 19:03:00,TREND_UP,GENERAL,DATA_UNAVAILABLE,DATA_UNAVAILABLE,,0.4,4337.71,NOT_CAPTURED_IN_FORENSIC_ROW,NOT_CAPTURED_IN_FORENSIC_ROW,4317.41963,20.29037,811.62,2026.06.16 19:11:14,4341.07,PROFIT_CLOSE,,,134.4,0.165596,0.316406,FULL_50_DAYS,0.458838,0.293243,-0.0,False,False,CLEAN_CONTINUATION,2026.06.16 19:16:14,0.458838,0.293243,-0.0,False,False,CLEAN_CONTINUATION,2026.06.16 19:21:14,0.458838,0.293243,-0.0,False,False,CLEAN_CONTINUATION,2026.06.16 19:26:14,0.458838,0.293243,-0.0,False,False,CLEAN_CONTINUATION,2026.06.16 19:31:14,0.458838,0.293243,0.046327,False,False,CLEAN_CONTINUATION,2026.06.16 19:41:14,0.458838,0.293243,0.215866,True,False,CLEAN_CONTINUATION,2026.06.16 20:11:14,CLEAN_CONTINUATION
70,CAMP-35,CORE,FRESH,BUY,2026.06.16 19:33:30,TREND_UP,GENERAL,A+,EXIT_TRADE_LABEL,M30_CONSENSUS_CORE_1781638200 [A+],0.31,4342.42,NOT_CAPTURED_IN_FORENSIC_ROW,NOT_CAPTURED_IN_FORENSIC_ROW,4316.51247,25.90753,803.13,2026.06.17 17:24:48,4356.39,SL_MOD:OWNER_R_EXIT_FLOOR,4355.78,13.0,429.16,0.534358,0.756687,FULL_50_DAYS,0.706508,0.172151,0.045933,False,False,CLEAN_CONTINUATION,2026.06.17 17:29:48,0.834656,0.300299,0.045933,False,False,CLEAN_CONTINUATION,2026.06.17 17:34:48,0.834656,0.300299,0.224259,False,False,CLEAN_CONTINUATION,2026.06.17 17:39:48,0.834656,0.300299,0.345459,False,False,CLEAN_CONTINUATION,2026.06.17 17:44:48,0.834656,0.300299,0.9862,True,False,CLEAN_CONTINUATION,2026.06.17 17:54:48,0.834656,0.300299,0.9862,True,False,CLEAN_CONTINUATION,2026.06.17 18:24:48,CLEAN_CONTINUATION
72,CAMP-36,CORE,FRESH,BUY,2026.06.18 02:33:00,TREND_DN,GENERAL,B,EXIT_TRADE_LABEL,M30_CONSENSUS_CORE_1781749800 [B],0.32,4280.39,NOT_CAPTURED_IN_FORENSIC_ROW,NOT_CAPTURED_IN_FORENSIC_ROW,4253.94783,26.44217,846.15,2026.06.18 03:03:33,4291.04,SL_MOD:OWNER_R_EXIT_FLOOR,4288.32,17.0,340.8,0.402765,0.402765,FULL_50_DAYS,0.686403,0.283638,0.06656,False,False,CLEAN_CONTINUATION,2026.06.18 03:08:33,0.686403,0.283638,0.06656,False,False,CLEAN_CONTINUATION,2026.06.18 03:13:33,0.746156,0.343391,0.06656,False,False,CLEAN_CONTINUATION,2026.06.18 03:18:33,0.792295,0.389529,0.06656,False,False,CLEAN_CONTINUATION,2026.06.18 03:23:33,1.088034,0.685269,0.06656,False,False,CLEAN_CONTINUATION,2026.06.18 03:33:33,1.715063,1.312298,0.06656,False,False,CLEAN_CONTINUATION,2026.06.18 04:03:33,CLEAN_CONTINUATION
74,CAMP-37,CORE,FRESH,BUY,2026.06.18 04:33:30,TREND_DN,GENERAL,DATA_UNAVAILABLE,DATA_UNAVAILABLE,,0.53,4319.43,NOT_CAPTURED_IN_FORENSIC_ROW,NOT_CAPTURED_IN_FORENSIC_ROW,4302.67076,16.75924,888.24,2026.06.18 04:44:26,4322.53,PROFIT_CLOSE,,,164.3,0.184973,0.340112,FULL_50_DAYS,0.39799,0.213017,0.176022,False,False,IMMEDIATE_REVERSAL,2026.06.18 04:49:26,0.39799,0.213017,0.31147,True,False,IMMEDIATE_REVERSAL,2026.06.18 04:54:26,0.39799,0.213017,0.31147,True,False,IMMEDIATE_REVERSAL,2026.06.18 04:59:26,0.39799,0.213017,0.369348,True,False,IMMEDIATE_REVERSAL,2026.06.18 05:04:26,0.625327,0.440354,0.369348,True,False,IMMEDIATE_REVERSAL,2026.06.18 05:14:26,0.625327,0.440354,0.378895,True,False,IMMEDIATE_REVERSAL,2026.06.18 05:44:26,IMMEDIATE_REVERSAL
76,CAMP-38,CORE,FRESH,SELL,2026.06.18 09:03:00,TREND_DN,GENERAL,A+,EXIT_TRADE_LABEL,M30_CONSENSUS_CORE_1781773200 [A+],0.41,4307.41,NOT_CAPTURED_IN_FORENSIC_ROW,NOT_CAPTURED_IN_FORENSIC_ROW,4329.36961,21.95961,900.34,2026.06.18 09:09:10,4300.54,SL_MOD:OWNER_R_EXIT_FLOOR,4300.82,13.0,281.67,0.312847,0.491812,FULL_50_DAYS,0.50092,0.188073,0.044172,False,False,CLEAN_CONTINUATION,2026.06.18 09:14:10,0.50092,0.188073,0.085156,False,False,CLEAN_CONTINUATION,2026.06.18 09:19:10,0.50092,0.188073,0.226325,False,False,CLEAN_CONTINUATION,2026.06.18 09:24:10,0.50092,0.188073,0.226325,False,False,CLEAN_CONTINUATION,2026.06.18 09:29:10,0.50092,0.188073,0.231334,False,False,CLEAN_CONTINUATION,2026.06.18 09:39:10,0.50092,0.188073,0.330607,True,False,CLEAN_CONTINUATION,2026.06.18 10:09:10,CLEAN_CONTINUATION
78,CAMP-39,CORE,FRESH,SELL,2026.06.18 09:33:00,TREND_DN,GENERAL,DATA_UNAVAILABLE,DATA_UNAVAILABLE,,0.35,4303.71,NOT_CAPTURED_IN_FORENSIC_ROW,NOT_CAPTURED_IN_FORENSIC_ROW,4330.25194,26.54194,928.97,2026.06.18 10:44:16,4298.06,PROFIT_CLOSE,,,197.75,0.212871,0.387312,FULL_50_DAYS,0.319871,0.107,0.032402,False,False,CLEAN_CONTINUATION,2026.06.18 10:49:16,0.438552,0.225681,0.032402,False,False,CLEAN_CONTINUATION,2026.06.18 10:54:16,0.604704,0.391833,0.032402,False,False,CLEAN_CONTINUATION,2026.06.18 10:59:16,0.677795,0.464925,0.032402,False,False,CLEAN_CONTINUATION,2026.06.18 11:04:16,0.712458,0.499587,0.032402,False,False,CLEAN_CONTINUATION,2026.06.18 11:14:16,0.850353,0.637482,0.032402,False,False,CLEAN_CONTINUATION,2026.06.18 11:44:16,CLEAN_CONTINUATION
80,CAMP-40,CORE,FRESH,SELL,2026.06.18 11:03:00,TREND_DN,GENERAL,DATA_UNAVAILABLE,DATA_UNAVAILABLE,,0.43,4291.97,NOT_CAPTURED_IN_FORENSIC_ROW,NOT_CAPTURED_IN_FORENSIC_ROW,4314.40533,22.43533,964.72,2026.06.18 11:14:57,4287.77,PROFIT_CLOSE,,,180.6,0.187205,0.342763,FULL_50_DAYS,0.261641,0.074436,0.105191,False,False,IMMEDIATE_REVERSAL,2026.06.18 11:19:57,0.263424,0.076219,0.105191,False,False,IMMEDIATE_REVERSAL,2026.06.18 11:24:57,0.350786,0.163581,0.105191,False,False,IMMEDIATE_REVERSAL,2026.06.18 11:29:57,0.37441,0.187205,0.105191,False,False,IMMEDIATE_REVERSAL,2026.06.18 11:34:57,0.482721,0.295516,0.105191,False,False,IMMEDIATE_REVERSAL,2026.06.18 11:44:57,1.43702,1.249815,0.105191,False,False,IMMEDIATE_REVERSAL,2026.06.18 12:14:57,IMMEDIATE_REVERSAL
82,CAMP-41,CORE,FRESH,SELL,2026.06.18 11:33:00,TREND_DN,GENERAL,DATA_UNAVAILABLE,DATA_UNAVAILABLE,,0.38,4288.92,NOT_CAPTURED_IN_FORENSIC_ROW,NOT_CAPTURED_IN_FORENSIC_ROW,4314.79007,25.87007,983.06,2026.06.18 11:36:25,4284.65,PROFIT_CLOSE,,,162.26,0.165055,0.300733,FULL_50_DAYS,0.255507,0.090452,0.142636,False,False,IMMEDIATE_REVERSAL,2026.06.18 11:41:25,0.44105,0.275995,0.142636,False,False,IMMEDIATE_REVERSAL,2026.06.18 11:46:25,0.486276,0.321221,0.142636,False,False,IMMEDIATE_REVERSAL,2026.06.18 11:51:25,0.61345,0.448395,0.142636,False,False,IMMEDIATE_REVERSAL,2026.06.18 11:56:25,1.057206,0.892151,0.142636,False,False,IMMEDIATE_REVERSAL,2026.06.18 12:06:25,1.128331,0.963275,0.142636,False,False,IMMEDIATE_REVERSAL,2026.06.18 12:36:25,IMMEDIATE_REVERSAL
84,CAMP-42,CORE,FRESH,SELL,2026.06.18 14:33:30,TREND_DN,GENERAL,DATA_UNAVAILABLE,DATA_UNAVAILABLE,,0.31,4247.67,NOT_CAPTURED_IN_FORENSIC_ROW,NOT_CAPTURED_IN_FORENSIC_ROW,4279.13859,31.46859,975.53,2026.06.18 17:16:19,4242.03,PROFIT_CLOSE,,,174.84,0.179226,0.326675,FULL_50_DAYS,0.181451,0.002224,0.270746,True,False,IMMEDIATE_REVERSAL,2026.06.18 17:21:19,0.181451,0.002224,0.448066,True,False,IMMEDIATE_REVERSAL,2026.06.18 17:26:19,0.191302,0.012076,0.448066,True,False,IMMEDIATE_REVERSAL,2026.06.18 17:31:19,0.191302,0.012076,0.448066,True,False,IMMEDIATE_REVERSAL,2026.06.18 17:36:19,0.201153,0.021927,0.448066,True,False,IMMEDIATE_REVERSAL,2026.06.18 17:46:19,0.230071,0.050844,0.448066,True,False,IMMEDIATE_REVERSAL,2026.06.18 18:16:19,IMMEDIATE_REVERSAL
86,CAMP-43,CORE,FRESH,SELL,2026.06.19 14:03:30,TREND_DN,GENERAL,DATA_UNAVAILABLE,DATA_UNAVAILABLE,,0.43,4148.28,NOT_CAPTURED_IN_FORENSIC_ROW,NOT_CAPTURED_IN_FORENSIC_ROW,4171.96941,23.68941,1018.64,2026.06.19 15:53:06,4171.99,BROKER_SL,,,-1019.53,-1.00087,0.264253,FULL_50_DAYS,-0.89787,0.103,0.257499,True,True,CLEAN_CONTINUATION,2026.06.19 15:58:06,-0.886895,0.113975,0.413687,True,True,CLEAN_CONTINUATION,2026.06.19 16:03:06,-0.691449,0.309421,0.413687,True,True,CLEAN_CONTINUATION,2026.06.19 16:08:06,-0.691449,0.309421,0.468564,True,True,CLEAN_CONTINUATION,2026.06.19 16:13:06,-0.584228,0.416642,0.468564,True,True,CLEAN_CONTINUATION,2026.06.19 16:23:06,-0.281561,0.719309,0.468564,True,True,CLEAN_CONTINUATION,2026.06.19 16:53:06,CLEAN_CONTINUATION
88,CAMP-44,CORE,FRESH,BUY,2026.06.19 18:33:00,TREND_DN,GENERAL,A,EXIT_TRADE_LABEL,M30_CONSENSUS_CORE_1781893800 [A],0.72,4152.05,NOT_CAPTURED_IN_FORENSIC_ROW,NOT_CAPTURED_IN_FORENSIC_ROW,4139.31873,12.73127,916.65,2026.06.19 19:48:24,4157.33,SL_MOD:OWNER_R_EXIT_FLOOR,4155.87,5.0,380.16,0.414726,0.414726,FULL_50_DAYS,0.458712,0.043986,0.32754,False,False,IMMEDIATE_REVERSAL,2026.06.19 19:53:24,0.458712,0.043986,0.483063,True,False,IMMEDIATE_REVERSAL,2026.06.19 19:58:24,0.458712,0.043986,0.483063,True,False,IMMEDIATE_REVERSAL,2026.06.19 19:59:59,0.458712,0.043986,0.483063,True,False,IMMEDIATE_REVERSAL,2026.06.19 19:59:59,0.458712,0.043986,0.483063,True,False,IMMEDIATE_REVERSAL,2026.06.19 19:59:59,0.458712,0.043986,0.483063,True,False,IMMEDIATE_REVERSAL,2026.06.19 19:59:59,IMMEDIATE_REVERSAL
90,CAMP-45,CORE,FRESH,BUY,2026.06.22 03:33:30,TREND_DN,GENERAL,B,EXIT_TRADE_LABEL,M30_CONSENSUS_CORE_1782099000 [B],0.24,4167.38,NOT_CAPTURED_IN_FORENSIC_ROW,NOT_CAPTURED_IN_FORENSIC_ROW,4128.80729,38.57271,925.74,2026.06.22 04:00:04,4205.97,SL_MOD:OWNER_R_EXIT_FLOOR,4194.38,2.0,926.16,1.000449,1.000449,FULL_50_DAYS,1.387769,0.38732,0.087367,False,False,CLEAN_CONTINUATION,2026.06.22 04:05:04,1.387769,0.38732,0.087367,False,False,CLEAN_CONTINUATION,2026.06.22 04:10:04,1.387769,0.38732,0.087367,False,False,CLEAN_CONTINUATION,2026.06.22 04:15:04,1.387769,0.38732,0.087367,False,False,CLEAN_CONTINUATION,2026.06.22 04:20:04,1.387769,0.38732,0.087367,False,False,CLEAN_CONTINUATION,2026.06.22 04:30:04,1.387769,0.38732,0.424393,False,False,CLEAN_CONTINUATION,2026.06.22 05:00:04,CLEAN_CONTINUATION
92,CAMP-46,CORE,FRESH,BUY,2026.06.22 04:33:00,TREND_DN,GENERAL,DATA_UNAVAILABLE,DATA_UNAVAILABLE,,0.13,4198.28,NOT_CAPTURED_IN_FORENSIC_ROW,NOT_CAPTURED_IN_FORENSIC_ROW,4122.08999,76.19001,990.47,2026.06.23 07:59:06,4122.04,BROKER_SL,,,-992.76,-1.002312,0.223914,FULL_50_DAYS,-0.871192,0.13112,0.095682,True,True,CLEAN_CONTINUATION,2026.06.23 08:04:06,-0.799923,0.202389,0.095682,True,True,CLEAN_CONTINUATION,2026.06.23 08:09:06,-0.799923,0.202389,0.095682,True,True,CLEAN_CONTINUATION,2026.06.23 08:14:06,-0.799923,0.202389,0.095682,True,True,CLEAN_CONTINUATION,2026.06.23 08:19:06,-0.799923,0.202389,0.095682,True,True,CLEAN_CONTINUATION,2026.06.23 08:29:06,-0.799923,0.202389,0.095682,True,True,CLEAN_CONTINUATION,2026.06.23 08:59:06,CLEAN_CONTINUATION
94,CAMP-47,CORE,FRESH,SELL,2026.06.23 20:03:00,TREND_DN,GENERAL,DATA_UNAVAILABLE,DATA_UNAVAILABLE,,0.64,4132.59,NOT_CAPTURED_IN_FORENSIC_ROW,NOT_CAPTURED_IN_FORENSIC_ROW,4147.38,14.79,946.56,2026.06.23 20:34:57,4130.13,PROFIT_CLOSE,,,157.44,0.166329,0.314402,FULL_50_DAYS,0.24476,0.078431,0.066261,False,False,NO_DECISIVE_0.10R_MOVE,2026.06.23 20:39:57,0.24476,0.078431,0.160243,False,False,IMMEDIATE_REVERSAL,2026.06.23 20:44:57,0.24476,0.078431,0.214334,True,False,IMMEDIATE_REVERSAL,2026.06.23 20:49:57,0.281947,0.115619,0.214334,True,False,IMMEDIATE_REVERSAL,2026.06.23 20:54:57,0.400947,0.234618,0.214334,True,False,IMMEDIATE_REVERSAL,2026.06.23 21:04:57,0.866126,0.699797,0.214334,True,False,IMMEDIATE_REVERSAL,2026.06.23 21:34:57,IMMEDIATE_REVERSAL
96,CAMP-48,CORE,FRESH,SELL,2026.06.23 21:33:30,TREND_DN,GENERAL,A+,EXIT_TRADE_LABEL,M30_CONSENSUS_CORE_1782250200 [A+],0.66,4121.99,NOT_CAPTURED_IN_FORENSIC_ROW,NOT_CAPTURED_IN_FORENSIC_ROW,4136.39047,14.40047,950.43,2026.06.23 21:48:40,4115.49,SL_MOD:OWNER_R_EXIT_FLOOR,4115.91,0.0,429.0,0.451373,0.622895,FULL_50_DAYS,0.531232,0.079858,0.138884,False,False,IMMEDIATE_REVERSAL,2026.06.23 21:53:40,0.540259,0.088886,0.138884,False,False,IMMEDIATE_REVERSAL,2026.06.23 21:58:40,0.540259,0.088886,0.547204,True,False,IMMEDIATE_REVERSAL,2026.06.23 22:03:40,0.540259,0.088886,0.745809,True,False,IMMEDIATE_REVERSAL,2026.06.23 22:08:40,0.540259,0.088886,0.745809,True,False,IMMEDIATE_REVERSAL,2026.06.23 22:18:40,0.540259,0.088886,0.745809,True,False,IMMEDIATE_REVERSAL,2026.06.23 22:48:40,IMMEDIATE_REVERSAL
98,CAMP-49,CORE,FRESH,SELL,2026.06.23 22:03:30,TREND_DN,GENERAL,DATA_UNAVAILABLE,DATA_UNAVAILABLE,,0.73,4122.61,NOT_CAPTURED_IN_FORENSIC_ROW,NOT_CAPTURED_IN_FORENSIC_ROW,4136.24834,13.63834,995.6,2026.06.23 22:22:34,4119.85,PROFIT_CLOSE,,,201.48,0.202371,0.368081,FULL_50_DAYS,0.295491,0.09312,0.197238,False,False,IMMEDIATE_REVERSAL,2026.06.23 22:27:34,0.295491,0.09312,0.267628,True,False,IMMEDIATE_REVERSAL,2026.06.23 22:32:34,0.295491,0.09312,0.338751,True,False,IMMEDIATE_REVERSAL,2026.06.23 22:37:34,0.295491,0.09312,0.338751,True,False,IMMEDIATE_REVERSAL,2026.06.23 22:42:34,0.544055,0.341684,0.338751,True,False,IMMEDIATE_REVERSAL,2026.06.23 22:52:34,0.790419,0.588048,0.338751,True,False,IMMEDIATE_REVERSAL,2026.06.23 22:59:59,IMMEDIATE_REVERSAL
100,CAMP-50,CORE,FRESH,SELL,2026.06.25 14:33:30,TREND_DN,GENERAL,A+,EXIT_TRADE_LABEL,M30_CONSENSUS_CORE_1782397800 [A+],1.09,3979.17,NOT_CAPTURED_IN_FORENSIC_ROW,NOT_CAPTURED_IN_FORENSIC_ROW,3988.5903,9.4203,1026.81,2026.06.25 14:36:27,3976.12,SL_MOD:OWNER_R_EXIT_FLOOR,3976.34,13.0,332.45,0.323769,0.442661,FULL_50_DAYS,0.564738,0.240969,0.917168,True,False,CLEAN_CONTINUATION,2026.06.25 14:41:27,0.564738,0.240969,1.255799,True,False,CLEAN_CONTINUATION,2026.06.25 14:46:27,0.564738,0.240969,1.255799,True,False,CLEAN_CONTINUATION,2026.06.25 14:51:27,0.564738,0.240969,1.255799,True,False,CLEAN_CONTINUATION,2026.06.25 14:56:27,0.564738,0.240969,1.255799,True,False,CLEAN_CONTINUATION,2026.06.25 15:06:27,0.564738,0.240969,3.838519,True,True,CLEAN_CONTINUATION,2026.06.25 15:36:27,CLEAN_CONTINUATION
102,CAMP-51,CORE,FRESH,SELL,2026.06.25 17:03:00,TREND_DN,GENERAL,DATA_UNAVAILABLE,DATA_UNAVAILABLE,,0.3,4007.47,NOT_CAPTURED_IN_FORENSIC_ROW,NOT_CAPTURED_IN_FORENSIC_ROW,4041.91081,34.44081,1033.22,2026.06.25 18:56:25,4042.04,BROKER_SL,,,-1037.1,-1.003751,0.066491,FULL_50_DAYS,-0.895159,0.108592,0.029035,True,True,CLEAN_CONTINUATION,2026.06.25 19:01:25,-0.799923,0.203828,0.029035,True,True,CLEAN_CONTINUATION,2026.06.25 19:06:25,-0.762178,0.241574,0.029035,True,True,CLEAN_CONTINUATION,2026.06.25 19:11:25,-0.762178,0.241574,0.029035,True,True,CLEAN_CONTINUATION,2026.06.25 19:16:25,-0.762178,0.241574,0.063007,True,True,CLEAN_CONTINUATION,2026.06.25 19:26:25,-0.479954,0.523797,0.063007,True,True,CLEAN_CONTINUATION,2026.06.25 19:56:25,CLEAN_CONTINUATION
104,CAMP-52,CORE,FRESH,BUY,2026.06.26 07:03:00,TREND_DN,GENERAL,A,EXIT_TRADE_LABEL,M30_CONSENSUS_CORE_1782457200 [A],0.66,4003.42,NOT_CAPTURED_IN_FORENSIC_ROW,NOT_CAPTURED_IN_FORENSIC_ROW,3989.01169,14.40831,950.95,2026.06.26 07:14:10,4009.27,SL_MOD:OWNER_R_EXIT_FLOOR,4007.74,17.0,386.1,0.406016,0.406016,FULL_50_DAYS,0.596878,0.190862,0.172817,False,False,IMMEDIATE_REVERSAL,2026.06.26 07:19:10,0.596878,0.190862,0.172817,False,False,IMMEDIATE_REVERSAL,2026.06.26 07:24:10,0.596878,0.190862,0.229034,False,False,IMMEDIATE_REVERSAL,2026.06.26 07:29:10,0.596878,0.190862,0.268595,False,False,IMMEDIATE_REVERSAL,2026.06.26 07:34:10,0.596878,0.190862,0.525391,True,False,IMMEDIATE_REVERSAL,2026.06.26 07:44:10,0.823136,0.41712,0.525391,True,False,IMMEDIATE_REVERSAL,2026.06.26 08:14:10,IMMEDIATE_REVERSAL
106,CAMP-53,CORE,FRESH,BUY,2026.06.26 07:33:00,TREND_DN,GENERAL,A,EXIT_TRADE_LABEL,M30_CONSENSUS_CORE_1782459000 [A],0.56,4006.02,NOT_CAPTURED_IN_FORENSIC_ROW,NOT_CAPTURED_IN_FORENSIC_ROW,3988.53913,17.48087,978.93,2026.06.26 07:56:31,4012.56,SL_MOD:OWNER_R_EXIT_FLOOR,4012.21,17.0,366.24,0.374123,0.529721,FULL_50_DAYS,0.455354,0.081232,0.099537,False,False,NO_DECISIVE_0.10R_MOVE,2026.06.26 08:01:31,0.455354,0.081232,0.348953,False,False,IMMEDIATE_REVERSAL,2026.06.26 08:06:31,0.525717,0.151594,0.348953,False,False,IMMEDIATE_REVERSAL,2026.06.26 08:11:31,0.756827,0.382704,0.348953,False,False,IMMEDIATE_REVERSAL,2026.06.26 08:16:31,0.756827,0.382704,0.348953,False,False,IMMEDIATE_REVERSAL,2026.06.26 08:26:31,0.892975,0.518853,0.391285,True,False,IMMEDIATE_REVERSAL,2026.06.26 08:56:31,IMMEDIATE_REVERSAL
108,CAMP-54,CORE,FRESH,BUY,2026.06.26 08:03:30,TREND_DN,GENERAL,A,EXIT_TRADE_LABEL,M30_CONSENSUS_CORE_1782460800 [A],0.78,4011.51,NOT_CAPTURED_IN_FORENSIC_ROW,NOT_CAPTURED_IN_FORENSIC_ROW,3998.41834,13.09166,1021.15,2026.06.26 08:17:02,4017.09,SL_MOD:OWNER_R_EXIT_FLOOR,4016.61,4.0,435.24,0.426224,0.591214,FULL_50_DAYS,0.426224,0.0,0.346022,False,False,IMMEDIATE_REVERSAL,2026.06.26 08:22:02,0.426224,0.0,0.399491,False,False,IMMEDIATE_REVERSAL,2026.06.26 08:27:02,0.77301,0.346786,0.399491,False,False,IMMEDIATE_REVERSAL,2026.06.26 08:32:02,0.77301,0.346786,0.399491,False,False,IMMEDIATE_REVERSAL,2026.06.26 08:37:02,0.77301,0.346786,0.735583,True,False,IMMEDIATE_REVERSAL,2026.06.26 08:47:02,0.77301,0.346786,0.868492,True,False,IMMEDIATE_REVERSAL,2026.06.26 09:17:02,IMMEDIATE_REVERSAL
110,CAMP-55,CORE,FRESH,BUY,2026.06.26 08:33:30,TREND_DN,GENERAL,A+,EXIT_TRADE_LABEL,M30_CONSENSUS_CORE_1782462600 [A+],0.73,4017.58,NOT_CAPTURED_IN_FORENSIC_ROW,NOT_CAPTURED_IN_FORENSIC_ROW,4003.01097,14.56903,1063.54,2026.06.26 09:22:24,4023.47,SL_MOD:OWNER_R_EXIT_FLOOR,4021.95,8.0,429.97,0.404283,0.404283,FULL_50_DAYS,0.503809,0.099526,0.256709,False,False,IMMEDIATE_REVERSAL,2026.06.26 09:27:24,0.521655,0.117372,0.256709,False,False,IMMEDIATE_REVERSAL,2026.06.26 09:32:24,0.695311,0.291028,0.256709,False,False,IMMEDIATE_REVERSAL,2026.06.26 09:37:24,0.695311,0.291028,0.256709,False,False,IMMEDIATE_REVERSAL,2026.06.26 09:42:24,0.744045,0.339762,0.256709,False,False,IMMEDIATE_REVERSAL,2026.06.26 09:52:24,1.121558,0.717275,0.256709,False,False,IMMEDIATE_REVERSAL,2026.06.26 10:22:24,IMMEDIATE_REVERSAL
112,CAMP-56,CORE,FRESH,BUY,2026.06.26 09:33:30,TREND_DN,GENERAL,A+,EXIT_TRADE_LABEL,M30_CONSENSUS_CORE_1782466200 [A+],0.42,4026.65,NOT_CAPTURED_IN_FORENSIC_ROW,NOT_CAPTURED_IN_FORENSIC_ROW,4000.08603,26.56397,1115.69,2026.06.26 10:37:26,4034.9,SL_MOD:OWNER_R_EXIT_FLOOR,4034.62,13.0,346.5,0.310571,0.49616,FULL_50_DAYS,0.368168,0.057597,0.059103,False,False,NO_DECISIVE_0.10R_MOVE,2026.06.26 10:42:26,0.368168,0.057597,0.211941,False,False,IMMEDIATE_REVERSAL,2026.06.26 10:47:26,0.368168,0.057597,0.264644,False,False,IMMEDIATE_REVERSAL,2026.06.26 10:52:26,0.368168,0.057597,0.264644,False,False,IMMEDIATE_REVERSAL,2026.06.26 10:57:26,0.368168,0.057597,0.341816,True,False,IMMEDIATE_REVERSAL,2026.06.26 11:07:26,0.368168,0.057597,0.341816,True,False,IMMEDIATE_REVERSAL,2026.06.26 11:37:26,IMMEDIATE_REVERSAL
114,CAMP-57,CORE,FRESH,SELL,2026.06.29 01:33:30,TREND_UP,GENERAL,DATA_UNAVAILABLE,DATA_UNAVAILABLE,,0.36,4060.67,NOT_CAPTURED_IN_FORENSIC_ROW,NOT_CAPTURED_IN_FORENSIC_ROW,4091.84951,31.17951,1122.46,2026.06.29 03:33:55,4054.01,PROFIT_CLOSE,,,239.76,0.213602,0.392886,FULL_50_DAYS,0.237656,0.024054,0.240543,True,False,IMMEDIATE_REVERSAL,2026.06.29 03:38:55,0.237656,0.024054,0.466653,True,False,IMMEDIATE_REVERSAL,2026.06.29 03:43:55,0.237656,0.024054,0.517648,True,False,IMMEDIATE_REVERSAL,2026.06.29 03:48:55,0.237656,0.024054,0.517648,True,False,IMMEDIATE_REVERSAL,2026.06.29 03:53:55,0.237656,0.024054,0.654276,True,False,IMMEDIATE_REVERSAL,2026.06.29 04:03:55,0.237656,0.024054,0.665501,True,False,IMMEDIATE_REVERSAL,2026.06.29 04:33:55,IMMEDIATE_REVERSAL
116,CAMP-58,CORE,FRESH,SELL,2026.06.30 12:03:00,TREND_DN,GENERAL,DATA_UNAVAILABLE,DATA_UNAVAILABLE,,0.86,4016.73,NOT_CAPTURED_IN_FORENSIC_ROW,NOT_CAPTURED_IN_FORENSIC_ROW,4030.38857,13.65857,1174.64,2026.06.30 12:37:07,4014.47,PROFIT_CLOSE,,,194.36,0.165464,0.300909,FULL_50_DAYS,0.174249,0.008786,0.243803,True,False,IMMEDIATE_REVERSAL,2026.06.30 12:42:07,0.174249,0.008786,0.452463,True,False,IMMEDIATE_REVERSAL,2026.06.30 12:47:07,0.174249,0.008786,0.452463,True,False,IMMEDIATE_REVERSAL,2026.06.30 12:52:07,0.174249,0.008786,0.634034,True,False,IMMEDIATE_REVERSAL,2026.06.30 12:57:07,0.174249,0.008786,0.896873,True,False,IMMEDIATE_REVERSAL,2026.06.30 13:07:07,0.174249,0.008786,1.053551,True,False,IMMEDIATE_REVERSAL,2026.06.30 13:37:07,IMMEDIATE_REVERSAL
118,CAMP-59,CORE,FRESH,SELL,2026.06.30 15:33:00,TREND_DN,GENERAL,A+,EXIT_TRADE_LABEL,M30_CONSENSUS_CORE_1782833400 [A+],0.5,4018.53,NOT_CAPTURED_IN_FORENSIC_ROW,NOT_CAPTURED_IN_FORENSIC_ROW,4042.02604,23.49604,1174.8,2026.06.30 15:59:19,4011.34,SL_MOD:OWNER_R_EXIT_FLOOR,4011.48,5.0,359.5,0.30601,0.412411,FULL_50_DAYS,0.379639,0.073629,0.300051,False,False,IMMEDIATE_REVERSAL,2026.06.30 16:04:19,0.379639,0.073629,0.458375,True,False,IMMEDIATE_REVERSAL,2026.06.30 16:09:19,0.379639,0.073629,0.628191,True,False,IMMEDIATE_REVERSAL,2026.06.30 16:14:19,0.379639,0.073629,0.749488,True,False,IMMEDIATE_REVERSAL,2026.06.30 16:19:19,0.379639,0.073629,0.940584,True,False,IMMEDIATE_REVERSAL,2026.06.30 16:29:19,0.379639,0.073629,0.940584,True,False,IMMEDIATE_REVERSAL,2026.06.30 16:59:19,IMMEDIATE_REVERSAL
120,CAMP-60,CORE,FRESH,SELL,2026.06.30 16:03:30,TREND_DN,GENERAL,DATA_UNAVAILABLE,DATA_UNAVAILABLE,,0.45,4015.38,NOT_CAPTURED_IN_FORENSIC_ROW,NOT_CAPTURED_IN_FORENSIC_ROW,4042.76546,27.38546,1232.35,2026.06.30 17:09:45,4042.94,BROKER_SL,,,-1240.2,-1.006372,0.076683,FULL_50_DAYS,-0.792755,0.213617,0.210696,True,True,IMMEDIATE_REVERSAL,2026.06.30 17:14:45,-0.792755,0.213617,0.237717,True,True,IMMEDIATE_REVERSAL,2026.06.30 17:19:45,-0.792755,0.213617,0.75551,True,True,IMMEDIATE_REVERSAL,2026.06.30 17:24:45,-0.792755,0.213617,0.759162,True,True,IMMEDIATE_REVERSAL,2026.06.30 17:29:45,-0.792755,0.213617,0.759162,True,True,IMMEDIATE_REVERSAL,2026.06.30 17:39:45,-0.623322,0.38305,0.759162,True,True,IMMEDIATE_REVERSAL,2026.06.30 18:09:45,IMMEDIATE_REVERSAL
122,CAMP-61,CORE,FRESH,SELL,2026.06.30 18:02:53,TREND_UP,GENERAL,DATA_UNAVAILABLE,DATA_UNAVAILABLE,,0.31,4035.92,NOT_CAPTURED_IN_FORENSIC_ROW,NOT_CAPTURED_IN_FORENSIC_ROW,4071.1835,35.2635,1093.17,2026.06.30 18:24:29,4028.6,PROFIT_CLOSE,,,226.92,0.20758,0.383683,FULL_50_DAYS,0.254938,0.047358,0.063805,False,False,NO_DECISIVE_0.10R_MOVE,2026.06.30 18:29:29,0.254938,0.047358,0.081671,False,False,NO_DECISIVE_0.10R_MOVE,2026.06.30 18:34:29,0.254938,0.047358,0.086208,False,False,NO_DECISIVE_0.10R_MOVE,2026.06.30 18:39:29,0.254938,0.047358,0.086208,False,False,NO_DECISIVE_0.10R_MOVE,2026.06.30 18:44:29,0.254938,0.047358,0.182342,False,False,IMMEDIATE_REVERSAL,2026.06.30 18:54:29,0.279893,0.072313,0.182342,False,False,IMMEDIATE_REVERSAL,2026.06.30 19:24:29,IMMEDIATE_REVERSAL
124,CAMP-62,CORE,FRESH,SELL,2026.06.30 18:33:00,TREND_UP,GENERAL,DATA_UNAVAILABLE,DATA_UNAVAILABLE,,0.26,4029.9,NOT_CAPTURED_IN_FORENSIC_ROW,NOT_CAPTURED_IN_FORENSIC_ROW,4072.3677,42.4677,1104.16,2026.07.01 01:00:00,4025.26,PROFIT_CLOSE,,,119.44,0.108173,0.354622,FULL_50_DAYS,0.423471,0.315298,0.0,False,False,CLEAN_CONTINUATION,2026.07.01 01:05:00,0.423471,0.315298,0.0,False,False,CLEAN_CONTINUATION,2026.07.01 01:10:00,0.423471,0.315298,0.0,False,False,CLEAN_CONTINUATION,2026.07.01 01:15:00,0.423471,0.315298,0.0,False,False,CLEAN_CONTINUATION,2026.07.01 01:20:00,0.423471,0.315298,0.0,False,False,CLEAN_CONTINUATION,2026.07.01 01:30:00,0.436893,0.32872,0.0,False,False,CLEAN_CONTINUATION,2026.07.01 02:00:00,CLEAN_CONTINUATION
126,CAMP-63,CORE,FRESH,SELL,2026.07.01 03:03:30,TREND_DN,GENERAL,A+,EXIT_TRADE_LABEL,M30_CONSENSUS_CORE_1782874800 [A+],1.36,4006.41,NOT_CAPTURED_IN_FORENSIC_ROW,NOT_CAPTURED_IN_FORENSIC_ROW,4014.80134,8.39134,1141.22,2026.07.01 03:20:12,4003.06,SL_MOD:OWNER_R_EXIT_FLOOR,4003.39,24.0,455.6,0.399223,0.548187,FULL_50_DAYS,0.46,0.060777,0.445697,True,False,IMMEDIATE_REVERSAL,2026.07.01 03:25:12,0.585129,0.185906,0.445697,True,False,IMMEDIATE_REVERSAL,2026.07.01 03:30:12,0.660206,0.260983,0.445697,True,False,IMMEDIATE_REVERSAL,2026.07.01 03:35:12,0.674507,0.275284,0.445697,True,False,IMMEDIATE_REVERSAL,2026.07.01 03:40:12,1.323986,0.924763,0.445697,True,False,IMMEDIATE_REVERSAL,2026.07.01 03:50:12,3.635892,3.236669,0.445697,True,False,IMMEDIATE_REVERSAL,2026.07.01 04:20:12,IMMEDIATE_REVERSAL
128,CAMP-64,CORE,FRESH,SELL,2026.07.01 03:33:42,TREND_DN,GENERAL,A+,EXIT_TRADE_LABEL,M30_CONSENSUS_CORE_1782876600 [A+],1.32,4003.07,NOT_CAPTURED_IN_FORENSIC_ROW,NOT_CAPTURED_IN_FORENSIC_ROW,4012.03507,8.96507,1183.39,2026.07.01 03:42:50,3998.12,SL_MOD:OWNER_R_EXIT_FLOOR,3998.76,8.0,653.4,0.552141,0.750689,FULL_50_DAYS,0.799769,0.247628,0.015616,False,False,CLEAN_CONTINUATION,2026.07.01 03:47:50,0.866695,0.314554,0.070273,False,False,CLEAN_CONTINUATION,2026.07.01 03:52:50,1.090899,0.538758,0.161739,False,False,CLEAN_CONTINUATION,2026.07.01 03:57:50,1.39876,0.846619,0.196317,False,False,CLEAN_CONTINUATION,2026.07.01 04:02:50,2.683747,2.131606,0.196317,False,False,CLEAN_CONTINUATION,2026.07.01 04:12:50,3.079728,2.527587,0.196317,False,False,CLEAN_CONTINUATION,2026.07.01 04:42:50,CLEAN_CONTINUATION
130,CAMP-65,CORE,FRESH,SELL,2026.07.01 05:03:00,TREND_DN,GENERAL,A+,EXIT_TRADE_LABEL,M30_CONSENSUS_CORE_1782882000 [A+],0.81,3976.87,NOT_CAPTURED_IN_FORENSIC_ROW,NOT_CAPTURED_IN_FORENSIC_ROW,3992.25391,15.38391,1246.1,2026.07.01 05:06:32,3972.07,SL_MOD:OWNER_R_EXIT_FLOOR,3972.25,16.0,388.8,0.312015,0.42187,FULL_50_DAYS,0.408219,0.096204,0.112455,False,False,IMMEDIATE_REVERSAL,2026.07.01 05:11:32,0.408219,0.096204,0.42837,True,False,IMMEDIATE_REVERSAL,2026.07.01 05:16:32,0.408219,0.096204,0.609078,True,False,IMMEDIATE_REVERSAL,2026.07.01 05:21:32,0.408219,0.096204,0.687081,True,False,IMMEDIATE_REVERSAL,2026.07.01 05:26:32,0.408219,0.096204,0.892491,True,False,IMMEDIATE_REVERSAL,2026.07.01 05:36:32,0.408219,0.096204,0.921742,True,False,IMMEDIATE_REVERSAL,2026.07.01 06:06:32,IMMEDIATE_REVERSAL
132,CAMP-66,CORE,FRESH,SELL,2026.07.01 20:03:00,TREND_UP,GENERAL,DATA_UNAVAILABLE,DATA_UNAVAILABLE,,0.8,4073.08,NOT_CAPTURED_IN_FORENSIC_ROW,NOT_CAPTURED_IN_FORENSIC_ROW,4089.07249,15.99249,1279.4,2026.07.01 20:12:59,4070.24,PROFIT_CLOSE,,,227.2,0.177583,0.325778,FULL_50_DAYS,0.314523,0.136939,0.126935,False,False,CLEAN_CONTINUATION,2026.07.01 20:17:59,0.317649,0.140066,0.126935,False,False,CLEAN_CONTINUATION,2026.07.01 20:22:59,0.317649,0.140066,0.126935,False,False,CLEAN_CONTINUATION,2026.07.01 20:27:59,0.32015,0.142567,0.128185,False,False,CLEAN_CONTINUATION,2026.07.01 20:32:59,0.32015,0.142567,0.200094,True,False,CLEAN_CONTINUATION,2026.07.01 20:42:59,0.355167,0.177583,0.200094,True,False,CLEAN_CONTINUATION,2026.07.01 21:12:59,CLEAN_CONTINUATION
134,CAMP-67,CORE,FRESH,SELL,2026.07.01 20:33:31,TREND_UP,GENERAL,A+,EXIT_TRADE_LABEL,M30_CONSENSUS_CORE_1782937800 [A+],0.68,4070.09,NOT_CAPTURED_IN_FORENSIC_ROW,NOT_CAPTURED_IN_FORENSIC_ROW,4089.33954,19.24954,1308.97,2026.07.01 21:31:46,4064.04,SL_MOD:OWNER_R_EXIT_FLOOR,4064.32,13.0,411.4,0.314294,0.455596,FULL_50_DAYS,0.352736,0.038442,0.113249,False,False,IMMEDIATE_REVERSAL,2026.07.01 21:36:46,0.408322,0.094028,0.113249,False,False,IMMEDIATE_REVERSAL,2026.07.01 21:41:46,0.442089,0.127795,0.113249,False,False,IMMEDIATE_REVERSAL,2026.07.01 21:46:46,0.567287,0.252993,0.113249,False,False,IMMEDIATE_REVERSAL,2026.07.01 21:51:46,0.629107,0.314813,0.138185,False,False,IMMEDIATE_REVERSAL,2026.07.01 22:01:46,0.691446,0.377152,0.23585,False,False,IMMEDIATE_REVERSAL,2026.07.01 22:31:46,IMMEDIATE_REVERSAL
136,CAMP-68,CORE,FRESH,BUY,2026.07.02 04:33:00,TREND_UP,GENERAL,DATA_UNAVAILABLE,DATA_UNAVAILABLE,,0.83,4050.52,NOT_CAPTURED_IN_FORENSIC_ROW,NOT_CAPTURED_IN_FORENSIC_ROW,4034.18551,16.33449,1355.76,2026.07.02 04:40:56,4053.22,PROFIT_CLOSE,,,224.1,0.165294,0.304876,FULL_50_DAYS,0.205087,0.039793,0.487925,True,False,IMMEDIATE_REVERSAL,2026.07.02 04:45:56,0.205087,0.039793,0.487925,True,False,IMMEDIATE_REVERSAL,2026.07.02 04:50:56,0.295081,0.129787,0.487925,True,False,IMMEDIATE_REVERSAL,2026.07.02 04:55:56,0.361199,0.195905,0.487925,True,False,IMMEDIATE_REVERSAL,2026.07.02 05:00:56,0.361199,0.195905,0.738315,True,False,IMMEDIATE_REVERSAL,2026.07.02 05:10:56,0.361199,0.195905,0.738315,True,False,IMMEDIATE_REVERSAL,2026.07.02 05:40:56,IMMEDIATE_REVERSAL
138,CAMP-69,CORE,FRESH,BUY,2026.07.02 05:33:30,TREND_UP,GENERAL,DATA_UNAVAILABLE,DATA_UNAVAILABLE,,0.92,4052.22,NOT_CAPTURED_IN_FORENSIC_ROW,NOT_CAPTURED_IN_FORENSIC_ROW,4037.28429,14.93571,1374.08,2026.07.02 05:47:06,4055.2,PROFIT_CLOSE,,,274.16,0.199522,0.363558,FULL_50_DAYS,0.451937,0.252415,0.059589,False,False,CLEAN_CONTINUATION,2026.07.02 05:52:06,0.451937,0.252415,0.059589,False,False,CLEAN_CONTINUATION,2026.07.02 05:57:06,0.584505,0.384983,0.059589,False,False,CLEAN_CONTINUATION,2026.07.02 06:02:06,0.584505,0.384983,0.059589,False,False,CLEAN_CONTINUATION,2026.07.02 06:07:06,0.584505,0.384983,0.059589,False,False,CLEAN_CONTINUATION,2026.07.02 06:17:06,1.048494,0.848972,0.059589,False,False,CLEAN_CONTINUATION,2026.07.02 06:47:06,CLEAN_CONTINUATION
140,CAMP-70,CORE,FRESH,BUY,2026.07.02 06:33:00,TREND_UP,GENERAL,A+,EXIT_TRADE_LABEL,M30_CONSENSUS_CORE_1782973800 [A+],1.05,4065.29,NOT_CAPTURED_IN_FORENSIC_ROW,NOT_CAPTURED_IN_FORENSIC_ROW,4051.97253,13.31747,1398.34,2026.07.02 06:57:23,4071.76,SL_MOD:OWNER_R_EXIT_FLOOR,4071.04,1.0,679.35,0.485827,0.663788,FULL_50_DAYS,0.554909,0.069082,0.186222,False,False,IMMEDIATE_REVERSAL,2026.07.02 07:02:23,0.582692,0.096865,0.186222,False,False,IMMEDIATE_REVERSAL,2026.07.02 07:07:23,0.582692,0.096865,0.250047,False,False,IMMEDIATE_REVERSAL,2026.07.02 07:12:23,0.582692,0.096865,0.265816,False,False,IMMEDIATE_REVERSAL,2026.07.02 07:17:23,0.582692,0.096865,0.53764,True,False,IMMEDIATE_REVERSAL,2026.07.02 07:27:23,0.582692,0.096865,0.771167,True,False,IMMEDIATE_REVERSAL,2026.07.02 07:57:23,IMMEDIATE_REVERSAL
142,CAMP-71,CORE,FRESH,BUY,2026.07.02 07:03:30,TREND_UP,GENERAL,A+,EXIT_TRADE_LABEL,M30_CONSENSUS_CORE_1782975600 [A+],0.72,4071.19,NOT_CAPTURED_IN_FORENSIC_ROW,NOT_CAPTURED_IN_FORENSIC_ROW,4050.92277,20.26723,1459.24,2026.07.02 09:23:07,4077.57,SL_MOD:OWNER_R_EXIT_FLOOR,4077.27,13.0,459.36,0.314794,0.425811,FULL_50_DAYS,0.418903,0.104109,0.04194,False,False,CLEAN_CONTINUATION,2026.07.02 09:28:07,0.418903,0.104109,0.207231,False,False,CLEAN_CONTINUATION,2026.07.02 09:33:07,0.418903,0.104109,0.207231,False,False,CLEAN_CONTINUATION,2026.07.02 09:38:07,0.418903,0.104109,0.570379,True,False,CLEAN_CONTINUATION,2026.07.02 09:43:07,0.418903,0.104109,0.571859,True,False,CLEAN_CONTINUATION,2026.07.02 09:53:07,0.418903,0.104109,0.646364,True,False,CLEAN_CONTINUATION,2026.07.02 10:23:07,CLEAN_CONTINUATION
144,CAMP-72,CORE,FRESH,SELL,2026.07.03 07:03:00,TREND_UP,GENERAL,DATA_UNAVAILABLE,DATA_UNAVAILABLE,,0.99,4175.06,NOT_CAPTURED_IN_FORENSIC_ROW,NOT_CAPTURED_IN_FORENSIC_ROW,4190.27904,15.21904,1506.68,2026.07.03 08:51:47,4172.31,PROFIT_CLOSE,,,272.25,0.180695,0.369932,FULL_50_DAYS,0.29174,0.111045,0.099218,False,False,CLEAN_CONTINUATION,2026.07.03 08:56:47,0.403442,0.222747,0.099218,False,False,CLEAN_CONTINUATION,2026.07.03 09:01:47,0.68007,0.499374,0.099218,False,False,CLEAN_CONTINUATION,2026.07.03 09:06:47,0.68007,0.499374,0.099218,False,False,CLEAN_CONTINUATION,2026.07.03 09:11:47,0.944869,0.764174,0.099218,False,False,CLEAN_CONTINUATION,2026.07.03 09:21:47,0.944869,0.764174,0.107103,False,False,CLEAN_CONTINUATION,2026.07.03 09:51:47,CLEAN_CONTINUATION
146,CAMP-73,CORE,FRESH,SELL,2026.07.03 09:03:00,TREND_UP,GENERAL,A,EXIT_TRADE_LABEL,M30_CONSENSUS_CORE_1783069200 [A],0.87,4167.94,NOT_CAPTURED_IN_FORENSIC_ROW,NOT_CAPTURED_IN_FORENSIC_ROW,4185.56127,17.62127,1533.05,2026.07.03 09:16:53,4162.36,SL_MOD:OWNER_R_EXIT_FLOOR,4162.65,13.0,485.46,0.316662,0.412001,FULL_50_DAYS,0.334822,0.01816,0.284883,False,False,IMMEDIATE_REVERSAL,2026.07.03 09:21:53,0.334822,0.01816,0.284883,False,False,IMMEDIATE_REVERSAL,2026.07.03 09:26:53,0.334822,0.01816,0.284883,False,False,IMMEDIATE_REVERSAL,2026.07.03 09:31:52,0.334822,0.01816,0.65035,True,False,IMMEDIATE_REVERSAL,2026.07.03 09:36:53,0.334822,0.01816,0.65035,True,False,IMMEDIATE_REVERSAL,2026.07.03 09:46:53,0.334822,0.01816,1.077107,True,False,IMMEDIATE_REVERSAL,2026.07.03 10:16:53,IMMEDIATE_REVERSAL
148,CAMP-74,CORE,FRESH,BUY,2026.07.06 11:03:00,TREND_UP,GENERAL,DATA_UNAVAILABLE,DATA_UNAVAILABLE,,1.14,4161.87,NOT_CAPTURED_IN_FORENSIC_ROW,NOT_CAPTURED_IN_FORENSIC_ROW,4147.88044,13.98956,1594.81,2026.07.06 11:46:18,4147.81,BROKER_SL,,,-1602.84,-1.005032,0.075771,FULL_50_DAYS,-0.865643,0.13939,0.049323,True,True,CLEAN_CONTINUATION,2026.07.06 11:51:18,-0.63976,0.365272,0.049323,True,True,CLEAN_CONTINUATION,2026.07.06 11:56:18,-0.63976,0.365272,0.049323,True,True,CLEAN_CONTINUATION,2026.07.06 12:01:18,-0.63976,0.365272,0.049323,True,True,CLEAN_CONTINUATION,2026.07.06 12:06:18,-0.63976,0.365272,0.049323,True,True,CLEAN_CONTINUATION,2026.07.06 12:16:17,-0.63976,0.365272,0.817038,True,True,CLEAN_CONTINUATION,2026.07.06 12:46:18,CLEAN_CONTINUATION
150,CAMP-75,CORE,FRESH,BUY,2026.07.06 14:03:00,TREND_UP,GENERAL,DATA_UNAVAILABLE,DATA_UNAVAILABLE,,0.69,4152.91,NOT_CAPTURED_IN_FORENSIC_ROW,NOT_CAPTURED_IN_FORENSIC_ROW,4132.24291,20.66709,1426.03,2026.07.06 14:28:18,4156.58,PROFIT_CLOSE,,,253.23,0.177577,0.323703,FULL_50_DAYS,0.28451,0.106933,0.083224,False,False,CLEAN_CONTINUATION,2026.07.06 14:33:18,0.28451,0.106933,0.093385,False,False,CLEAN_CONTINUATION,2026.07.06 14:38:18,0.28451,0.106933,0.146126,False,False,CLEAN_CONTINUATION,2026.07.06 14:43:18,0.28451,0.106933,0.20806,True,False,CLEAN_CONTINUATION,2026.07.06 14:48:18,0.28451,0.106933,0.224512,True,False,CLEAN_CONTINUATION,2026.07.06 14:58:17,0.28451,0.106933,0.536118,True,False,CLEAN_CONTINUATION,2026.07.06 15:28:18,CLEAN_CONTINUATION
152,CAMP-76,CORE,FRESH,SELL,2026.07.07 03:03:00,TREND_UP,GENERAL,DATA_UNAVAILABLE,DATA_UNAVAILABLE,,1.24,4155.98,NOT_CAPTURED_IN_FORENSIC_ROW,NOT_CAPTURED_IN_FORENSIC_ROW,4167.74339,11.76339,1458.66,2026.07.07 03:18:42,4153.97,PROFIT_CLOSE,,,249.24,0.170869,0.322186,FULL_50_DAYS,0.232926,0.062057,0.582315,True,False,IMMEDIATE_REVERSAL,2026.07.07 03:23:42,0.232926,0.062057,0.582315,True,False,IMMEDIATE_REVERSAL,2026.07.07 03:28:42,0.232926,0.062057,0.758285,True,False,IMMEDIATE_REVERSAL,2026.07.07 03:33:42,0.438649,0.26778,0.758285,True,False,IMMEDIATE_REVERSAL,2026.07.07 03:38:42,0.693678,0.522809,0.758285,True,False,IMMEDIATE_REVERSAL,2026.07.07 03:48:42,1.807303,1.636434,0.758285,True,False,IMMEDIATE_REVERSAL,2026.07.07 04:18:42,IMMEDIATE_REVERSAL
154,CAMP-77,CORE,FRESH,SELL,2026.07.07 03:33:00,TREND_UP,GENERAL,A+,EXIT_TRADE_LABEL,M30_CONSENSUS_CORE_1783395000 [A+],2.25,4160.25,NOT_CAPTURED_IN_FORENSIC_ROW,NOT_CAPTURED_IN_FORENSIC_ROW,4166.84824,6.59824,1484.6,2026.07.07 03:34:39,4157.61,SL_MOD:OWNER_R_EXIT_FLOOR,4158.27,4.0,594.0,0.400109,0.400109,FULL_50_DAYS,1.429171,1.029062,0.006062,False,False,CLEAN_CONTINUATION,2026.07.07 03:39:39,1.773202,1.373093,0.006062,False,False,CLEAN_CONTINUATION,2026.07.07 03:44:39,1.883837,1.483728,0.006062,False,False,CLEAN_CONTINUATION,2026.07.07 03:49:39,1.883837,1.483728,0.006062,False,False,CLEAN_CONTINUATION,2026.07.07 03:54:39,2.931086,2.530977,0.006062,False,False,CLEAN_CONTINUATION,2026.07.07 04:04:39,5.183201,4.783092,0.006062,False,False,CLEAN_CONTINUATION,2026.07.07 04:34:39,CLEAN_CONTINUATION
156,CAMP-78,CORE,FRESH,BUY,2026.07.08 04:03:19,TREND_DN,GENERAL,DATA_UNAVAILABLE,DATA_UNAVAILABLE,,0.62,4115.23,NOT_CAPTURED_IN_FORENSIC_ROW,NOT_CAPTURED_IN_FORENSIC_ROW,4090.53593,24.69407,1531.03,2026.07.08 05:28:24,4120.46,PROFIT_CLOSE,,,324.26,0.211791,0.390782,FULL_50_DAYS,0.266865,0.055074,0.168866,False,False,IMMEDIATE_REVERSAL,2026.07.08 05:33:24,0.266865,0.055074,0.168866,False,False,IMMEDIATE_REVERSAL,2026.07.08 05:38:24,0.266865,0.055074,0.168866,False,False,IMMEDIATE_REVERSAL,2026.07.08 05:43:24,0.266865,0.055074,0.168866,False,False,IMMEDIATE_REVERSAL,2026.07.08 05:48:24,0.266865,0.055074,0.283874,True,False,IMMEDIATE_REVERSAL,2026.07.08 05:58:24,0.638615,0.426823,0.283874,True,False,IMMEDIATE_REVERSAL,2026.07.08 06:28:24,IMMEDIATE_REVERSAL
158,CAMP-79,CORE,FRESH,BUY,2026.07.08 06:33:30,TREND_DN,GENERAL,DATA_UNAVAILABLE,DATA_UNAVAILABLE,,0.87,4127.22,NOT_CAPTURED_IN_FORENSIC_ROW,NOT_CAPTURED_IN_FORENSIC_ROW,4109.18143,18.03857,1569.36,2026.07.08 08:08:53,4130.72,PROFIT_CLOSE,,,304.5,0.194028,0.374752,FULL_50_DAYS,0.213986,0.019957,0.293815,True,False,IMMEDIATE_REVERSAL,2026.07.08 08:13:53,0.213986,0.019957,0.30712,True,False,IMMEDIATE_REVERSAL,2026.07.08 08:18:53,0.213986,0.019957,0.45181,True,False,IMMEDIATE_REVERSAL,2026.07.08 08:23:53,0.213986,0.019957,0.45181,True,False,IMMEDIATE_REVERSAL,2026.07.08 08:28:53,0.213986,0.019957,0.529421,True,False,IMMEDIATE_REVERSAL,2026.07.08 08:38:53,0.250019,0.055991,0.529421,True,False,IMMEDIATE_REVERSAL,2026.07.08 09:08:53,IMMEDIATE_REVERSAL
160,CAMP-80,CORE,FRESH,SELL,2026.07.08 08:33:00,TREND_DN,GENERAL,DATA_UNAVAILABLE,DATA_UNAVAILABLE,,1.63,4126.6,NOT_CAPTURED_IN_FORENSIC_ROW,NOT_CAPTURED_IN_FORENSIC_ROW,4136.45371,9.85371,1606.15,2026.07.08 09:05:50,4124.96,PROFIT_CLOSE,,,267.32,0.166435,0.312573,FULL_50_DAYS,0.42928,0.262845,0.107574,False,False,CLEAN_CONTINUATION,2026.07.08 09:10:50,0.42928,0.262845,0.714451,True,False,CLEAN_CONTINUATION,2026.07.08 09:15:50,0.42928,0.262845,0.831159,True,False,CLEAN_CONTINUATION,2026.07.08 09:20:50,0.42928,0.262845,0.879871,True,False,CLEAN_CONTINUATION,2026.07.08 09:25:50,0.42928,0.262845,0.879871,True,False,CLEAN_CONTINUATION,2026.07.08 09:35:50,0.82304,0.656605,0.879871,True,False,CLEAN_CONTINUATION,2026.07.08 10:05:50,CLEAN_CONTINUATION
162,CAMP-81,CORE,FRESH,SELL,2026.07.08 10:33:00,TREND_DN,GENERAL,A+,EXIT_TRADE_LABEL,M30_CONSENSUS_CORE_1783506600 [A+],1.5,4125.44,NOT_CAPTURED_IN_FORENSIC_ROW,NOT_CAPTURED_IN_FORENSIC_ROW,4136.30561,10.86561,1629.84,2026.07.08 10:37:15,4120.25,SL_MOD:OWNER_R_EXIT_FLOOR,4120.61,0.0,778.5,0.477654,0.645155,FULL_50_DAYS,0.657119,0.179465,0.244809,False,False,CLEAN_CONTINUATION,2026.07.08 10:42:15,0.657119,0.179465,0.651597,True,False,CLEAN_CONTINUATION,2026.07.08 10:47:15,0.657119,0.179465,0.651597,True,False,CLEAN_CONTINUATION,2026.07.08 10:52:15,0.657119,0.179465,0.651597,True,False,CLEAN_CONTINUATION,2026.07.08 10:57:15,0.801612,0.323958,0.651597,True,False,CLEAN_CONTINUATION,2026.07.08 11:07:15,5.068283,4.590629,0.651597,True,False,CLEAN_CONTINUATION,2026.07.08 11:37:15,CLEAN_CONTINUATION
164,CAMP-82,CORE,FRESH,SELL,2026.07.08 11:03:30,TREND_DN,GENERAL,A+,EXIT_TRADE_LABEL,M30_CONSENSUS_CORE_1783508400 [A+],1.49,4118.63,NOT_CAPTURED_IN_FORENSIC_ROW,NOT_CAPTURED_IN_FORENSIC_ROW,4130.09771,11.46771,1708.69,2026.07.08 11:16:41,4113.7,SL_MOD:OWNER_R_EXIT_FLOOR,4113.93,12.0,734.57,0.429903,0.585122,FULL_50_DAYS,3.293595,2.863692,0.15173,False,False,IMMEDIATE_REVERSAL,2026.07.08 11:21:41,3.293595,2.863692,0.15173,False,False,IMMEDIATE_REVERSAL,2026.07.08 11:26:41,3.293595,2.863692,0.15173,False,False,IMMEDIATE_REVERSAL,2026.07.08 11:31:41,3.925805,3.495902,0.15173,False,False,IMMEDIATE_REVERSAL,2026.07.08 11:36:41,5.027158,4.597254,0.15173,False,False,IMMEDIATE_REVERSAL,2026.07.08 11:46:41,5.951492,5.521589,0.15173,False,False,IMMEDIATE_REVERSAL,2026.07.08 12:16:41,IMMEDIATE_REVERSAL
166,CAMP-83,CORE,FRESH,BUY,2026.07.08 15:03:28,TREND_DN,GENERAL,B,EXIT_TRADE_LABEL,M30_CONSENSUS_CORE_1783522800 [B],0.6,4064.86,NOT_CAPTURED_IN_FORENSIC_ROW,NOT_CAPTURED_IN_FORENSIC_ROW,4035.16604,29.69396,1781.64,2026.07.08 15:20:01,4074.05,SL_MOD:OWNER_R_EXIT_FLOOR,4073.77,41.0,551.4,0.30949,0.432074,FULL_50_DAYS,0.402775,0.093285,0.278845,False,False,IMMEDIATE_REVERSAL,2026.07.08 15:25:01,0.402775,0.093285,0.278845,False,False,IMMEDIATE_REVERSAL,2026.07.08 15:30:01,0.402775,0.093285,0.278845,False,False,IMMEDIATE_REVERSAL,2026.07.08 15:35:01,0.402775,0.093285,0.278845,False,False,IMMEDIATE_REVERSAL,2026.07.08 15:40:01,0.614603,0.305113,0.278845,False,False,IMMEDIATE_REVERSAL,2026.07.08 15:50:01,0.724053,0.414562,0.278845,False,False,IMMEDIATE_REVERSAL,2026.07.08 16:20:01,IMMEDIATE_REVERSAL
168,CAMP-84,CORE,FRESH,SELL,2026.07.09 01:33:00,TREND_DN,GENERAL,DATA_UNAVAILABLE,DATA_UNAVAILABLE,,1.0,4077.1,NOT_CAPTURED_IN_FORENSIC_ROW,NOT_CAPTURED_IN_FORENSIC_ROW,4095.36769,18.26769,1826.77,2026.07.09 03:55:39,4073.5,PROFIT_CLOSE,,,360.0,0.197069,0.358556,FULL_50_DAYS,0.273707,0.076638,0.147802,False,False,IMMEDIATE_REVERSAL,2026.07.09 04:00:39,0.639928,0.442859,0.301626,True,False,IMMEDIATE_REVERSAL,2026.07.09 04:05:39,0.639928,0.442859,0.301626,True,False,IMMEDIATE_REVERSAL,2026.07.09 04:10:39,0.639928,0.442859,0.301626,True,False,IMMEDIATE_REVERSAL,2026.07.09 04:15:39,0.639928,0.442859,0.301626,True,False,IMMEDIATE_REVERSAL,2026.07.09 04:25:39,0.784445,0.587376,0.301626,True,False,IMMEDIATE_REVERSAL,2026.07.09 04:55:39,IMMEDIATE_REVERSAL
170,CAMP-85,CORE,FRESH,SELL,2026.07.09 04:33:30,TREND_DN,GENERAL,DATA_UNAVAILABLE,DATA_UNAVAILABLE,,1.79,4071.02,NOT_CAPTURED_IN_FORENSIC_ROW,NOT_CAPTURED_IN_FORENSIC_ROW,4081.508,10.488,1877.35,2026.07.09 05:25:26,4081.68,BROKER_SL,,,-1908.14,-1.0164,0.170671,FULL_50_DAYS,-0.824752,0.191648,0.134439,True,True,CLEAN_CONTINUATION,2026.07.09 05:30:26,-0.04386,0.97254,0.134439,True,True,CLEAN_CONTINUATION,2026.07.09 05:35:26,0.04958,1.06598,0.134439,True,True,CLEAN_CONTINUATION,2026.07.09 05:40:26,0.088673,1.105072,0.134439,True,True,CLEAN_CONTINUATION,2026.07.09 05:45:26,0.478642,1.495042,0.134439,True,True,CLEAN_CONTINUATION,2026.07.09 05:55:26,1.579901,2.596301,0.134439,True,True,CLEAN_CONTINUATION,2026.07.09 06:25:26,CLEAN_CONTINUATION
172,CAMP-86,CORE,FRESH,SELL,2026.07.09 06:03:00,TREND_DN,GENERAL,A+,EXIT_TRADE_LABEL,M30_CONSENSUS_CORE_1783576800 [A+],0.8,4066.36,NOT_CAPTURED_IN_FORENSIC_ROW,NOT_CAPTURED_IN_FORENSIC_ROW,4087.21223,20.85223,1668.18,2026.07.09 06:14:02,4058.61,SL_MOD:OWNER_R_EXIT_FLOOR,4059.0,47.0,620.0,0.371663,0.516013,FULL_50_DAYS,0.571162,0.199499,0.0446,False,False,CLEAN_CONTINUATION,2026.07.09 06:19:02,0.571162,0.199499,0.0446,False,False,CLEAN_CONTINUATION,2026.07.09 06:24:01,0.571162,0.199499,0.134758,False,False,CLEAN_CONTINUATION,2026.07.09 06:29:02,0.571162,0.199499,0.215325,False,False,CLEAN_CONTINUATION,2026.07.09 06:34:02,0.571162,0.199499,0.247456,False,False,CLEAN_CONTINUATION,2026.07.09 06:44:02,0.571162,0.199499,0.300687,False,False,CLEAN_CONTINUATION,2026.07.09 07:14:02,CLEAN_CONTINUATION
174,CAMP-87,CORE,FRESH,SELL,2026.07.09 21:33:00,TREND_UP,GENERAL,DATA_UNAVAILABLE,DATA_UNAVAILABLE,,0.93,4123.1,NOT_CAPTURED_IN_FORENSIC_ROW,NOT_CAPTURED_IN_FORENSIC_ROW,4141.87846,18.77846,1746.4,2026.07.10 03:29:50,4119.98,PROFIT_CLOSE,,,285.88,0.163697,0.309076,FULL_50_DAYS,0.452325,0.288629,0.007455,False,False,CLEAN_CONTINUATION,2026.07.10 03:34:50,0.452325,0.288629,0.021834,False,False,CLEAN_CONTINUATION,2026.07.10 03:39:47,0.452325,0.288629,0.230051,True,False,CLEAN_CONTINUATION,2026.07.10 03:44:50,0.452325,0.288629,0.334958,True,False,CLEAN_CONTINUATION,2026.07.10 03:49:50,0.452325,0.288629,0.457972,True,False,CLEAN_CONTINUATION,2026.07.10 03:59:50,0.452325,0.288629,0.610274,True,False,CLEAN_CONTINUATION,2026.07.10 04:29:50,CLEAN_CONTINUATION
176,CAMP-88,CORE,FRESH,BUY,2026.07.13 01:33:00,BRKT_DN,BREAKOUT,DATA_UNAVAILABLE,DATA_UNAVAILABLE,,0.65,4084.21,NOT_CAPTURED_IN_FORENSIC_ROW,NOT_CAPTURED_IN_FORENSIC_ROW,4057.27304,26.93696,1750.9,2026.07.13 06:11:23,4057.24,BROKER_SL,,,-1753.05,-1.001225,0.25504,FULL_50_DAYS,-0.912499,0.088726,0.17114,True,True,IMMEDIATE_REVERSAL,2026.07.13 06:16:23,-0.85867,0.142555,0.17114,True,True,IMMEDIATE_REVERSAL,2026.07.13 06:21:23,-0.834168,0.167057,0.17114,True,True,IMMEDIATE_REVERSAL,2026.07.13 06:26:23,-0.808182,0.193043,0.17114,True,True,IMMEDIATE_REVERSAL,2026.07.13 06:31:23,-0.808182,0.193043,0.17114,True,True,IMMEDIATE_REVERSAL,2026.07.13 06:41:23,-0.808182,0.193043,0.17114,True,True,IMMEDIATE_REVERSAL,2026.07.13 07:11:22,IMMEDIATE_REVERSAL
178,CAMP-89,CORE,FRESH,SELL,2026.07.13 13:33:30,TREND_DN,GENERAL,A+,EXIT_TRADE_LABEL,M30_CONSENSUS_CORE_1783949400 [A+],1.33,4067.25,NOT_CAPTURED_IN_FORENSIC_ROW,NOT_CAPTURED_IN_FORENSIC_ROW,4079.28381,12.03381,1600.5,2026.07.13 13:41:56,4054.7,SL_MOD:OWNER_R_EXIT_FLOOR,4059.14,55.0,1669.15,1.042896,1.042896,FULL_50_DAYS,1.701041,0.658145,0.11717,False,False,IMMEDIATE_REVERSAL,2026.07.13 13:46:56,1.701041,0.658145,0.21772,False,False,IMMEDIATE_REVERSAL,2026.07.13 13:51:56,1.701041,0.658145,0.493609,False,False,IMMEDIATE_REVERSAL,2026.07.13 13:56:56,1.701041,0.658145,0.71216,False,False,IMMEDIATE_REVERSAL,2026.07.13 14:01:56,1.701041,0.658145,1.146769,True,False,IMMEDIATE_REVERSAL,2026.07.13 14:11:56,1.701041,0.658145,1.165881,True,False,IMMEDIATE_REVERSAL,2026.07.13 14:41:56,IMMEDIATE_REVERSAL
180,CAMP-90,CORE,FRESH,SELL,2026.07.13 14:03:30,TREND_DN,GENERAL,DATA_UNAVAILABLE,DATA_UNAVAILABLE,,0.94,4061.87,NOT_CAPTURED_IN_FORENSIC_ROW,NOT_CAPTURED_IN_FORENSIC_ROW,4080.54997,18.67997,1755.92,2026.07.13 14:55:45,4058.25,PROFIT_CLOSE,,,340.28,0.19379,0.35439,FULL_50_DAYS,0.298715,0.104925,0.052998,False,False,CLEAN_CONTINUATION,2026.07.13 15:00:45,0.298715,0.104925,0.132227,False,False,CLEAN_CONTINUATION,2026.07.13 15:05:45,0.352249,0.158458,0.132227,False,False,CLEAN_CONTINUATION,2026.07.13 15:10:45,0.428266,0.234476,0.134904,False,False,CLEAN_CONTINUATION,2026.07.13 15:15:45,0.428266,0.234476,0.302998,True,False,CLEAN_CONTINUATION,2026.07.13 15:25:45,0.428266,0.234476,0.467345,True,False,CLEAN_CONTINUATION,2026.07.13 15:55:45,CLEAN_CONTINUATION
182,CAMP-91,CORE,FRESH,SELL,2026.07.14 11:03:00,TREND_DN,GENERAL,DATA_UNAVAILABLE,DATA_UNAVAILABLE,,1.36,4019.62,NOT_CAPTURED_IN_FORENSIC_ROW,NOT_CAPTURED_IN_FORENSIC_ROW,4032.78966,13.16966,1791.08,2026.07.14 11:10:07,4016.99,PROFIT_CLOSE,,,357.68,0.199701,0.365992,FULL_50_DAYS,0.246019,0.046319,0.107064,False,False,IMMEDIATE_REVERSAL,2026.07.14 11:15:07,0.246019,0.046319,0.326508,True,False,IMMEDIATE_REVERSAL,2026.07.14 11:20:07,0.246019,0.046319,0.326508,True,False,IMMEDIATE_REVERSAL,2026.07.14 11:25:07,0.246019,0.046319,0.483688,True,False,IMMEDIATE_REVERSAL,2026.07.14 11:30:07,0.246019,0.046319,0.536081,True,False,IMMEDIATE_REVERSAL,2026.07.14 11:40:07,0.422941,0.22324,0.536081,True,False,IMMEDIATE_REVERSAL,2026.07.14 12:10:07,IMMEDIATE_REVERSAL
184,CAMP-92,CORE,FRESH,SELL,2026.07.14 11:33:30,TREND_DN,GENERAL,A+,EXIT_TRADE_LABEL,M30_CONSENSUS_CORE_1784028600 [A+],1.46,4020.15,NOT_CAPTURED_IN_FORENSIC_ROW,NOT_CAPTURED_IN_FORENSIC_ROW,4032.73971,12.58971,1838.1,2026.07.14 12:00:51,4016.08,SL_MOD:OWNER_R_EXIT_FLOOR,4016.37,20.0,594.22,0.32328,0.484523,FULL_50_DAYS,0.332812,0.009532,0.366172,True,False,IMMEDIATE_REVERSAL,2026.07.14 12:05:51,0.332812,0.009532,0.483728,True,False,IMMEDIATE_REVERSAL,2026.07.14 12:10:51,0.332812,0.009532,0.687069,True,False,IMMEDIATE_REVERSAL,2026.07.14 12:15:51,0.332812,0.009532,0.687069,True,False,IMMEDIATE_REVERSAL,2026.07.14 12:20:51,0.417007,0.093727,0.687069,True,False,IMMEDIATE_REVERSAL,2026.07.14 12:30:51,0.488494,0.165214,0.687069,True,False,IMMEDIATE_REVERSAL,2026.07.14 13:00:51,IMMEDIATE_REVERSAL
186,CAMP-93,CORE,FRESH,SELL,2026.07.14 12:33:30,TREND_DN,GENERAL,DATA_UNAVAILABLE,DATA_UNAVAILABLE,,1.59,4015.23,NOT_CAPTURED_IN_FORENSIC_ROW,NOT_CAPTURED_IN_FORENSIC_ROW,4027.15907,11.92907,1896.73,2026.07.14 14:24:48,4027.23,BROKER_SL,,,-1908.0,-1.005943,0.103109,FULL_50_DAYS,-0.81649,0.189453,0.116522,True,True,IMMEDIATE_REVERSAL,2026.07.14 14:29:48,-0.798048,0.207895,0.171011,True,True,IMMEDIATE_REVERSAL,2026.07.14 14:34:48,-0.798048,0.207895,0.279988,True,True,IMMEDIATE_REVERSAL,2026.07.14 14:39:48,-0.798048,0.207895,0.279988,True,True,IMMEDIATE_REVERSAL,2026.07.14 14:44:48,-0.798048,0.207895,0.300945,True,True,IMMEDIATE_REVERSAL,2026.07.14 14:54:48,-0.685717,0.320226,0.759489,True,True,IMMEDIATE_REVERSAL,2026.07.14 15:24:48,IMMEDIATE_REVERSAL
188,CAMP-94,CORE,FRESH,BUY,2026.07.14 16:02:59,BRKT_UP,BREAKOUT,DATA_UNAVAILABLE,DATA_UNAVAILABLE,,0.24,4079.81,NOT_CAPTURED_IN_FORENSIC_ROW,NOT_CAPTURED_IN_FORENSIC_ROW,4009.67124,70.13876,1683.33,2026.07.16 15:40:51,4009.47,BROKER_SL,,,-1700.25,-1.010051,0.29741,FULL_50_DAYS,-0.998217,0.011834,0.147422,True,True,IMMEDIATE_REVERSAL,2026.07.16 15:45:51,-0.998217,0.011834,0.191763,True,True,IMMEDIATE_REVERSAL,2026.07.16 15:50:51,-0.998217,0.011834,0.248793,True,True,IMMEDIATE_REVERSAL,2026.07.16 15:55:51,-0.998217,0.011834,0.272745,True,True,IMMEDIATE_REVERSAL,2026.07.16 16:00:51,-0.998217,0.011834,0.511843,True,True,IMMEDIATE_REVERSAL,2026.07.16 16:10:51,-0.998217,0.011834,0.511843,True,True,IMMEDIATE_REVERSAL,2026.07.16 16:40:51,IMMEDIATE_REVERSAL
190,CAMP-95,CORE,FRESH,SELL,2026.07.17 08:03:30,TREND_DN,GENERAL,DATA_UNAVAILABLE,DATA_UNAVAILABLE,,1.24,3980.87,NOT_CAPTURED_IN_FORENSIC_ROW,NOT_CAPTURED_IN_FORENSIC_ROW,3993.20784,12.33784,1529.89,2026.07.17 08:17:13,3978.56,PROFIT_CLOSE,,,286.44,0.187229,0.355817,FULL_50_DAYS,0.42471,0.237481,0.177503,False,False,IMMEDIATE_REVERSAL,2026.07.17 08:22:13,0.42471,0.237481,0.177503,False,False,IMMEDIATE_REVERSAL,2026.07.17 08:27:13,0.42471,0.237481,0.651654,True,False,IMMEDIATE_REVERSAL,2026.07.17 08:32:13,0.42471,0.237481,0.651654,True,False,IMMEDIATE_REVERSAL,2026.07.17 08:37:13,0.42471,0.237481,0.995312,True,False,IMMEDIATE_REVERSAL,2026.07.17 08:47:13,0.42471,0.237481,1.832573,True,True,IMMEDIATE_REVERSAL,2026.07.17 09:17:13,IMMEDIATE_REVERSAL
192,CAMP-96,CORE,FRESH,SELL,2026.07.17 14:03:30,TREND_DN,GENERAL,DATA_UNAVAILABLE,DATA_UNAVAILABLE,,1.68,3992.05,NOT_CAPTURED_IN_FORENSIC_ROW,NOT_CAPTURED_IN_FORENSIC_ROW,4001.35201,9.30201,1562.74,2026.07.17 15:07:23,3990.21,PROFIT_CLOSE,,,309.12,0.197807,0.367663,FULL_50_DAYS,0.341862,0.144055,0.419264,True,False,CLEAN_CONTINUATION,2026.07.17 15:12:23,0.341862,0.144055,0.419264,True,False,CLEAN_CONTINUATION,2026.07.17 15:17:23,0.758976,0.561169,0.419264,True,False,CLEAN_CONTINUATION,2026.07.17 15:22:23,0.807352,0.609545,0.419264,True,False,CLEAN_CONTINUATION,2026.07.17 15:27:23,1.200815,1.003009,0.419264,True,False,CLEAN_CONTINUATION,2026.07.17 15:37:23,3.465916,3.268109,0.419264,True,False,CLEAN_CONTINUATION,2026.07.17 16:07:23,CLEAN_CONTINUATION
