action,attempted_authority,attempted_exit_r,authority,currentR,decision,direction,external_manual,floor_r,guaranteedFloorR,new_floor_r,peak_r,previous_floor_r,profile,protected_floor_r,reason,ret,tag,ticket,ts
,,,OWNER_R_EXIT_GIVEBACK_45,,APPROVE,,false,,,,,,,,,,OWNER_R_EXIT_DECISION,2,
,,,OWNER_R_EXIT_GIVEBACK_45,,,,false,,,,,,,,,10009,OWNER_R_EXIT_CLOSE_APPROVED,2,
,,,OWNER_R_EXIT_GIVEBACK_45,,APPROVE,,false,,,,,,,,,,OWNER_R_EXIT_DECISION,4,
,,,OWNER_R_EXIT_GIVEBACK_45,,,,false,,,,,,,,,10009,OWNER_R_EXIT_CLOSE_APPROVED,4,
,,,,,,,,0.300,,,0.404,,GENERAL,,,,OWNER_R_EXIT_FLOOR_ARMED,6,
,,,,,,,,,,0.351,0.501,0.300,GENERAL,,,,OWNER_R_EXIT_FLOOR_RATCHET,6,
,,,,,,,,,,0.356,0.508,0.351,GENERAL,,,,OWNER_R_EXIT_FLOOR_RATCHET,6,
,,,,,,,,,,0.356,0.508,0.356,GENERAL,,,,OWNER_R_EXIT_FLOOR_RATCHET,6,
,,,,,,,,,,0.364,0.520,0.356,GENERAL,,,,OWNER_R_EXIT_FLOOR_RATCHET,6,
,,,,,,,,,,0.364,0.521,0.364,GENERAL,,,,OWNER_R_EXIT_FLOOR_RATCHET,6,
,,,,,,,,,,0.365,0.522,0.364,GENERAL,,,,OWNER_R_EXIT_FLOOR_RATCHET,6,
,,,,,,,,,,0.368,0.526,0.365,GENERAL,,,,OWNER_R_EXIT_FLOOR_RATCHET,6,
,,,,,,,,,,0.369,0.527,0.368,GENERAL,,,,OWNER_R_EXIT_FLOOR_RATCHET,6,
,,,,,,,,,,0.369,0.528,0.369,GENERAL,,,,OWNER_R_EXIT_FLOOR_RATCHET,6,
,,,,,,,,,,0.370,0.529,0.369,GENERAL,,,,OWNER_R_EXIT_FLOOR_RATCHET,6,
,,,,,,,,,,0.370,0.529,0.370,GENERAL,,,,OWNER_R_EXIT_FLOOR_RATCHET,6,
,,,,,,,,,,0.373,0.534,0.370,GENERAL,,,,OWNER_R_EXIT_FLOOR_RATCHET,6,
,,,,,,,,,,0.375,0.536,0.373,GENERAL,,,,OWNER_R_EXIT_FLOOR_RATCHET,6,
,,,,,,,,,,0.378,0.541,0.375,GENERAL,,,,OWNER_R_EXIT_FLOOR_RATCHET,6,
,,,,,,,,,,0.382,0.545,0.378,GENERAL,,,,OWNER_R_EXIT_FLOOR_RATCHET,6,
,,,,,,,,,,0.382,0.546,0.382,GENERAL,,,,OWNER_R_EXIT_FLOOR_RATCHET,6,
,,,,,,,,,,0.385,0.550,0.382,GENERAL,,,,OWNER_R_EXIT_FLOOR_RATCHET,6,
CLOSE_AT_OR_ABOVE_FLOOR,,,,0.395,,BUY,,,0.38,,,,,,OWNER_R_EXIT_FLOOR_BREACH,,OWNER_R_EXIT_DECISION,6,
,,,OWNER_R_EXIT_FLOOR_BREACH,,APPROVE,,false,,,,,,,,,,OWNER_R_EXIT_DECISION,6,
,,,OWNER_R_EXIT_FLOOR_BREACH,,,,false,,,,,,,,,10009,OWNER_R_EXIT_CLOSE_APPROVED,6,
,,,OWNER_R_EXIT_GIVEBACK_45,,APPROVE,,false,,,,,,,,,,OWNER_R_EXIT_DECISION,8,
,,,OWNER_R_EXIT_GIVEBACK_45,,,,false,,,,,,,,,10009,OWNER_R_EXIT_CLOSE_APPROVED,8,
,,,,,,,,0.300,,,0.415,,GENERAL,,,,OWNER_R_EXIT_FLOOR_ARMED,10,
,,,,,,,,,,0.354,0.506,0.300,GENERAL,,,,OWNER_R_EXIT_FLOOR_RATCHET,10,
,,,,,,,,,,0.356,0.509,0.354,GENERAL,,,,OWNER_R_EXIT_FLOOR_RATCHET,10,
,,,,,,,,,,0.357,0.510,0.356,GENERAL,,,,OWNER_R_EXIT_FLOOR_RATCHET,10,
,,,,,,,,,,0.367,0.524,0.357,GENERAL,,,,OWNER_R_EXIT_FLOOR_RATCHET,10,
,,,,,,,,,,0.368,0.525,0.367,GENERAL,,,,OWNER_R_EXIT_FLOOR_RATCHET,10,
,,,,,,,,,,0.377,0.539,0.368,GENERAL,,,,OWNER_R_EXIT_FLOOR_RATCHET,10,
,,,,,,,,,,0.387,0.553,0.377,GENERAL,,,,OWNER_R_EXIT_FLOOR_RATCHET,10,
,,,,,,,,,,0.388,0.554,0.387,GENERAL,,,,OWNER_R_EXIT_FLOOR_RATCHET,10,
,,,,,,,,,,0.390,0.558,0.388,GENERAL,,,,OWNER_R_EXIT_FLOOR_RATCHET,10,
CLOSE_AT_OR_ABOVE_FLOOR,,,,0.414,,BUY,,,0.39,,,,,,OWNER_R_EXIT_FLOOR_BREACH,,OWNER_R_EXIT_DECISION,10,
,,,OWNER_R_EXIT_FLOOR_BREACH,,APPROVE,,false,,,,,,,,,,OWNER_R_EXIT_DECISION,10,
,,,OWNER_R_EXIT_FLOOR_BREACH,,,,false,,,,,,,,,10009,OWNER_R_EXIT_CLOSE_APPROVED,10,
,,,OWNER_R_EXIT_GIVEBACK_45,,APPROVE,,false,,,,,,,,,,OWNER_R_EXIT_DECISION,12,
,,,OWNER_R_EXIT_GIVEBACK_45,,,,false,,,,,,,,,10009,OWNER_R_EXIT_CLOSE_APPROVED,12,
,,,OWNER_R_EXIT_GIVEBACK_45,,APPROVE,,false,,,,,,,,,,OWNER_R_EXIT_DECISION,14,
,,,OWNER_R_EXIT_GIVEBACK_45,,,,false,,,,,,,,,10009,OWNER_R_EXIT_CLOSE_APPROVED,14,
,,,OWNER_R_EXIT_GIVEBACK_45,,APPROVE,,false,,,,,,,,,,OWNER_R_EXIT_DECISION,16,
,,,OWNER_R_EXIT_GIVEBACK_45,,,,false,,,,,,,,,10009,OWNER_R_EXIT_CLOSE_APPROVED,16,
TELEMETRY_ONLY,DIRECTION_EXCLUSIVITY_PROFITABLE_CLOSE_FIRST,,,,,,,,,,,,,,,,OWNER_R_EXIT_CLOSE_REJECTED_LEGACY_AUTHORITY,20,
,,,OWNER_R_EXIT_GIVEBACK_45,,APPROVE,,false,,,,,,,,,,OWNER_R_EXIT_DECISION,20,
,,,OWNER_R_EXIT_GIVEBACK_45,,,,false,,,,,,,,,10009,OWNER_R_EXIT_CLOSE_APPROVED,20,
,,,,,,,,0.300,,,0.404,,GENERAL,,,,OWNER_R_EXIT_FLOOR_ARMED,24,
CLOSE_AT_OR_ABOVE_FLOOR,,,,0.306,,SELL,,,0.30,,,,,,OWNER_R_EXIT_FLOOR_BREACH,,OWNER_R_EXIT_DECISION,24,
,,,OWNER_R_EXIT_FLOOR_BREACH,,APPROVE,,false,,,,,,,,,,OWNER_R_EXIT_DECISION,24,
,,,OWNER_R_EXIT_FLOOR_BREACH,,,,false,,,,,,,,,10009,OWNER_R_EXIT_CLOSE_APPROVED,24,
,,,,,,,,0.300,,,0.402,,GENERAL,,,,OWNER_R_EXIT_FLOOR_ARMED,28,
CLOSE_AT_OR_ABOVE_FLOOR,,,,0.307,,SELL,,,0.30,,,,,,OWNER_R_EXIT_FLOOR_BREACH,,OWNER_R_EXIT_DECISION,28,
,,,OWNER_R_EXIT_FLOOR_BREACH,,APPROVE,,false,,,,,,,,,,OWNER_R_EXIT_DECISION,28,
,,,OWNER_R_EXIT_FLOOR_BREACH,,,,false,,,,,,,,,10009,OWNER_R_EXIT_CLOSE_APPROVED,28,
,,,OWNER_R_EXIT_GIVEBACK_45,,APPROVE,,false,,,,,,,,,,OWNER_R_EXIT_DECISION,30,
,,,OWNER_R_EXIT_GIVEBACK_45,,,,false,,,,,,,,,10009,OWNER_R_EXIT_CLOSE_APPROVED,30,
,,,OWNER_R_EXIT_GIVEBACK_45,,APPROVE,,false,,,,,,,,,,OWNER_R_EXIT_DECISION,34,
,,,OWNER_R_EXIT_GIVEBACK_45,,,,false,,,,,,,,,10009,OWNER_R_EXIT_CLOSE_APPROVED,34,
,,,OWNER_R_EXIT_GIVEBACK_45,,APPROVE,,false,,,,,,,,,,OWNER_R_EXIT_DECISION,38,
,,,OWNER_R_EXIT_GIVEBACK_45,,,,false,,,,,,,,,10009,OWNER_R_EXIT_CLOSE_APPROVED,38,
,,,,,,,,0.300,,,0.402,,GENERAL,,,,OWNER_R_EXIT_FLOOR_ARMED,40,
CLOSE_AT_OR_ABOVE_FLOOR,,,,0.306,,SELL,,,0.30,,,,,,OWNER_R_EXIT_FLOOR_BREACH,,OWNER_R_EXIT_DECISION,40,
,,,OWNER_R_EXIT_FLOOR_BREACH,,APPROVE,,false,,,,,,,,,,OWNER_R_EXIT_DECISION,40,
,,,OWNER_R_EXIT_FLOOR_BREACH,,,,false,,,,,,,,,10009,OWNER_R_EXIT_CLOSE_APPROVED,40,
,,,,,,,,0.300,,,0.401,,GENERAL,,,,OWNER_R_EXIT_FLOOR_ARMED,44,
,,,,,,,,0.300,,,0.409,,GENERAL,,,,OWNER_R_EXIT_FLOOR_ARMED,48,
,,,OWNER_R_EXIT_RUNNER_CONTINUATION_FAILED,,APPROVE,,false,,,,,,,,,,OWNER_R_EXIT_DECISION,48,
,,,OWNER_R_EXIT_RUNNER_CONTINUATION_FAILED,,,,false,,,,,,,,,10009,OWNER_R_EXIT_CLOSE_APPROVED,48,
,,,OWNER_R_EXIT_GIVEBACK_45,,APPROVE,,false,,,,,,,,,,OWNER_R_EXIT_DECISION,50,
,,,OWNER_R_EXIT_GIVEBACK_45,,,,false,,,,,,,,,10009,OWNER_R_EXIT_CLOSE_APPROVED,50,
,,,,,,,,0.300,,,0.401,,GENERAL,,,,OWNER_R_EXIT_FLOOR_ARMED,52,
,,,,,,,,,,0.360,0.515,0.300,GENERAL,,,,OWNER_R_EXIT_FLOOR_RATCHET,52,
,,,,,,,,,,0.373,0.533,0.360,GENERAL,,,,OWNER_R_EXIT_FLOOR_RATCHET,52,
,,,,,,,,,,0.376,0.537,0.373,GENERAL,,,,OWNER_R_EXIT_FLOOR_RATCHET,52,
,,,,,,,,,,0.395,0.565,0.376,GENERAL,,,,OWNER_R_EXIT_FLOOR_RATCHET,52,
,,,,,,,,,,0.401,0.573,0.395,GENERAL,,,,OWNER_R_EXIT_FLOOR_RATCHET,52,
,,,,,,,,,,0.402,0.574,0.401,GENERAL,,,,OWNER_R_EXIT_FLOOR_RATCHET,52,
,,,,,,,,,,0.405,0.578,0.402,GENERAL,,,,OWNER_R_EXIT_FLOOR_RATCHET,52,
,,,,,,,,,,0.406,0.579,0.405,GENERAL,,,,OWNER_R_EXIT_FLOOR_RATCHET,52,
,,,,,,,,,,0.407,0.582,0.406,GENERAL,,,,OWNER_R_EXIT_FLOOR_RATCHET,52,
,,,,,,,,,,0.408,0.583,0.407,GENERAL,,,,OWNER_R_EXIT_FLOOR_RATCHET,52,
,,,,,,,,,,0.409,0.584,0.408,GENERAL,,,,OWNER_R_EXIT_FLOOR_RATCHET,52,
,,,,,,,,,,0.410,0.585,0.409,GENERAL,,,,OWNER_R_EXIT_FLOOR_RATCHET,52,
,,,,,,,,,,0.410,0.586,0.410,GENERAL,,,,OWNER_R_EXIT_FLOOR_RATCHET,52,
,,,,,,,,,,0.411,0.587,0.410,GENERAL,,,,OWNER_R_EXIT_FLOOR_RATCHET,52,
CLOSE_AT_OR_ABOVE_FLOOR,,,,0.435,,BUY,,,0.41,,,,,,OWNER_R_EXIT_FLOOR_BREACH,,OWNER_R_EXIT_DECISION,52,
,,,OWNER_R_EXIT_FLOOR_BREACH,,APPROVE,,false,,,,,,,,,,OWNER_R_EXIT_DECISION,52,
,,,OWNER_R_EXIT_FLOOR_BREACH,,,,false,,,,,,,,,10009,OWNER_R_EXIT_CLOSE_APPROVED,52,
,,,,,,,,0.300,,,0.402,,GENERAL,,,,OWNER_R_EXIT_FLOOR_ARMED,54,
,,,,,,,,,,0.353,0.504,0.300,GENERAL,,,,OWNER_R_EXIT_FLOOR_RATCHET,54,
,,,,,,,,,,0.355,0.507,0.353,GENERAL,,,,OWNER_R_EXIT_FLOOR_RATCHET,54,
,,,,,,,,,,0.358,0.512,0.355,GENERAL,,,,OWNER_R_EXIT_FLOOR_RATCHET,54,
,,,,,,,,,,0.359,0.513,0.358,GENERAL,,,,OWNER_R_EXIT_FLOOR_RATCHET,54,
CLOSE_AT_OR_ABOVE_FLOOR,,,,0.370,,BUY,,,0.36,,,,,,OWNER_R_EXIT_FLOOR_BREACH,,OWNER_R_EXIT_DECISION,54,
,,,OWNER_R_EXIT_FLOOR_BREACH,,APPROVE,,false,,,,,,,,,,OWNER_R_EXIT_DECISION,54,
,,,OWNER_R_EXIT_FLOOR_BREACH,,,,false,,,,,,,,,10009,OWNER_R_EXIT_CLOSE_APPROVED,54,
,,,OWNER_R_EXIT_GIVEBACK_45,,APPROVE,,false,,,,,,,,,,OWNER_R_EXIT_DECISION,56,
,,,OWNER_R_EXIT_GIVEBACK_45,,,,false,,,,,,,,,10009,OWNER_R_EXIT_CLOSE_APPROVED,56,
,,,OWNER_R_EXIT_GIVEBACK_45,,APPROVE,,false,,,,,,,,,,OWNER_R_EXIT_DECISION,58,
,,,OWNER_R_EXIT_GIVEBACK_45,,,,false,,,,,,,,,10009,OWNER_R_EXIT_CLOSE_APPROVED,58,
,,,,,,,,0.300,,,0.404,,GENERAL,,,,OWNER_R_EXIT_FLOOR_ARMED,60,
,,,,,,,,,,0.352,0.503,0.300,GENERAL,,,,OWNER_R_EXIT_FLOOR_RATCHET,60,
,,,,,,,,,,0.364,0.520,0.352,GENERAL,,,,OWNER_R_EXIT_FLOOR_RATCHET,60,
,,,,,,,,,,0.365,0.521,0.364,GENERAL,,,,OWNER_R_EXIT_FLOOR_RATCHET,60,
,,,,,,,,,,0.366,0.523,0.365,GENERAL,,,,OWNER_R_EXIT_FLOOR_RATCHET,60,
,,,,,,,,,,0.368,0.526,0.366,GENERAL,,,,OWNER_R_EXIT_FLOOR_RATCHET,60,
,,,,,,,,,,0.371,0.530,0.368,GENERAL,,,,OWNER_R_EXIT_FLOOR_RATCHET,60,
,,,,,,,,,,0.378,0.540,0.371,GENERAL,,,,OWNER_R_EXIT_FLOOR_RATCHET,60,
CLOSE_AT_OR_ABOVE_FLOOR,,,,0.393,,BUY,,,0.38,,,,,,OWNER_R_EXIT_FLOOR_BREACH,,OWNER_R_EXIT_DECISION,60,
,,,OWNER_R_EXIT_FLOOR_BREACH,,APPROVE,,false,,,,,,,,,,OWNER_R_EXIT_DECISION,60,
,,,OWNER_R_EXIT_FLOOR_BREACH,,,,false,,,,,,,,,10009,OWNER_R_EXIT_CLOSE_APPROVED,60,
,,,OWNER_R_EXIT_GIVEBACK_45,,APPROVE,,false,,,,,,,,,,OWNER_R_EXIT_DECISION,62,
,,,OWNER_R_EXIT_GIVEBACK_45,,,,false,,,,,,,,,10009,OWNER_R_EXIT_CLOSE_APPROVED,62,
,,,,,,,,0.300,,,0.403,,GENERAL,,,,OWNER_R_EXIT_FLOOR_ARMED,66,
,,,,,,,,,,0.351,0.502,0.300,GENERAL,,,,OWNER_R_EXIT_FLOOR_RATCHET,66,
,,,,,,,,,,0.353,0.504,0.351,GENERAL,,,,OWNER_R_EXIT_FLOOR_RATCHET,66,
,,,,,,,,,,0.355,0.507,0.353,GENERAL,,,,OWNER_R_EXIT_FLOOR_RATCHET,66,
,,,,,,,,,,0.359,0.512,0.355,GENERAL,,,,OWNER_R_EXIT_FLOOR_RATCHET,66,
,,,,,,,,,,0.360,0.514,0.359,GENERAL,,,,OWNER_R_EXIT_FLOOR_RATCHET,66,
,,,,,,,,,,0.360,0.515,0.360,GENERAL,,,,OWNER_R_EXIT_FLOOR_RATCHET,66,
,,,,,,,,,,0.361,0.516,0.360,GENERAL,,,,OWNER_R_EXIT_FLOOR_RATCHET,66,
,,,,,,,,,,0.365,0.521,0.361,GENERAL,,,,OWNER_R_EXIT_FLOOR_RATCHET,66,
,,,,,,,,,,0.365,0.522,0.365,GENERAL,,,,OWNER_R_EXIT_FLOOR_RATCHET,66,
,,,,,,,,,,0.366,0.524,0.365,GENERAL,,,,OWNER_R_EXIT_FLOOR_RATCHET,66,
,,,,,,,,,,0.367,0.524,0.366,GENERAL,,,,OWNER_R_EXIT_FLOOR_RATCHET,66,
,,,,,,,,,,0.370,0.529,0.367,GENERAL,,,,OWNER_R_EXIT_FLOOR_RATCHET,66,
,,,,,,,,,,0.373,0.533,0.370,GENERAL,,,,OWNER_R_EXIT_FLOOR_RATCHET,66,
,,,,,,,,,,0.374,0.534,0.373,GENERAL,,,,OWNER_R_EXIT_FLOOR_RATCHET,66,
,,,,,,,,,,0.375,0.536,0.374,GENERAL,,,,OWNER_R_EXIT_FLOOR_RATCHET,66,
,,,,,,,,,,0.375,0.536,0.375,GENERAL,,,,OWNER_R_EXIT_FLOOR_RATCHET,66,
,,,,,,,,,,0.376,0.537,0.375,GENERAL,,,,OWNER_R_EXIT_FLOOR_RATCHET,66,
,,,,,,,,,,0.382,0.545,0.376,GENERAL,,,,OWNER_R_EXIT_FLOOR_RATCHET,66,
,,,,,,,,,,0.386,0.552,0.382,GENERAL,,,,OWNER_R_EXIT_FLOOR_RATCHET,66,
,,,,,,,,,,0.386,0.552,0.386,GENERAL,,,,OWNER_R_EXIT_FLOOR_RATCHET,66,
,,,,,,,,,,0.387,0.552,0.386,GENERAL,,,,OWNER_R_EXIT_FLOOR_RATCHET,66,
,,,,,,,,,,0.388,0.554,0.387,GENERAL,,,,OWNER_R_EXIT_FLOOR_RATCHET,66,
,,,,,,,,,,0.390,0.558,0.388,GENERAL,,,,OWNER_R_EXIT_FLOOR_RATCHET,66,
CLOSE_AT_OR_ABOVE_FLOOR,,,,0.399,,SELL,,,0.39,,,,,,OWNER_R_EXIT_FLOOR_BREACH,,OWNER_R_EXIT_DECISION,66,
,,,OWNER_R_EXIT_FLOOR_BREACH,,APPROVE,,false,,,,,,,,,,OWNER_R_EXIT_DECISION,66,
,,,OWNER_R_EXIT_FLOOR_BREACH,,,,false,,,,,,,,,10009,OWNER_R_EXIT_CLOSE_APPROVED,66,
,,,OWNER_R_EXIT_GIVEBACK_45,,APPROVE,,false,,,,,,,,,,OWNER_R_EXIT_DECISION,68,
,,,OWNER_R_EXIT_GIVEBACK_45,,,,false,,,,,,,,,10009,OWNER_R_EXIT_CLOSE_APPROVED,68,
,,,,,,,,0.300,,,0.402,,GENERAL,,,,OWNER_R_EXIT_FLOOR_ARMED,70,
,,,,,,,,,,0.351,0.502,0.300,GENERAL,,,,OWNER_R_EXIT_FLOOR_RATCHET,70,
,,,,,,,,,,0.357,0.510,0.351,GENERAL,,,,OWNER_R_EXIT_FLOOR_RATCHET,70,
,,,,,,,,,,0.359,0.512,0.357,GENERAL,,,,OWNER_R_EXIT_FLOOR_RATCHET,70,
,,,,,,,,,,0.361,0.516,0.359,GENERAL,,,,OWNER_R_EXIT_FLOOR_RATCHET,70,
,,,,,,,,,,0.361,0.516,0.361,GENERAL,,,,OWNER_R_EXIT_FLOOR_RATCHET,70,
,,,,,,,,,,0.366,0.522,0.361,GENERAL,,,,OWNER_R_EXIT_FLOOR_RATCHET,70,
,,,,,,,,,,0.366,0.523,0.366,GENERAL,,,,OWNER_R_EXIT_FLOOR_RATCHET,70,
,,,,,,,,,,0.368,0.526,0.366,GENERAL,,,,OWNER_R_EXIT_FLOOR_RATCHET,70,
,,,,,,,,,,0.371,0.529,0.368,GENERAL,,,,OWNER_R_EXIT_FLOOR_RATCHET,70,
,,,,,,,,,,0.375,0.536,0.371,GENERAL,,,,OWNER_R_EXIT_FLOOR_RATCHET,70,
,,,,,,,,,,0.377,0.538,0.375,GENERAL,,,,OWNER_R_EXIT_FLOOR_RATCHET,70,
,,,,,,,,,,0.381,0.544,0.377,GENERAL,,,,OWNER_R_EXIT_FLOOR_RATCHET,70,
,,,,,,,,,,0.383,0.547,0.381,GENERAL,,,,OWNER_R_EXIT_FLOOR_RATCHET,70,
,,,,,,,,,,0.386,0.551,0.383,GENERAL,,,,OWNER_R_EXIT_FLOOR_RATCHET,70,
,,,,,,,,,,0.386,0.552,0.386,GENERAL,,,,OWNER_R_EXIT_FLOOR_RATCHET,70,
,,,,,,,,,,0.387,0.552,0.386,GENERAL,,,,OWNER_R_EXIT_FLOOR_RATCHET,70,
,,,,,,,,,,0.389,0.556,0.387,GENERAL,,,,OWNER_R_EXIT_FLOOR_RATCHET,70,
,,,,,,,,,,0.392,0.559,0.389,GENERAL,,,,OWNER_R_EXIT_FLOOR_RATCHET,70,
,,,,,,,,,,0.395,0.564,0.392,GENERAL,,,,OWNER_R_EXIT_FLOOR_RATCHET,70,
,,,,,,,,,,0.395,0.564,0.395,GENERAL,,,,OWNER_R_EXIT_FLOOR_RATCHET,70,
,,,,,,,,,,0.395,0.565,0.395,GENERAL,,,,OWNER_R_EXIT_FLOOR_RATCHET,70,
,,,,,,,,,,0.400,0.571,0.395,GENERAL,,,,OWNER_R_EXIT_FLOOR_RATCHET,70,
,,,,,,,,,,0.402,0.575,0.400,GENERAL,,,,OWNER_R_EXIT_FLOOR_RATCHET,70,
,,,,,,,,,,0.408,0.583,0.402,GENERAL,,,,OWNER_R_EXIT_FLOOR_RATCHET,70,
,,,,,,,,,,0.408,0.583,0.408,GENERAL,,,,OWNER_R_EXIT_FLOOR_RATCHET,70,
,,,,,,,,,,0.410,0.586,0.408,GENERAL,,,,OWNER_R_EXIT_FLOOR_RATCHET,70,
,,,,,,,,,,0.416,0.594,0.410,GENERAL,,,,OWNER_R_EXIT_FLOOR_RATCHET,70,
,,,,,,,,,,0.416,0.594,0.416,GENERAL,,,,OWNER_R_EXIT_FLOOR_RATCHET,70,
,,,,,,,,,,0.416,0.595,0.416,GENERAL,,,,OWNER_R_EXIT_FLOOR_RATCHET,70,
,,,,,,,,,,0.417,0.596,0.416,GENERAL,,,,OWNER_R_EXIT_FLOOR_RATCHET,70,
,,,,,,,,,,0.422,0.603,0.417,GENERAL,,,,OWNER_R_EXIT_FLOOR_RATCHET,70,
,,,,,,,,,,0.429,0.613,0.422,GENERAL,,,,OWNER_R_EXIT_FLOOR_RATCHET,70,
,,,,,,,,,,0.433,0.618,0.429,GENERAL,,,,OWNER_R_EXIT_FLOOR_RATCHET,70,
,,,,,,,,,,0.435,0.622,0.433,GENERAL,,,,OWNER_R_EXIT_FLOOR_RATCHET,70,
,,,,,,,,,,0.436,0.623,0.435,GENERAL,,,,OWNER_R_EXIT_FLOOR_RATCHET,70,
,,,,,,,,,,0.436,0.624,0.436,GENERAL,,,,OWNER_R_EXIT_FLOOR_RATCHET,70,
,,,,,,,,,,0.438,0.626,0.436,GENERAL,,,,OWNER_R_EXIT_FLOOR_RATCHET,70,
,,,,,,,,,,0.440,0.629,0.438,GENERAL,,,,OWNER_R_EXIT_FLOOR_RATCHET,70,
,,,,,,,,,,0.451,0.644,0.440,GENERAL,,,,OWNER_R_EXIT_FLOOR_RATCHET,70,
,,,,,,,,,,0.452,0.646,0.451,GENERAL,,,,OWNER_R_EXIT_FLOOR_RATCHET,70,
,,,,,,,,,,0.455,0.650,0.452,GENERAL,,,,OWNER_R_EXIT_FLOOR_RATCHET,70,
,,,,,,,,,,0.457,0.653,0.455,GENERAL,,,,OWNER_R_EXIT_FLOOR_RATCHET,70,
,,,,,,,,,,0.458,0.654,0.457,GENERAL,,,,OWNER_R_EXIT_FLOOR_RATCHET,70,
,,,,,,,,,,0.463,0.661,0.458,GENERAL,,,,OWNER_R_EXIT_FLOOR_RATCHET,70,
,,,,,,,,,,0.465,0.664,0.463,GENERAL,,,,OWNER_R_EXIT_FLOOR_RATCHET,70,
,,,,,,,,,,0.465,0.664,0.465,GENERAL,,,,OWNER_R_EXIT_FLOOR_RATCHET,70,
,,,,,,,,,,0.466,0.665,0.465,GENERAL,,,,OWNER_R_EXIT_FLOOR_RATCHET,70,
,,,,,,,,,,0.469,0.670,0.466,GENERAL,,,,OWNER_R_EXIT_FLOOR_RATCHET,70,
,,,,,,,,,,0.472,0.674,0.469,GENERAL,,,,OWNER_R_EXIT_FLOOR_RATCHET,70,
,,,,,,,,,,0.473,0.676,0.472,GENERAL,,,,OWNER_R_EXIT_FLOOR_RATCHET,70,
,,,,,,,,,,0.476,0.681,0.473,GENERAL,,,,OWNER_R_EXIT_FLOOR_RATCHET,70,
,,,,,,,,,,0.483,0.690,0.476,GENERAL,,,,OWNER_R_EXIT_FLOOR_RATCHET,70,
,,,,,,,,,,0.484,0.691,0.483,GENERAL,,,,OWNER_R_EXIT_FLOOR_RATCHET,70,
,,,,,,,,,,0.484,0.692,0.484,GENERAL,,,,OWNER_R_EXIT_FLOOR_RATCHET,70,
,,,,,,,,,,0.488,0.698,0.484,GENERAL,,,,OWNER_R_EXIT_FLOOR_RATCHET,70,
,,,,,,,,,,0.489,0.699,0.488,GENERAL,,,,OWNER_R_EXIT_FLOOR_RATCHET,70,
,,,,,,,,,,0.490,0.700,0.489,GENERAL,,,,OWNER_R_EXIT_FLOOR_RATCHET,70,
,,,,,,,,,,0.491,0.701,0.490,GENERAL,,,,OWNER_R_EXIT_FLOOR_RATCHET,70,
,,,,,,,,,,0.495,0.707,0.491,GENERAL,,,,OWNER_R_EXIT_FLOOR_RATCHET,70,
,,,,,,,,,,0.496,0.709,0.495,GENERAL,,,,OWNER_R_EXIT_FLOOR_RATCHET,70,
,,,,,,,,,,0.498,0.712,0.496,GENERAL,,,,OWNER_R_EXIT_FLOOR_RATCHET,70,
,,,,,,,,,,0.502,0.717,0.498,GENERAL,,,,OWNER_R_EXIT_FLOOR_RATCHET,70,
,,,,,,,,,,0.502,0.717,0.502,GENERAL,,,,OWNER_R_EXIT_FLOOR_RATCHET,70,
,,,,,,,,,,0.503,0.719,0.502,GENERAL,,,,OWNER_R_EXIT_FLOOR_RATCHET,70,
,,,,,,,,,,0.506,0.723,0.503,GENERAL,,,,OWNER_R_EXIT_FLOOR_RATCHET,70,
,,,,,,,,,,0.515,0.735,0.506,GENERAL,,,,OWNER_R_EXIT_FLOOR_RATCHET,70,
,,,,,,,,,,0.516,0.737,0.515,GENERAL,,,,OWNER_R_EXIT_FLOOR_RATCHET,70,
,,,,,,,,,,0.516,0.737,0.516,GENERAL,,,,OWNER_R_EXIT_FLOOR_RATCHET,70,
,,,,,,,,,,0.516,0.738,0.516,GENERAL,,,,OWNER_R_EXIT_FLOOR_RATCHET,70,
,,,,,,,,,,0.519,0.741,0.516,GENERAL,,,,OWNER_R_EXIT_FLOOR_RATCHET,70,
,,,,,,,,,,0.520,0.743,0.519,GENERAL,,,,OWNER_R_EXIT_FLOOR_RATCHET,70,
,,,,,,,,,,0.520,0.743,0.520,GENERAL,,,,OWNER_R_EXIT_FLOOR_RATCHET,70,
,,,,,,,,,,0.522,0.745,0.520,GENERAL,,,,OWNER_R_EXIT_FLOOR_RATCHET,70,
,,,,,,,,,,0.525,0.750,0.522,GENERAL,,,,OWNER_R_EXIT_FLOOR_RATCHET,70,
,,,,,,,,,,0.526,0.751,0.525,GENERAL,,,,OWNER_R_EXIT_FLOOR_RATCHET,70,
,,,,,,,,,,0.527,0.752,0.526,GENERAL,,,,OWNER_R_EXIT_FLOOR_RATCHET,70,
,,,,,,,,,,0.529,0.756,0.527,GENERAL,,,,OWNER_R_EXIT_FLOOR_RATCHET,70,
,,,,,,,,,,0.530,0.757,0.529,GENERAL,,,,OWNER_R_EXIT_FLOOR_RATCHET,70,
CLOSE_AT_OR_ABOVE_FLOOR,,,,0.534,,BUY,,,0.53,,,,,,OWNER_R_EXIT_FLOOR_BREACH,,OWNER_R_EXIT_DECISION,70,
,,,OWNER_R_EXIT_FLOOR_BREACH,,APPROVE,,false,,,,,,,,,,OWNER_R_EXIT_DECISION,70,
,,,OWNER_R_EXIT_FLOOR_BREACH,,,,false,,,,,,,,,10009,OWNER_R_EXIT_CLOSE_APPROVED,70,
,,,,,,,,0.300,,,0.403,,GENERAL,,,,OWNER_R_EXIT_FLOOR_ARMED,72,
,,,OWNER_R_EXIT_RUNNER_CONTINUATION_FAILED,,APPROVE,,false,,,,,,,,,,OWNER_R_EXIT_DECISION,72,
,,,OWNER_R_EXIT_RUNNER_CONTINUATION_FAILED,,,,false,,,,,,,,,10009,OWNER_R_EXIT_CLOSE_APPROVED,72,
,,,OWNER_R_EXIT_GIVEBACK_45,,APPROVE,,false,,,,,,,,,,OWNER_R_EXIT_DECISION,74,
,,,OWNER_R_EXIT_GIVEBACK_45,,,,false,,,,,,,,,10009,OWNER_R_EXIT_CLOSE_APPROVED,74,
,,,,,,,,0.300,,,0.403,,GENERAL,,,,OWNER_R_EXIT_FLOOR_ARMED,76,
CLOSE_AT_OR_ABOVE_FLOOR,,,,0.313,,SELL,,,0.30,,,,,,OWNER_R_EXIT_FLOOR_BREACH,,OWNER_R_EXIT_DECISION,76,
,,,OWNER_R_EXIT_FLOOR_BREACH,,APPROVE,,false,,,,,,,,,,OWNER_R_EXIT_DECISION,76,
,,,OWNER_R_EXIT_FLOOR_BREACH,,,,false,,,,,,,,,10009,OWNER_R_EXIT_CLOSE_APPROVED,76,
,,,OWNER_R_EXIT_GIVEBACK_45,,APPROVE,,false,,,,,,,,,,OWNER_R_EXIT_DECISION,78,
,,,OWNER_R_EXIT_GIVEBACK_45,,,,false,,,,,,,,,10009,OWNER_R_EXIT_CLOSE_APPROVED,78,
,,,OWNER_R_EXIT_GIVEBACK_45,,APPROVE,,false,,,,,,,,,,OWNER_R_EXIT_DECISION,80,
,,,OWNER_R_EXIT_GIVEBACK_45,,,,false,,,,,,,,,10009,OWNER_R_EXIT_CLOSE_APPROVED,80,
,,,OWNER_R_EXIT_GIVEBACK_45,,APPROVE,,false,,,,,,,,,,OWNER_R_EXIT_DECISION,82,
,,,OWNER_R_EXIT_GIVEBACK_45,,,,false,,,,,,,,,10009,OWNER_R_EXIT_CLOSE_APPROVED,82,
,,,OWNER_R_EXIT_GIVEBACK_45,,APPROVE,,false,,,,,,,,,,OWNER_R_EXIT_DECISION,84,
,,,OWNER_R_EXIT_GIVEBACK_45,,,,false,,,,,,,,,10009,OWNER_R_EXIT_CLOSE_APPROVED,84,
,,,,,,,,0.300,,,0.415,,GENERAL,,,,OWNER_R_EXIT_FLOOR_ARMED,88,
,,,OWNER_R_EXIT_RUNNER_CONTINUATION_FAILED,,APPROVE,,false,,,,,,,,,,OWNER_R_EXIT_DECISION,88,
,,,OWNER_R_EXIT_RUNNER_CONTINUATION_FAILED,,,,false,,,,,,,,,10009,OWNER_R_EXIT_CLOSE_APPROVED,88,
,,,,,,,,0.300,,,0.401,,GENERAL,,,,OWNER_R_EXIT_FLOOR_ARMED,90,
,,,,,,,,,,0.350,0.500,0.300,GENERAL,,,,OWNER_R_EXIT_FLOOR_RATCHET,90,
,,,,,,,,,,0.351,0.501,0.350,GENERAL,,,,OWNER_R_EXIT_FLOOR_RATCHET,90,
,,,,,,,,,,0.352,0.503,0.351,GENERAL,,,,OWNER_R_EXIT_FLOOR_RATCHET,90,
,,,,,,,,,,0.353,0.505,0.352,GENERAL,,,,OWNER_R_EXIT_FLOOR_RATCHET,90,
,,,,,,,,,,0.354,0.506,0.353,GENERAL,,,,OWNER_R_EXIT_FLOOR_RATCHET,90,
,,,,,,,,,,0.361,0.516,0.354,GENERAL,,,,OWNER_R_EXIT_FLOOR_RATCHET,90,
,,,,,,,,,,0.361,0.516,0.361,GENERAL,,,,OWNER_R_EXIT_FLOOR_RATCHET,90,
,,,,,,,,,,0.362,0.517,0.361,GENERAL,,,,OWNER_R_EXIT_FLOOR_RATCHET,90,
,,,,,,,,,,0.362,0.517,0.362,GENERAL,,,,OWNER_R_EXIT_FLOOR_RATCHET,90,
,,,,,,,,,,0.368,0.525,0.362,GENERAL,,,,OWNER_R_EXIT_FLOOR_RATCHET,90,
,,,,,,,,,,0.368,0.526,0.368,GENERAL,,,,OWNER_R_EXIT_FLOOR_RATCHET,90,
,,,,,,,,,,0.368,0.526,0.368,GENERAL,,,,OWNER_R_EXIT_FLOOR_RATCHET,90,
,,,,,,,,,,0.370,0.529,0.368,GENERAL,,,,OWNER_R_EXIT_FLOOR_RATCHET,90,
,,,,,,,,,,0.371,0.530,0.370,GENERAL,,,,OWNER_R_EXIT_FLOOR_RATCHET,90,
,,,,,,,,,,0.378,0.540,0.371,GENERAL,,,,OWNER_R_EXIT_FLOOR_RATCHET,90,
,,,,,,,,,,0.378,0.540,0.378,GENERAL,,,,OWNER_R_EXIT_FLOOR_RATCHET,90,
,,,,,,,,,,0.379,0.542,0.378,GENERAL,,,,OWNER_R_EXIT_FLOOR_RATCHET,90,
,,,,,,,,,,0.379,0.542,0.379,GENERAL,,,,OWNER_R_EXIT_FLOOR_RATCHET,90,
,,,,,,,,,,0.384,0.548,0.379,GENERAL,,,,OWNER_R_EXIT_FLOOR_RATCHET,90,
,,,,,,,,,,0.384,0.549,0.384,GENERAL,,,,OWNER_R_EXIT_FLOOR_RATCHET,90,
,,,,,,,,,,0.386,0.551,0.384,GENERAL,,,,OWNER_R_EXIT_FLOOR_RATCHET,90,
,,,,,,,,,,0.386,0.551,0.386,GENERAL,,,,OWNER_R_EXIT_FLOOR_RATCHET,90,
,,,,,,,,,,0.388,0.554,0.386,GENERAL,,,,OWNER_R_EXIT_FLOOR_RATCHET,90,
,,,,,,,,,,0.388,0.555,0.388,GENERAL,,,,OWNER_R_EXIT_FLOOR_RATCHET,90,
,,,,,,,,,,0.389,0.555,0.388,GENERAL,,,,OWNER_R_EXIT_FLOOR_RATCHET,90,
,,,,,,,,,,0.389,0.556,0.389,GENERAL,,,,OWNER_R_EXIT_FLOOR_RATCHET,90,
,,,,,,,,,,0.389,0.556,0.389,GENERAL,,,,OWNER_R_EXIT_FLOOR_RATCHET,90,
,,,,,,,,,,0.390,0.557,0.389,GENERAL,,,,OWNER_R_EXIT_FLOOR_RATCHET,90,
,,,,,,,,,,0.393,0.562,0.390,GENERAL,,,,OWNER_R_EXIT_FLOOR_RATCHET,90,
,,,,,,,,,,0.394,0.562,0.393,GENERAL,,,,OWNER_R_EXIT_FLOOR_RATCHET,90,
,,,,,,,,,,0.394,0.563,0.394,GENERAL,,,,OWNER_R_EXIT_FLOOR_RATCHET,90,
,,,,,,,,,,0.395,0.564,0.394,GENERAL,,,,OWNER_R_EXIT_FLOOR_RATCHET,90,
,,,,,,,,,,0.396,0.566,0.395,GENERAL,,,,OWNER_R_EXIT_FLOOR_RATCHET,90,
,,,,,,,,,,0.397,0.566,0.396,GENERAL,,,,OWNER_R_EXIT_FLOOR_RATCHET,90,
,,,,,,,,,,0.399,0.570,0.397,GENERAL,,,,OWNER_R_EXIT_FLOOR_RATCHET,90,
,,,,,,,,,,0.399,0.570,0.399,GENERAL,,,,OWNER_R_EXIT_FLOOR_RATCHET,90,
,,,,,,,,,,0.402,0.574,0.399,GENERAL,,,,OWNER_R_EXIT_FLOOR_RATCHET,90,
,,,,,,,,,,0.410,0.585,0.402,GENERAL,,,,OWNER_R_EXIT_FLOOR_RATCHET,90,
,,,,,,,,,,0.412,0.588,0.410,GENERAL,,,,OWNER_R_EXIT_FLOOR_RATCHET,90,
,,,,,,,,,,0.414,0.591,0.412,GENERAL,,,,OWNER_R_EXIT_FLOOR_RATCHET,90,
,,,,,,,,,,0.414,0.592,0.414,GENERAL,,,,OWNER_R_EXIT_FLOOR_RATCHET,90,
,,,,,,,,,,0.415,0.592,0.414,GENERAL,,,,OWNER_R_EXIT_FLOOR_RATCHET,90,
,,,,,,,,,,0.415,0.593,0.415,GENERAL,,,,OWNER_R_EXIT_FLOOR_RATCHET,90,
,,,,,,,,,,0.416,0.594,0.415,GENERAL,,,,OWNER_R_EXIT_FLOOR_RATCHET,90,
,,,,,,,,,,0.418,0.597,0.416,GENERAL,,,,OWNER_R_EXIT_FLOOR_RATCHET,90,
,,,,,,,,,,0.420,0.599,0.418,GENERAL,,,,OWNER_R_EXIT_FLOOR_RATCHET,90,
,,,,,,,,,,0.425,0.607,0.420,GENERAL,,,,OWNER_R_EXIT_FLOOR_RATCHET,90,
,,,,,,,,,,0.425,0.608,0.425,GENERAL,,,,OWNER_R_EXIT_FLOOR_RATCHET,90,
,,,,,,,,,,0.432,0.618,0.425,GENERAL,,,,OWNER_R_EXIT_FLOOR_RATCHET,90,
,,,,,,,,,,0.433,0.619,0.432,GENERAL,,,,OWNER_R_EXIT_FLOOR_RATCHET,90,
,,,,,,,,,,0.433,0.619,0.433,GENERAL,,,,OWNER_R_EXIT_FLOOR_RATCHET,90,
,,,,,,,,,,0.435,0.621,0.433,GENERAL,,,,OWNER_R_EXIT_FLOOR_RATCHET,90,
,,,,,,,,,,0.438,0.626,0.435,GENERAL,,,,OWNER_R_EXIT_FLOOR_RATCHET,90,
,,,,,,,,,,0.438,0.626,0.438,GENERAL,,,,OWNER_R_EXIT_FLOOR_RATCHET,90,
,,,,,,,,,,0.441,0.629,0.438,GENERAL,,,,OWNER_R_EXIT_FLOOR_RATCHET,90,
,,,,,,,,,,0.443,0.632,0.441,GENERAL,,,,OWNER_R_EXIT_FLOOR_RATCHET,90,
,,,,,,,,,,0.443,0.633,0.443,GENERAL,,,,OWNER_R_EXIT_FLOOR_RATCHET,90,
,,,,,,,,,,0.444,0.634,0.443,GENERAL,,,,OWNER_R_EXIT_FLOOR_RATCHET,90,
,,,,,,,,,,0.446,0.637,0.444,GENERAL,,,,OWNER_R_EXIT_FLOOR_RATCHET,90,
,,,,,,,,,,0.446,0.637,0.446,GENERAL,,,,OWNER_R_EXIT_FLOOR_RATCHET,90,
,,,,,,,,,,0.448,0.640,0.446,GENERAL,,,,OWNER_R_EXIT_FLOOR_RATCHET,90,
,,,,,,,,,,0.449,0.641,0.448,GENERAL,,,,OWNER_R_EXIT_FLOOR_RATCHET,90,
,,,,,,,,,,0.451,0.644,0.449,GENERAL,,,,OWNER_R_EXIT_FLOOR_RATCHET,90,
,,,,,,,,,,0.451,0.645,0.451,GENERAL,,,,OWNER_R_EXIT_FLOOR_RATCHET,90,
,,,,,,,,,,0.452,0.645,0.451,GENERAL,,,,OWNER_R_EXIT_FLOOR_RATCHET,90,
,,,,,,,,,,0.452,0.645,0.452,GENERAL,,,,OWNER_R_EXIT_FLOOR_RATCHET,90,
,,,,,,,,,,0.462,0.660,0.452,GENERAL,,,,OWNER_R_EXIT_FLOOR_RATCHET,90,
,,,,,,,,,,0.464,0.662,0.462,GENERAL,,,,OWNER_R_EXIT_FLOOR_RATCHET,90,
,,,,,,,,,,0.470,0.671,0.464,GENERAL,,,,OWNER_R_EXIT_FLOOR_RATCHET,90,
,,,,,,,,,,0.474,0.677,0.470,GENERAL,,,,OWNER_R_EXIT_FLOOR_RATCHET,90,
,,,,,,,,,,0.474,0.677,0.474,GENERAL,,,,OWNER_R_EXIT_FLOOR_RATCHET,90,
,,,,,,,,,,0.483,0.691,0.474,GENERAL,,,,OWNER_R_EXIT_FLOOR_RATCHET,90,
,,,,,,,,,,0.484,0.691,0.483,GENERAL,,,,OWNER_R_EXIT_FLOOR_RATCHET,90,
,,,,,,,,,,0.484,0.692,0.484,GENERAL,,,,OWNER_R_EXIT_FLOOR_RATCHET,90,
,,,,,,,,,,0.484,0.692,0.484,GENERAL,,,,OWNER_R_EXIT_FLOOR_RATCHET,90,
,,,,,,,,,,0.485,0.693,0.484,GENERAL,,,,OWNER_R_EXIT_FLOOR_RATCHET,90,
,,,,,,,,,,0.485,0.693,0.485,GENERAL,,,,OWNER_R_EXIT_FLOOR_RATCHET,90,
,,,,,,,,,,0.486,0.694,0.485,GENERAL,,,,OWNER_R_EXIT_FLOOR_RATCHET,90,
,,,,,,,,,,0.486,0.695,0.486,GENERAL,,,,OWNER_R_EXIT_FLOOR_RATCHET,90,
,,,,,,,,,,0.487,0.696,0.486,GENERAL,,,,OWNER_R_EXIT_FLOOR_RATCHET,90,
,,,,,,,,,,0.488,0.697,0.487,GENERAL,,,,OWNER_R_EXIT_FLOOR_RATCHET,90,
,,,,,,,,,,0.496,0.709,0.488,GENERAL,,,,OWNER_R_EXIT_FLOOR_RATCHET,90,
,,,,,,,,,,0.499,0.713,0.496,GENERAL,,,,OWNER_R_EXIT_FLOOR_RATCHET,90,
,,,,,,,,,,0.500,0.714,0.499,GENERAL,,,,OWNER_R_EXIT_FLOOR_RATCHET,90,
,,,,,,,,,,0.504,0.720,0.500,GENERAL,,,,OWNER_R_EXIT_FLOOR_RATCHET,90,
,,,,,,,,,,0.512,0.731,0.504,GENERAL,,,,OWNER_R_EXIT_FLOOR_RATCHET,90,
,,,,,,,,,,0.515,0.736,0.512,GENERAL,,,,OWNER_R_EXIT_FLOOR_RATCHET,90,
,,,,,,,,,,0.515,0.736,0.515,GENERAL,,,,OWNER_R_EXIT_FLOOR_RATCHET,90,
,,,,,,,,,,0.520,0.743,0.515,GENERAL,,,,OWNER_R_EXIT_FLOOR_RATCHET,90,
,,,,,,,,,,0.523,0.747,0.520,GENERAL,,,,OWNER_R_EXIT_FLOOR_RATCHET,90,
,,,,,,,,,,0.524,0.748,0.523,GENERAL,,,,OWNER_R_EXIT_FLOOR_RATCHET,90,
,,,,,,,,,,0.525,0.750,0.524,GENERAL,,,,OWNER_R_EXIT_FLOOR_RATCHET,90,
,,,,,,,,,,0.527,0.752,0.525,GENERAL,,,,OWNER_R_EXIT_FLOOR_RATCHET,90,
,,,,,,,,,,0.528,0.755,0.527,GENERAL,,,,OWNER_R_EXIT_FLOOR_RATCHET,90,
,,,,,,,,,,0.533,0.761,0.528,GENERAL,,,,OWNER_R_EXIT_FLOOR_RATCHET,90,
,,,,,,,,,,0.533,0.762,0.533,GENERAL,,,,OWNER_R_EXIT_FLOOR_RATCHET,90,
,,,,,,,,,,0.544,0.776,0.533,GENERAL,,,,OWNER_R_EXIT_FLOOR_RATCHET,90,
,,,,,,,,,,0.545,0.778,0.544,GENERAL,,,,OWNER_R_EXIT_FLOOR_RATCHET,90,
,,,,,,,,,,0.546,0.780,0.545,GENERAL,,,,OWNER_R_EXIT_FLOOR_RATCHET,90,
,,,,,,,,,,0.546,0.780,0.546,GENERAL,,,,OWNER_R_EXIT_FLOOR_RATCHET,90,
,,,,,,,,,,0.549,0.784,0.546,GENERAL,,,,OWNER_R_EXIT_FLOOR_RATCHET,90,
,,,,,,,,,,0.550,0.786,0.549,GENERAL,,,,OWNER_R_EXIT_FLOOR_RATCHET,90,
,,,,,,,,,,0.551,0.787,0.550,GENERAL,,,,OWNER_R_EXIT_FLOOR_RATCHET,90,
,,,,,,,,,,0.551,0.787,0.551,GENERAL,,,,OWNER_R_EXIT_FLOOR_RATCHET,90,
,,,,,,,,,,0.552,0.788,0.551,GENERAL,,,,OWNER_R_EXIT_FLOOR_RATCHET,90,
,,,,,,,,,,0.556,0.794,0.552,GENERAL,,,,OWNER_R_EXIT_FLOOR_RATCHET,90,
,,,,,,,,,,0.556,0.794,0.556,GENERAL,,,,OWNER_R_EXIT_FLOOR_RATCHET,90,
,,,,,,,,,,0.559,0.798,0.556,GENERAL,,,,OWNER_R_EXIT_FLOOR_RATCHET,90,
,,,,,,,,,,0.559,0.799,0.559,GENERAL,,,,OWNER_R_EXIT_FLOOR_RATCHET,90,
,,,,,,,,,,0.560,0.800,0.559,GENERAL,,,,OWNER_R_EXIT_FLOOR_RATCHET,90,
,,,,,,,,,,0.561,0.801,0.560,GENERAL,,,,OWNER_R_EXIT_FLOOR_RATCHET,90,
,,,,,,,,,,0.566,0.808,0.561,GENERAL,,,,OWNER_R_EXIT_FLOOR_RATCHET,90,
,,,,,,,,,,0.574,0.819,0.566,GENERAL,,,,OWNER_R_EXIT_FLOOR_RATCHET,90,
,,,,,,,,,,0.576,0.823,0.574,GENERAL,,,,OWNER_R_EXIT_FLOOR_RATCHET,90,
,,,,,,,,,,0.577,0.824,0.576,GENERAL,,,,OWNER_R_EXIT_FLOOR_RATCHET,90,
,,,,,,,,,,0.580,0.829,0.577,GENERAL,,,,OWNER_R_EXIT_FLOOR_RATCHET,90,
,,,,,,,,,,0.583,0.833,0.580,GENERAL,,,,OWNER_R_EXIT_FLOOR_RATCHET,90,
,,,,,,,,,,0.583,0.833,0.583,GENERAL,,,,OWNER_R_EXIT_FLOOR_RATCHET,90,
,,,,,,,,,,0.588,0.840,0.583,GENERAL,,,,OWNER_R_EXIT_FLOOR_RATCHET,90,
,,,,,,,,,,0.589,0.841,0.588,GENERAL,,,,OWNER_R_EXIT_FLOOR_RATCHET,90,
,,,,,,,,,,0.590,0.843,0.589,GENERAL,,,,OWNER_R_EXIT_FLOOR_RATCHET,90,
,,,,,,,,,,0.590,0.843,0.590,GENERAL,,,,OWNER_R_EXIT_FLOOR_RATCHET,90,
,,,,,,,,,,0.590,0.843,0.590,GENERAL,,,,OWNER_R_EXIT_FLOOR_RATCHET,90,
,,,,,,,,,,0.592,0.846,0.590,GENERAL,,,,OWNER_R_EXIT_FLOOR_RATCHET,90,
,,,,,,,,,,0.594,0.849,0.592,GENERAL,,,,OWNER_R_EXIT_FLOOR_RATCHET,90,
,,,,,,,,,,0.600,0.857,0.594,GENERAL,,,,OWNER_R_EXIT_FLOOR_RATCHET,90,
,,,,,,,,,,0.607,0.867,0.600,GENERAL,,,,OWNER_R_EXIT_FLOOR_RATCHET,90,
,,,,,,,,,,0.609,0.870,0.607,GENERAL,,,,OWNER_R_EXIT_FLOOR_RATCHET,90,
,,,,,,,,,,0.609,0.871,0.609,GENERAL,,,,OWNER_R_EXIT_FLOOR_RATCHET,90,
,,,,,,,,,,0.611,0.872,0.609,GENERAL,,,,OWNER_R_EXIT_FLOOR_RATCHET,90,
,,,,,,,,,,0.611,0.873,0.611,GENERAL,,,,OWNER_R_EXIT_FLOOR_RATCHET,90,
,,,,,,,,,,0.615,0.879,0.611,GENERAL,,,,OWNER_R_EXIT_FLOOR_RATCHET,90,
,,,,,,,,,,0.621,0.887,0.615,GENERAL,,,,OWNER_R_EXIT_FLOOR_RATCHET,90,
,,,,,,,,,,0.622,0.888,0.621,GENERAL,,,,OWNER_R_EXIT_FLOOR_RATCHET,90,
,,,,,,,,,,0.622,0.889,0.622,GENERAL,,,,OWNER_R_EXIT_FLOOR_RATCHET,90,
,,,,,,,,,,0.626,0.895,0.622,GENERAL,,,,OWNER_R_EXIT_FLOOR_RATCHET,90,
,,,,,,,,,,0.631,0.901,0.626,GENERAL,,,,OWNER_R_EXIT_FLOOR_RATCHET,90,
,,,,,,,,,,0.632,0.903,0.631,GENERAL,,,,OWNER_R_EXIT_FLOOR_RATCHET,90,
,,,,,,,,,,0.636,0.908,0.632,GENERAL,,,,OWNER_R_EXIT_FLOOR_RATCHET,90,
,,,,,,,,,,0.636,0.908,0.636,GENERAL,,,,OWNER_R_EXIT_FLOOR_RATCHET,90,
,,,,,,,,,,0.636,0.909,0.636,GENERAL,,,,OWNER_R_EXIT_FLOOR_RATCHET,90,
,,,,,,,,,,0.638,0.912,0.636,GENERAL,,,,OWNER_R_EXIT_FLOOR_RATCHET,90,
,,,,,,,,,,0.649,0.927,0.638,GENERAL,,,,OWNER_R_EXIT_FLOOR_RATCHET,90,
,,,,,,,,,,0.650,0.929,0.649,GENERAL,,,,OWNER_R_EXIT_FLOOR_RATCHET,90,
,,,,,,,,,,0.657,0.939,0.650,GENERAL,,,,OWNER_R_EXIT_FLOOR_RATCHET,90,
,,,,,,,,,,0.658,0.940,0.657,GENERAL,,,,OWNER_R_EXIT_FLOOR_RATCHET,90,
,,,,,,,,,,0.663,0.947,0.658,GENERAL,,,,OWNER_R_EXIT_FLOOR_RATCHET,90,
,,,,,,,,,,0.671,0.959,0.663,GENERAL,,,,OWNER_R_EXIT_FLOOR_RATCHET,90,
,,,,,,,,,,0.672,0.960,0.671,GENERAL,,,,OWNER_R_EXIT_FLOOR_RATCHET,90,
,,,,,,,,,,0.673,0.962,0.672,GENERAL,,,,OWNER_R_EXIT_FLOOR_RATCHET,90,
,,,,,,,,,,0.674,0.963,0.673,GENERAL,,,,OWNER_R_EXIT_FLOOR_RATCHET,90,
,,,,,,,,,,0.684,0.977,0.674,GENERAL,,,,OWNER_R_EXIT_FLOOR_RATCHET,90,
,,,,,,,,,,0.688,0.983,0.684,GENERAL,,,,OWNER_R_EXIT_FLOOR_RATCHET,90,
,,,,,,,,,,0.692,0.989,0.688,GENERAL,,,,OWNER_R_EXIT_FLOOR_RATCHET,90,
,,,,,,,,,,0.700,1.000,0.692,GENERAL,,,,OWNER_R_EXIT_FLOOR_RATCHET,90,
,,,OWNER_R_EXIT_TP_1R,,APPROVE,,false,,,,,,,,,,OWNER_R_EXIT_DECISION,90,
,,,OWNER_R_EXIT_TP_1R,,,,false,,,,,,,,,10009,OWNER_R_EXIT_CLOSE_APPROVED,90,
,,,OWNER_R_EXIT_GIVEBACK_45,,APPROVE,,false,,,,,,,,,,OWNER_R_EXIT_DECISION,94,
,,,OWNER_R_EXIT_GIVEBACK_45,,,,false,,,,,,,,,10009,OWNER_R_EXIT_CLOSE_APPROVED,94,
,,,,,,,,0.300,,,0.404,,GENERAL,,,,OWNER_R_EXIT_FLOOR_ARMED,96,
,,,,,,,,,,0.352,0.503,0.300,GENERAL,,,,OWNER_R_EXIT_FLOOR_RATCHET,96,
,,,,,,,,,,0.353,0.505,0.352,GENERAL,,,,OWNER_R_EXIT_FLOOR_RATCHET,96,
,,,,,,,,,,0.354,0.506,0.353,GENERAL,,,,OWNER_R_EXIT_FLOOR_RATCHET,96,
,,,,,,,,,,0.355,0.507,0.354,GENERAL,,,,OWNER_R_EXIT_FLOOR_RATCHET,96,
,,,,,,,,,,0.356,0.508,0.355,GENERAL,,,,OWNER_R_EXIT_FLOOR_RATCHET,96,
,,,,,,,,,,0.359,0.512,0.356,GENERAL,,,,OWNER_R_EXIT_FLOOR_RATCHET,96,
,,,,,,,,,,0.364,0.519,0.359,GENERAL,,,,OWNER_R_EXIT_FLOOR_RATCHET,96,
,,,,,,,,,,0.368,0.526,0.364,GENERAL,,,,OWNER_R_EXIT_FLOOR_RATCHET,96,
,,,,,,,,,,0.371,0.531,0.368,GENERAL,,,,OWNER_R_EXIT_FLOOR_RATCHET,96,
,,,,,,,,,,0.380,0.543,0.371,GENERAL,,,,OWNER_R_EXIT_FLOOR_RATCHET,96,
,,,,,,,,,,0.383,0.547,0.380,GENERAL,,,,OWNER_R_EXIT_FLOOR_RATCHET,96,
,,,,,,,,,,0.385,0.549,0.383,GENERAL,,,,OWNER_R_EXIT_FLOOR_RATCHET,96,
,,,,,,,,,,0.387,0.553,0.385,GENERAL,,,,OWNER_R_EXIT_FLOOR_RATCHET,96,
,,,,,,,,,,0.392,0.560,0.387,GENERAL,,,,OWNER_R_EXIT_FLOOR_RATCHET,96,
,,,,,,,,,,0.397,0.567,0.392,GENERAL,,,,OWNER_R_EXIT_FLOOR_RATCHET,96,
,,,,,,,,,,0.398,0.568,0.397,GENERAL,,,,OWNER_R_EXIT_FLOOR_RATCHET,96,
,,,,,,,,,,0.398,0.569,0.398,GENERAL,,,,OWNER_R_EXIT_FLOOR_RATCHET,96,
,,,,,,,,,,0.401,0.572,0.398,GENERAL,,,,OWNER_R_EXIT_FLOOR_RATCHET,96,
,,,,,,,,,,0.401,0.573,0.401,GENERAL,,,,OWNER_R_EXIT_FLOOR_RATCHET,96,
,,,,,,,,,,0.402,0.574,0.401,GENERAL,,,,OWNER_R_EXIT_FLOOR_RATCHET,96,
,,,,,,,,,,0.402,0.574,0.402,GENERAL,,,,OWNER_R_EXIT_FLOOR_RATCHET,96,
,,,,,,,,,,0.409,0.585,0.402,GENERAL,,,,OWNER_R_EXIT_FLOOR_RATCHET,96,
,,,,,,,,,,0.419,0.599,0.409,GENERAL,,,,OWNER_R_EXIT_FLOOR_RATCHET,96,
,,,,,,,,,,0.422,0.603,0.419,GENERAL,,,,OWNER_R_EXIT_FLOOR_RATCHET,96,
,,,,,,,,,,0.435,0.622,0.422,GENERAL,,,,OWNER_R_EXIT_FLOOR_RATCHET,96,
,,,,,,,,,,0.436,0.622,0.435,GENERAL,,,,OWNER_R_EXIT_FLOOR_RATCHET,96,
,,,,,,,,,,0.436,0.623,0.436,GENERAL,,,,OWNER_R_EXIT_FLOOR_RATCHET,96,
CLOSE_AT_OR_ABOVE_FLOOR,,,,0.451,,SELL,,,0.44,,,,,,OWNER_R_EXIT_FLOOR_BREACH,,OWNER_R_EXIT_DECISION,96,
,,,OWNER_R_EXIT_FLOOR_BREACH,,APPROVE,,false,,,,,,,,,,OWNER_R_EXIT_DECISION,96,
,,,OWNER_R_EXIT_FLOOR_BREACH,,,,false,,,,,,,,,10009,OWNER_R_EXIT_CLOSE_APPROVED,96,
,,,OWNER_R_EXIT_GIVEBACK_45,,APPROVE,,false,,,,,,,,,,OWNER_R_EXIT_DECISION,98,
,,,OWNER_R_EXIT_GIVEBACK_45,,,,false,,,,,,,,,10009,OWNER_R_EXIT_CLOSE_APPROVED,98,
,,,,,,,,0.300,,,0.402,,GENERAL,,,,OWNER_R_EXIT_FLOOR_ARMED,100,
CLOSE_AT_OR_ABOVE_FLOOR,,,,0.324,,SELL,,,0.30,,,,,,OWNER_R_EXIT_FLOOR_BREACH,,OWNER_R_EXIT_DECISION,100,
,,,OWNER_R_EXIT_FLOOR_BREACH,,APPROVE,,false,,,,,,,,,,OWNER_R_EXIT_DECISION,100,
,,,OWNER_R_EXIT_FLOOR_BREACH,,,,false,,,,,,,,,10009,OWNER_R_EXIT_CLOSE_APPROVED,100,
,,,,,,,,0.300,,,0.406,,GENERAL,,,,OWNER_R_EXIT_FLOOR_ARMED,104,
,,,OWNER_R_EXIT_RUNNER_CONTINUATION_FAILED,,APPROVE,,false,,,,,,,,,,OWNER_R_EXIT_DECISION,104,
,,,OWNER_R_EXIT_RUNNER_CONTINUATION_FAILED,,,,false,,,,,,,,,10009,OWNER_R_EXIT_CLOSE_APPROVED,104,
,,,,,,,,0.300,,,0.411,,GENERAL,,,,OWNER_R_EXIT_FLOOR_ARMED,106,
,,,,,,,,,,0.354,0.506,0.300,GENERAL,,,,OWNER_R_EXIT_FLOOR_RATCHET,106,
,,,,,,,,,,0.355,0.507,0.354,GENERAL,,,,OWNER_R_EXIT_FLOOR_RATCHET,106,
,,,,,,,,,,0.355,0.507,0.355,GENERAL,,,,OWNER_R_EXIT_FLOOR_RATCHET,106,
,,,,,,,,,,0.356,0.509,0.355,GENERAL,,,,OWNER_R_EXIT_FLOOR_RATCHET,106,
,,,,,,,,,,0.356,0.509,0.356,GENERAL,,,,OWNER_R_EXIT_FLOOR_RATCHET,106,
,,,,,,,,,,0.357,0.510,0.356,GENERAL,,,,OWNER_R_EXIT_FLOOR_RATCHET,106,
,,,,,,,,,,0.358,0.511,0.357,GENERAL,,,,OWNER_R_EXIT_FLOOR_RATCHET,106,
,,,,,,,,,,0.366,0.522,0.358,GENERAL,,,,OWNER_R_EXIT_FLOOR_RATCHET,106,
,,,,,,,,,,0.366,0.523,0.366,GENERAL,,,,OWNER_R_EXIT_FLOOR_RATCHET,106,
,,,,,,,,,,0.371,0.530,0.366,GENERAL,,,,OWNER_R_EXIT_FLOOR_RATCHET,106,
RETRY_BROKER_FLOOR,OWNER_R_EXIT_FLOOR_BREACH,0.370,,,,,,,,,,,,0.371,,,OWNER_R_EXIT_CLOSE_REJECTED_BELOW_FLOOR,106,
CLOSE_AT_OR_ABOVE_FLOOR,,,,0.374,,BUY,,,0.37,,,,,,OWNER_R_EXIT_FLOOR_BREACH,,OWNER_R_EXIT_DECISION,106,
,,,OWNER_R_EXIT_FLOOR_BREACH,,APPROVE,,false,,,,,,,,,,OWNER_R_EXIT_DECISION,106,
,,,OWNER_R_EXIT_FLOOR_BREACH,,,,false,,,,,,,,,10009,OWNER_R_EXIT_CLOSE_APPROVED,106,
,,,,,,,,0.300,,,0.400,,GENERAL,,,,OWNER_R_EXIT_FLOOR_ARMED,108,
,,,,,,,,,,0.351,0.502,0.300,GENERAL,,,,OWNER_R_EXIT_FLOOR_RATCHET,108,
,,,,,,,,,,0.354,0.506,0.351,GENERAL,,,,OWNER_R_EXIT_FLOOR_RATCHET,108,
,,,,,,,,,,0.358,0.511,0.354,GENERAL,,,,OWNER_R_EXIT_FLOOR_RATCHET,108,
,,,,,,,,,,0.375,0.536,0.358,GENERAL,,,,OWNER_R_EXIT_FLOOR_RATCHET,108,
,,,,,,,,,,0.377,0.539,0.375,GENERAL,,,,OWNER_R_EXIT_FLOOR_RATCHET,108,
,,,,,,,,,,0.379,0.542,0.377,GENERAL,,,,OWNER_R_EXIT_FLOOR_RATCHET,108,
,,,,,,,,,,0.383,0.547,0.379,GENERAL,,,,OWNER_R_EXIT_FLOOR_RATCHET,108,
,,,,,,,,,,0.384,0.548,0.383,GENERAL,,,,OWNER_R_EXIT_FLOOR_RATCHET,108,
,,,,,,,,,,0.384,0.549,0.384,GENERAL,,,,OWNER_R_EXIT_FLOOR_RATCHET,108,
,,,,,,,,,,0.385,0.550,0.384,GENERAL,,,,OWNER_R_EXIT_FLOOR_RATCHET,108,
,,,,,,,,,,0.389,0.556,0.385,GENERAL,,,,OWNER_R_EXIT_FLOOR_RATCHET,108,
,,,,,,,,,,0.390,0.557,0.389,GENERAL,,,,OWNER_R_EXIT_FLOOR_RATCHET,108,
,,,,,,,,,,0.395,0.564,0.390,GENERAL,,,,OWNER_R_EXIT_FLOOR_RATCHET,108,
,,,,,,,,,,0.404,0.577,0.395,GENERAL,,,,OWNER_R_EXIT_FLOOR_RATCHET,108,
,,,,,,,,,,0.409,0.584,0.404,GENERAL,,,,OWNER_R_EXIT_FLOOR_RATCHET,108,
,,,,,,,,,,0.410,0.585,0.409,GENERAL,,,,OWNER_R_EXIT_FLOOR_RATCHET,108,
,,,,,,,,,,0.411,0.587,0.410,GENERAL,,,,OWNER_R_EXIT_FLOOR_RATCHET,108,
,,,,,,,,,,0.412,0.589,0.411,GENERAL,,,,OWNER_R_EXIT_FLOOR_RATCHET,108,
,,,,,,,,,,0.413,0.590,0.412,GENERAL,,,,OWNER_R_EXIT_FLOOR_RATCHET,108,
,,,,,,,,,,0.414,0.591,0.413,GENERAL,,,,OWNER_R_EXIT_FLOOR_RATCHET,108,
CLOSE_AT_OR_ABOVE_FLOOR,,,,0.426,,BUY,,,0.41,,,,,,OWNER_R_EXIT_FLOOR_BREACH,,OWNER_R_EXIT_DECISION,108,
,,,OWNER_R_EXIT_FLOOR_BREACH,,APPROVE,,false,,,,,,,,,,OWNER_R_EXIT_DECISION,108,
,,,OWNER_R_EXIT_FLOOR_BREACH,,,,false,,,,,,,,,10009,OWNER_R_EXIT_CLOSE_APPROVED,108,
,,,,,,,,0.300,,,0.404,,GENERAL,,,,OWNER_R_EXIT_FLOOR_ARMED,110,
,,,OWNER_R_EXIT_RUNNER_CONTINUATION_FAILED,,APPROVE,,false,,,,,,,,,,OWNER_R_EXIT_DECISION,110,
,,,OWNER_R_EXIT_RUNNER_CONTINUATION_FAILED,,,,false,,,,,,,,,10009,OWNER_R_EXIT_CLOSE_APPROVED,110,
,,,,,,,,0.300,,,0.405,,GENERAL,,,,OWNER_R_EXIT_FLOOR_ARMED,112,
CLOSE_AT_OR_ABOVE_FLOOR,,,,0.311,,BUY,,,0.30,,,,,,OWNER_R_EXIT_FLOOR_BREACH,,OWNER_R_EXIT_DECISION,112,
,,,OWNER_R_EXIT_FLOOR_BREACH,,APPROVE,,false,,,,,,,,,,OWNER_R_EXIT_DECISION,112,
,,,OWNER_R_EXIT_FLOOR_BREACH,,,,false,,,,,,,,,10009,OWNER_R_EXIT_CLOSE_APPROVED,112,
,,,OWNER_R_EXIT_GIVEBACK_45,,APPROVE,,false,,,,,,,,,,OWNER_R_EXIT_DECISION,114,
,,,OWNER_R_EXIT_GIVEBACK_45,,,,false,,,,,,,,,10009,OWNER_R_EXIT_CLOSE_APPROVED,114,
,,,OWNER_R_EXIT_GIVEBACK_45,,APPROVE,,false,,,,,,,,,,OWNER_R_EXIT_DECISION,116,
,,,OWNER_R_EXIT_GIVEBACK_45,,,,false,,,,,,,,,10009,OWNER_R_EXIT_CLOSE_APPROVED,116,
,,,,,,,,0.300,,,0.402,,GENERAL,,,,OWNER_R_EXIT_FLOOR_ARMED,118,
CLOSE_AT_OR_ABOVE_FLOOR,,,,0.306,,SELL,,,0.30,,,,,,OWNER_R_EXIT_FLOOR_BREACH,,OWNER_R_EXIT_DECISION,118,
,,,OWNER_R_EXIT_FLOOR_BREACH,,APPROVE,,false,,,,,,,,,,OWNER_R_EXIT_DECISION,118,
,,,OWNER_R_EXIT_FLOOR_BREACH,,,,false,,,,,,,,,10009,OWNER_R_EXIT_CLOSE_APPROVED,118,
,,,OWNER_R_EXIT_GIVEBACK_45,,APPROVE,,false,,,,,,,,,,OWNER_R_EXIT_DECISION,122,
,,,OWNER_R_EXIT_GIVEBACK_45,,,,false,,,,,,,,,10009,OWNER_R_EXIT_CLOSE_APPROVED,122,
,,,OWNER_R_EXIT_GIVEBACK_45,,APPROVE,,false,,,,,,,,,,OWNER_R_EXIT_DECISION,124,
,,,OWNER_R_EXIT_GIVEBACK_45,,,,false,,,,,,,,,10009,OWNER_R_EXIT_CLOSE_APPROVED,124,
,,,,,,,,0.300,,,0.417,,GENERAL,,,,OWNER_R_EXIT_FLOOR_ARMED,126,
,,,,,,,,,,0.357,0.510,0.300,GENERAL,,,,OWNER_R_EXIT_FLOOR_RATCHET,126,
,,,,,,,,,,0.360,0.514,0.357,GENERAL,,,,OWNER_R_EXIT_FLOOR_RATCHET,126,
,,,,,,,,,,0.360,0.515,0.360,GENERAL,,,,OWNER_R_EXIT_FLOOR_RATCHET,126,
,,,,,,,,,,0.363,0.518,0.360,GENERAL,,,,OWNER_R_EXIT_FLOOR_RATCHET,126,
,,,,,,,,,,0.365,0.522,0.363,GENERAL,,,,OWNER_R_EXIT_FLOOR_RATCHET,126,
,,,,,,,,,,0.371,0.530,0.365,GENERAL,,,,OWNER_R_EXIT_FLOOR_RATCHET,126,
,,,,,,,,,,0.374,0.534,0.371,GENERAL,,,,OWNER_R_EXIT_FLOOR_RATCHET,126,
,,,,,,,,,,0.375,0.535,0.374,GENERAL,,,,OWNER_R_EXIT_FLOOR_RATCHET,126,
,,,,,,,,,,0.379,0.541,0.375,GENERAL,,,,OWNER_R_EXIT_FLOOR_RATCHET,126,
,,,,,,,,,,0.382,0.546,0.379,GENERAL,,,,OWNER_R_EXIT_FLOOR_RATCHET,126,
,,,,,,,,,,0.383,0.547,0.382,GENERAL,,,,OWNER_R_EXIT_FLOOR_RATCHET,126,
,,,,,,,,,,0.384,0.548,0.383,GENERAL,,,,OWNER_R_EXIT_FLOOR_RATCHET,126,
CLOSE_AT_OR_ABOVE_FLOOR,,,,0.399,,SELL,,,0.38,,,,,,OWNER_R_EXIT_FLOOR_BREACH,,OWNER_R_EXIT_DECISION,126,
,,,OWNER_R_EXIT_FLOOR_BREACH,,APPROVE,,false,,,,,,,,,,OWNER_R_EXIT_DECISION,126,
,,,OWNER_R_EXIT_FLOOR_BREACH,,,,false,,,,,,,,,10009,OWNER_R_EXIT_CLOSE_APPROVED,126,
,,,,,,,,0.300,,,0.413,,GENERAL,,,,OWNER_R_EXIT_FLOOR_ARMED,128,
,,,,,,,,,,0.355,0.508,0.300,GENERAL,,,,OWNER_R_EXIT_FLOOR_RATCHET,128,
,,,,,,,,,,0.362,0.518,0.355,GENERAL,,,,OWNER_R_EXIT_FLOOR_RATCHET,128,
,,,,,,,,,,0.368,0.525,0.362,GENERAL,,,,OWNER_R_EXIT_FLOOR_RATCHET,128,
,,,,,,,,,,0.369,0.526,0.368,GENERAL,,,,OWNER_R_EXIT_FLOOR_RATCHET,128,
,,,,,,,,,,0.376,0.538,0.369,GENERAL,,,,OWNER_R_EXIT_FLOOR_RATCHET,128,
,,,,,,,,,,0.377,0.539,0.376,GENERAL,,,,OWNER_R_EXIT_FLOOR_RATCHET,128,
,,,,,,,,,,0.381,0.544,0.377,GENERAL,,,,OWNER_R_EXIT_FLOOR_RATCHET,128,
,,,,,,,,,,0.390,0.558,0.381,GENERAL,,,,OWNER_R_EXIT_FLOOR_RATCHET,128,
,,,,,,,,,,0.391,0.559,0.390,GENERAL,,,,OWNER_R_EXIT_FLOOR_RATCHET,128,
,,,,,,,,,,0.396,0.566,0.391,GENERAL,,,,OWNER_R_EXIT_FLOOR_RATCHET,128,
,,,,,,,,,,0.397,0.568,0.396,GENERAL,,,,OWNER_R_EXIT_FLOOR_RATCHET,128,
,,,,,,,,,,0.403,0.576,0.397,GENERAL,,,,OWNER_R_EXIT_FLOOR_RATCHET,128,
,,,,,,,,,,0.411,0.588,0.403,GENERAL,,,,OWNER_R_EXIT_FLOOR_RATCHET,128,
,,,,,,,,,,0.414,0.591,0.411,GENERAL,,,,OWNER_R_EXIT_FLOOR_RATCHET,128,
,,,,,,,,,,0.415,0.593,0.414,GENERAL,,,,OWNER_R_EXIT_FLOOR_RATCHET,128,
,,,,,,,,,,0.416,0.595,0.415,GENERAL,,,,OWNER_R_EXIT_FLOOR_RATCHET,128,
,,,,,,,,,,0.425,0.607,0.416,GENERAL,,,,OWNER_R_EXIT_FLOOR_RATCHET,128,
,,,,,,,,,,0.428,0.611,0.425,GENERAL,,,,OWNER_R_EXIT_FLOOR_RATCHET,128,
,,,,,,,,,,0.430,0.615,0.428,GENERAL,,,,OWNER_R_EXIT_FLOOR_RATCHET,128,
,,,,,,,,,,0.443,0.632,0.430,GENERAL,,,,OWNER_R_EXIT_FLOOR_RATCHET,128,
,,,,,,,,,,0.452,0.646,0.443,GENERAL,,,,OWNER_R_EXIT_FLOOR_RATCHET,128,
,,,,,,,,,,0.455,0.650,0.452,GENERAL,,,,OWNER_R_EXIT_FLOOR_RATCHET,128,
,,,,,,,,,,0.459,0.656,0.455,GENERAL,,,,OWNER_R_EXIT_FLOOR_RATCHET,128,
,,,,,,,,,,0.465,0.664,0.459,GENERAL,,,,OWNER_R_EXIT_FLOOR_RATCHET,128,
,,,,,,,,,,0.472,0.675,0.465,GENERAL,,,,OWNER_R_EXIT_FLOOR_RATCHET,128,
,,,,,,,,,,0.474,0.677,0.472,GENERAL,,,,OWNER_R_EXIT_FLOOR_RATCHET,128,
,,,,,,,,,,0.475,0.678,0.474,GENERAL,,,,OWNER_R_EXIT_FLOOR_RATCHET,128,
,,,,,,,,,,0.476,0.679,0.475,GENERAL,,,,OWNER_R_EXIT_FLOOR_RATCHET,128,
,,,,,,,,,,0.479,0.685,0.476,GENERAL,,,,OWNER_R_EXIT_FLOOR_RATCHET,128,
,,,,,,,,,,0.481,0.687,0.479,GENERAL,,,,OWNER_R_EXIT_FLOOR_RATCHET,128,
,,,,,,,,,,0.484,0.692,0.481,GENERAL,,,,OWNER_R_EXIT_FLOOR_RATCHET,128,
,,,,,,,,,,0.487,0.696,0.484,GENERAL,,,,OWNER_R_EXIT_FLOOR_RATCHET,128,
,,,,,,,,,,0.492,0.703,0.487,GENERAL,,,,OWNER_R_EXIT_FLOOR_RATCHET,128,
,,,,,,,,,,0.499,0.713,0.492,GENERAL,,,,OWNER_R_EXIT_FLOOR_RATCHET,128,
,,,,,,,,,,0.500,0.714,0.499,GENERAL,,,,OWNER_R_EXIT_FLOOR_RATCHET,128,
,,,,,,,,,,0.521,0.744,0.500,GENERAL,,,,OWNER_R_EXIT_FLOOR_RATCHET,128,
,,,,,,,,,,0.525,0.751,0.521,GENERAL,,,,OWNER_R_EXIT_FLOOR_RATCHET,128,
CLOSE_AT_OR_ABOVE_FLOOR,,,,0.552,,SELL,,,0.53,,,,,,OWNER_R_EXIT_FLOOR_BREACH,,OWNER_R_EXIT_DECISION,128,
,,,OWNER_R_EXIT_FLOOR_BREACH,,APPROVE,,false,,,,,,,,,,OWNER_R_EXIT_DECISION,128,
,,,OWNER_R_EXIT_FLOOR_BREACH,,,,false,,,,,,,,,10009,OWNER_R_EXIT_CLOSE_APPROVED,128,
,,,,,,,,0.300,,,0.400,,GENERAL,,,,OWNER_R_EXIT_FLOOR_ARMED,130,
CLOSE_AT_OR_ABOVE_FLOOR,,,,0.312,,SELL,,,0.30,,,,,,OWNER_R_EXIT_FLOOR_BREACH,,OWNER_R_EXIT_DECISION,130,
,,,OWNER_R_EXIT_FLOOR_BREACH,,APPROVE,,false,,,,,,,,,,OWNER_R_EXIT_DECISION,130,
,,,OWNER_R_EXIT_FLOOR_BREACH,,,,false,,,,,,,,,10009,OWNER_R_EXIT_CLOSE_APPROVED,130,
,,,OWNER_R_EXIT_GIVEBACK_45,,APPROVE,,false,,,,,,,,,,OWNER_R_EXIT_DECISION,132,
,,,OWNER_R_EXIT_GIVEBACK_45,,,,false,,,,,,,,,10009,OWNER_R_EXIT_CLOSE_APPROVED,132,
,,,,,,,,0.300,,,0.408,,GENERAL,,,,OWNER_R_EXIT_FLOOR_ARMED,134,
CLOSE_AT_OR_ABOVE_FLOOR,,,,0.314,,SELL,,,0.30,,,,,,OWNER_R_EXIT_FLOOR_BREACH,,OWNER_R_EXIT_DECISION,134,
,,,OWNER_R_EXIT_FLOOR_BREACH,,APPROVE,,false,,,,,,,,,,OWNER_R_EXIT_DECISION,134,
,,,OWNER_R_EXIT_FLOOR_BREACH,,,,false,,,,,,,,,10009,OWNER_R_EXIT_CLOSE_APPROVED,134,
,,,OWNER_R_EXIT_GIVEBACK_45,,APPROVE,,false,,,,,,,,,,OWNER_R_EXIT_DECISION,136,
,,,OWNER_R_EXIT_GIVEBACK_45,,,,false,,,,,,,,,10009,OWNER_R_EXIT_CLOSE_APPROVED,136,
,,,OWNER_R_EXIT_GIVEBACK_45,,APPROVE,,false,,,,,,,,,,OWNER_R_EXIT_DECISION,138,
,,,OWNER_R_EXIT_GIVEBACK_45,,,,false,,,,,,,,,10009,OWNER_R_EXIT_CLOSE_APPROVED,138,
,,,,,,,,0.300,,,0.410,,GENERAL,,,,OWNER_R_EXIT_FLOOR_ARMED,140,
,,,,,,,,,,0.350,0.500,0.300,GENERAL,,,,OWNER_R_EXIT_FLOOR_RATCHET,140,
,,,,,,,,,,0.352,0.502,0.350,GENERAL,,,,OWNER_R_EXIT_FLOOR_RATCHET,140,
,,,,,,,,,,0.352,0.503,0.352,GENERAL,,,,OWNER_R_EXIT_FLOOR_RATCHET,140,
,,,,,,,,,,0.353,0.505,0.352,GENERAL,,,,OWNER_R_EXIT_FLOOR_RATCHET,140,
,,,,,,,,,,0.357,0.510,0.353,GENERAL,,,,OWNER_R_EXIT_FLOOR_RATCHET,140,
,,,,,,,,,,0.357,0.511,0.357,GENERAL,,,,OWNER_R_EXIT_FLOOR_RATCHET,140,
,,,,,,,,,,0.366,0.523,0.357,GENERAL,,,,OWNER_R_EXIT_FLOOR_RATCHET,140,
,,,,,,,,,,0.370,0.528,0.366,GENERAL,,,,OWNER_R_EXIT_FLOOR_RATCHET,140,
,,,,,,,,,,0.371,0.529,0.370,GENERAL,,,,OWNER_R_EXIT_FLOOR_RATCHET,140,
,,,,,,,,,,0.372,0.532,0.371,GENERAL,,,,OWNER_R_EXIT_FLOOR_RATCHET,140,
,,,,,,,,,,0.384,0.549,0.372,GENERAL,,,,OWNER_R_EXIT_FLOOR_RATCHET,140,
,,,,,,,,,,0.390,0.557,0.384,GENERAL,,,,OWNER_R_EXIT_FLOOR_RATCHET,140,
,,,,,,,,,,0.391,0.559,0.390,GENERAL,,,,OWNER_R_EXIT_FLOOR_RATCHET,140,
,,,,,,,,,,0.393,0.561,0.391,GENERAL,,,,OWNER_R_EXIT_FLOOR_RATCHET,140,
,,,,,,,,,,0.394,0.562,0.393,GENERAL,,,,OWNER_R_EXIT_FLOOR_RATCHET,140,
,,,,,,,,,,0.400,0.571,0.394,GENERAL,,,,OWNER_R_EXIT_FLOOR_RATCHET,140,
,,,,,,,,,,0.406,0.580,0.400,GENERAL,,,,OWNER_R_EXIT_FLOOR_RATCHET,140,
,,,,,,,,,,0.407,0.582,0.406,GENERAL,,,,OWNER_R_EXIT_FLOOR_RATCHET,140,
,,,,,,,,,,0.408,0.583,0.407,GENERAL,,,,OWNER_R_EXIT_FLOOR_RATCHET,140,
,,,,,,,,,,0.411,0.586,0.408,GENERAL,,,,OWNER_R_EXIT_FLOOR_RATCHET,140,
,,,,,,,,,,0.417,0.595,0.411,GENERAL,,,,OWNER_R_EXIT_FLOOR_RATCHET,140,
,,,,,,,,,,0.419,0.598,0.417,GENERAL,,,,OWNER_R_EXIT_FLOOR_RATCHET,140,
,,,,,,,,,,0.419,0.599,0.419,GENERAL,,,,OWNER_R_EXIT_FLOOR_RATCHET,140,
,,,,,,,,,,0.421,0.601,0.419,GENERAL,,,,OWNER_R_EXIT_FLOOR_RATCHET,140,
,,,,,,,,,,0.422,0.602,0.421,GENERAL,,,,OWNER_R_EXIT_FLOOR_RATCHET,140,
,,,,,,,,,,0.432,0.616,0.422,GENERAL,,,,OWNER_R_EXIT_FLOOR_RATCHET,140,
,,,,,,,,,,0.433,0.619,0.432,GENERAL,,,,OWNER_R_EXIT_FLOOR_RATCHET,140,
,,,,,,,,,,0.435,0.621,0.433,GENERAL,,,,OWNER_R_EXIT_FLOOR_RATCHET,140,
,,,,,,,,,,0.435,0.622,0.435,GENERAL,,,,OWNER_R_EXIT_FLOOR_RATCHET,140,
,,,,,,,,,,0.443,0.632,0.435,GENERAL,,,,OWNER_R_EXIT_FLOOR_RATCHET,140,
,,,,,,,,,,0.443,0.633,0.443,GENERAL,,,,OWNER_R_EXIT_FLOOR_RATCHET,140,
,,,,,,,,,,0.444,0.634,0.443,GENERAL,,,,OWNER_R_EXIT_FLOOR_RATCHET,140,
,,,,,,,,,,0.444,0.635,0.444,GENERAL,,,,OWNER_R_EXIT_FLOOR_RATCHET,140,
,,,,,,,,,,0.456,0.652,0.444,GENERAL,,,,OWNER_R_EXIT_FLOOR_RATCHET,140,
,,,,,,,,,,0.463,0.661,0.456,GENERAL,,,,OWNER_R_EXIT_FLOOR_RATCHET,140,
,,,,,,,,,,0.465,0.664,0.463,GENERAL,,,,OWNER_R_EXIT_FLOOR_RATCHET,140,
CLOSE_AT_OR_ABOVE_FLOOR,,,,0.486,,BUY,,,0.46,,,,,,OWNER_R_EXIT_FLOOR_BREACH,,OWNER_R_EXIT_DECISION,140,
,,,OWNER_R_EXIT_FLOOR_BREACH,,APPROVE,,false,,,,,,,,,,OWNER_R_EXIT_DECISION,140,
,,,OWNER_R_EXIT_FLOOR_BREACH,,,,false,,,,,,,,,10009,OWNER_R_EXIT_CLOSE_APPROVED,140,
,,,,,,,,0.300,,,0.401,,GENERAL,,,,OWNER_R_EXIT_FLOOR_ARMED,142,
CLOSE_AT_OR_ABOVE_FLOOR,,,,0.315,,BUY,,,0.30,,,,,,OWNER_R_EXIT_FLOOR_BREACH,,OWNER_R_EXIT_DECISION,142,
,,,OWNER_R_EXIT_FLOOR_BREACH,,APPROVE,,false,,,,,,,,,,OWNER_R_EXIT_DECISION,142,
,,,OWNER_R_EXIT_FLOOR_BREACH,,,,false,,,,,,,,,10009,OWNER_R_EXIT_CLOSE_APPROVED,142,
,,,OWNER_R_EXIT_GIVEBACK_45,,APPROVE,,false,,,,,,,,,,OWNER_R_EXIT_DECISION,144,
,,,OWNER_R_EXIT_GIVEBACK_45,,,,false,,,,,,,,,10009,OWNER_R_EXIT_CLOSE_APPROVED,144,
,,,,,,,,0.300,,,0.403,,GENERAL,,,,OWNER_R_EXIT_FLOOR_ARMED,146,
CLOSE_AT_OR_ABOVE_FLOOR,,,,0.317,,SELL,,,0.30,,,,,,OWNER_R_EXIT_FLOOR_BREACH,,OWNER_R_EXIT_DECISION,146,
,,,OWNER_R_EXIT_FLOOR_BREACH,,APPROVE,,false,,,,,,,,,,OWNER_R_EXIT_DECISION,146,
,,,OWNER_R_EXIT_FLOOR_BREACH,,,,false,,,,,,,,,10009,OWNER_R_EXIT_CLOSE_APPROVED,146,
,,,OWNER_R_EXIT_GIVEBACK_45,,APPROVE,,false,,,,,,,,,,OWNER_R_EXIT_DECISION,150,
,,,OWNER_R_EXIT_GIVEBACK_45,,,,false,,,,,,,,,10009,OWNER_R_EXIT_CLOSE_APPROVED,150,
,,,OWNER_R_EXIT_GIVEBACK_45,,APPROVE,,false,,,,,,,,,,OWNER_R_EXIT_DECISION,152,
,,,OWNER_R_EXIT_GIVEBACK_45,,,,false,,,,,,,,,10009,OWNER_R_EXIT_CLOSE_APPROVED,152,
,,,,,,,,0.300,,,0.400,,GENERAL,,,,OWNER_R_EXIT_FLOOR_ARMED,154,
,,,OWNER_R_EXIT_RUNNER_CONTINUATION_FAILED,,APPROVE,,false,,,,,,,,,,OWNER_R_EXIT_DECISION,154,
,,,OWNER_R_EXIT_RUNNER_CONTINUATION_FAILED,,,,false,,,,,,,,,10009,OWNER_R_EXIT_CLOSE_APPROVED,154,
,,,OWNER_R_EXIT_GIVEBACK_45,,APPROVE,,false,,,,,,,,,,OWNER_R_EXIT_DECISION,156,
,,,OWNER_R_EXIT_GIVEBACK_45,,,,false,,,,,,,,,10009,OWNER_R_EXIT_CLOSE_APPROVED,156,
,,,OWNER_R_EXIT_GIVEBACK_45,,APPROVE,,false,,,,,,,,,,OWNER_R_EXIT_DECISION,158,
,,,OWNER_R_EXIT_GIVEBACK_45,,,,false,,,,,,,,,10009,OWNER_R_EXIT_CLOSE_APPROVED,158,
,,,OWNER_R_EXIT_GIVEBACK_45,,APPROVE,,false,,,,,,,,,,OWNER_R_EXIT_DECISION,160,
,,,OWNER_R_EXIT_GIVEBACK_45,,,,false,,,,,,,,,10009,OWNER_R_EXIT_CLOSE_APPROVED,160,
,,,,,,,,0.300,,,0.408,,GENERAL,,,,OWNER_R_EXIT_FLOOR_ARMED,162,
,,,,,,,,,,0.352,0.503,0.300,GENERAL,,,,OWNER_R_EXIT_FLOOR_RATCHET,162,
,,,,,,,,,,0.354,0.506,0.352,GENERAL,,,,OWNER_R_EXIT_FLOOR_RATCHET,162,
,,,,,,,,,,0.357,0.510,0.354,GENERAL,,,,OWNER_R_EXIT_FLOOR_RATCHET,162,
,,,,,,,,,,0.360,0.514,0.357,GENERAL,,,,OWNER_R_EXIT_FLOOR_RATCHET,162,
,,,,,,,,,,0.361,0.515,0.360,GENERAL,,,,OWNER_R_EXIT_FLOOR_RATCHET,162,
,,,,,,,,,,0.365,0.522,0.361,GENERAL,,,,OWNER_R_EXIT_FLOOR_RATCHET,162,
,,,,,,,,,,0.369,0.526,0.365,GENERAL,,,,OWNER_R_EXIT_FLOOR_RATCHET,162,
,,,,,,,,,,0.370,0.528,0.369,GENERAL,,,,OWNER_R_EXIT_FLOOR_RATCHET,162,
,,,,,,,,,,0.370,0.529,0.370,GENERAL,,,,OWNER_R_EXIT_FLOOR_RATCHET,162,
,,,,,,,,,,0.371,0.530,0.370,GENERAL,,,,OWNER_R_EXIT_FLOOR_RATCHET,162,
,,,,,,,,,,0.372,0.531,0.371,GENERAL,,,,OWNER_R_EXIT_FLOOR_RATCHET,162,
,,,,,,,,,,0.372,0.532,0.372,GENERAL,,,,OWNER_R_EXIT_FLOOR_RATCHET,162,
,,,,,,,,,,0.373,0.533,0.372,GENERAL,,,,OWNER_R_EXIT_FLOOR_RATCHET,162,
,,,,,,,,,,0.390,0.558,0.373,GENERAL,,,,OWNER_R_EXIT_FLOOR_RATCHET,162,
,,,,,,,,,,0.395,0.564,0.390,GENERAL,,,,OWNER_R_EXIT_FLOOR_RATCHET,162,
,,,,,,,,,,0.399,0.570,0.395,GENERAL,,,,OWNER_R_EXIT_FLOOR_RATCHET,162,
,,,,,,,,,,0.408,0.583,0.399,GENERAL,,,,OWNER_R_EXIT_FLOOR_RATCHET,162,
,,,,,,,,,,0.419,0.599,0.408,GENERAL,,,,OWNER_R_EXIT_FLOOR_RATCHET,162,
,,,,,,,,,,0.421,0.602,0.419,GENERAL,,,,OWNER_R_EXIT_FLOOR_RATCHET,162,
,,,,,,,,,,0.436,0.622,0.421,GENERAL,,,,OWNER_R_EXIT_FLOOR_RATCHET,162,
,,,,,,,,,,0.439,0.627,0.436,GENERAL,,,,OWNER_R_EXIT_FLOOR_RATCHET,162,
,,,,,,,,,,0.445,0.635,0.439,GENERAL,,,,OWNER_R_EXIT_FLOOR_RATCHET,162,
,,,,,,,,,,0.445,0.636,0.445,GENERAL,,,,OWNER_R_EXIT_FLOOR_RATCHET,162,
,,,,,,,,,,0.446,0.637,0.445,GENERAL,,,,OWNER_R_EXIT_FLOOR_RATCHET,162,
,,,,,,,,,,0.449,0.641,0.446,GENERAL,,,,OWNER_R_EXIT_FLOOR_RATCHET,162,
,,,,,,,,,,0.452,0.645,0.449,GENERAL,,,,OWNER_R_EXIT_FLOOR_RATCHET,162,
CLOSE_AT_OR_ABOVE_FLOOR,,,,0.478,,SELL,,,0.45,,,,,,OWNER_R_EXIT_FLOOR_BREACH,,OWNER_R_EXIT_DECISION,162,
,,,OWNER_R_EXIT_FLOOR_BREACH,,APPROVE,,false,,,,,,,,,,OWNER_R_EXIT_DECISION,162,
,,,OWNER_R_EXIT_FLOOR_BREACH,,,,false,,,,,,,,,10009,OWNER_R_EXIT_CLOSE_APPROVED,162,
,,,,,,,,0.300,,,0.405,,GENERAL,,,,OWNER_R_EXIT_FLOOR_ARMED,164,
,,,,,,,,,,0.358,0.512,0.300,GENERAL,,,,OWNER_R_EXIT_FLOOR_RATCHET,164,
,,,,,,,,,,0.375,0.535,0.358,GENERAL,,,,OWNER_R_EXIT_FLOOR_RATCHET,164,
,,,,,,,,,,0.377,0.539,0.375,GENERAL,,,,OWNER_R_EXIT_FLOOR_RATCHET,164,
,,,,,,,,,,0.410,0.585,0.377,GENERAL,,,,OWNER_R_EXIT_FLOOR_RATCHET,164,
CLOSE_AT_OR_ABOVE_FLOOR,,,,0.430,,SELL,,,0.41,,,,,,OWNER_R_EXIT_FLOOR_BREACH,,OWNER_R_EXIT_DECISION,164,
,,,OWNER_R_EXIT_FLOOR_BREACH,,APPROVE,,false,,,,,,,,,,OWNER_R_EXIT_DECISION,164,
,,,OWNER_R_EXIT_FLOOR_BREACH,,,,false,,,,,,,,,10009,OWNER_R_EXIT_CLOSE_APPROVED,164,
,,,,,,,,0.300,,,0.400,,GENERAL,,,,OWNER_R_EXIT_FLOOR_ARMED,166,
CLOSE_AT_OR_ABOVE_FLOOR,,,,0.309,,BUY,,,0.30,,,,,,OWNER_R_EXIT_FLOOR_BREACH,,OWNER_R_EXIT_DECISION,166,
,,,OWNER_R_EXIT_FLOOR_BREACH,,APPROVE,,false,,,,,,,,,,OWNER_R_EXIT_DECISION,166,
,,,OWNER_R_EXIT_FLOOR_BREACH,,,,false,,,,,,,,,10009,OWNER_R_EXIT_CLOSE_APPROVED,166,
,,,OWNER_R_EXIT_GIVEBACK_45,,APPROVE,,false,,,,,,,,,,OWNER_R_EXIT_DECISION,168,
,,,OWNER_R_EXIT_GIVEBACK_45,,,,false,,,,,,,,,10009,OWNER_R_EXIT_CLOSE_APPROVED,168,
,,,,,,,,0.300,,,0.404,,GENERAL,,,,OWNER_R_EXIT_FLOOR_ARMED,172,
,,,,,,,,,,0.353,0.504,0.300,GENERAL,,,,OWNER_R_EXIT_FLOOR_RATCHET,172,
,,,,,,,,,,0.355,0.507,0.353,GENERAL,,,,OWNER_R_EXIT_FLOOR_RATCHET,172,
,,,,,,,,,,0.361,0.515,0.355,GENERAL,,,,OWNER_R_EXIT_FLOOR_RATCHET,172,
,,,,,,,,,,0.361,0.516,0.361,GENERAL,,,,OWNER_R_EXIT_FLOOR_RATCHET,172,
CLOSE_AT_OR_ABOVE_FLOOR,,,,0.372,,SELL,,,0.36,,,,,,OWNER_R_EXIT_FLOOR_BREACH,,OWNER_R_EXIT_DECISION,172,
,,,OWNER_R_EXIT_FLOOR_BREACH,,APPROVE,,false,,,,,,,,,,OWNER_R_EXIT_DECISION,172,
,,,OWNER_R_EXIT_FLOOR_BREACH,,,,false,,,,,,,,,10009,OWNER_R_EXIT_CLOSE_APPROVED,172,
,,,OWNER_R_EXIT_GIVEBACK_45,,APPROVE,,false,,,,,,,,,,OWNER_R_EXIT_DECISION,174,
,,,OWNER_R_EXIT_GIVEBACK_45,,,,false,,,,,,,,,10009,OWNER_R_EXIT_CLOSE_APPROVED,174,
,,,,,,,,0.300,,,0.420,,GENERAL,,,,OWNER_R_EXIT_FLOOR_ARMED,178,
,,,,,,,,,,0.353,0.504,0.300,GENERAL,,,,OWNER_R_EXIT_FLOOR_RATCHET,178,
,,,,,,,,,,0.356,0.509,0.353,GENERAL,,,,OWNER_R_EXIT_FLOOR_RATCHET,178,
,,,,,,,,,,0.358,0.512,0.356,GENERAL,,,,OWNER_R_EXIT_FLOOR_RATCHET,178,
,,,,,,,,,,0.380,0.543,0.358,GENERAL,,,,OWNER_R_EXIT_FLOOR_RATCHET,178,
,,,,,,,,,,0.403,0.576,0.380,GENERAL,,,,OWNER_R_EXIT_FLOOR_RATCHET,178,
,,,,,,,,,,0.404,0.577,0.403,GENERAL,,,,OWNER_R_EXIT_FLOOR_RATCHET,178,
,,,,,,,,,,0.405,0.579,0.404,GENERAL,,,,OWNER_R_EXIT_FLOOR_RATCHET,178,
,,,,,,,,,,0.414,0.592,0.405,GENERAL,,,,OWNER_R_EXIT_FLOOR_RATCHET,178,
,,,,,,,,,,0.415,0.593,0.414,GENERAL,,,,OWNER_R_EXIT_FLOOR_RATCHET,178,
,,,,,,,,,,0.418,0.597,0.415,GENERAL,,,,OWNER_R_EXIT_FLOOR_RATCHET,178,
,,,,,,,,,,0.452,0.646,0.418,GENERAL,,,,OWNER_R_EXIT_FLOOR_RATCHET,178,
,,,,,,,,,,0.457,0.653,0.452,GENERAL,,,,OWNER_R_EXIT_FLOOR_RATCHET,178,
,,,,,,,,,,0.461,0.659,0.457,GENERAL,,,,OWNER_R_EXIT_FLOOR_RATCHET,178,
,,,,,,,,,,0.481,0.687,0.461,GENERAL,,,,OWNER_R_EXIT_FLOOR_RATCHET,178,
,,,,,,,,,,0.482,0.688,0.481,GENERAL,,,,OWNER_R_EXIT_FLOOR_RATCHET,178,
,,,,,,,,,,0.497,0.710,0.482,GENERAL,,,,OWNER_R_EXIT_FLOOR_RATCHET,178,
,,,,,,,,,,0.506,0.723,0.497,GENERAL,,,,OWNER_R_EXIT_FLOOR_RATCHET,178,
,,,,,,,,,,0.514,0.735,0.506,GENERAL,,,,OWNER_R_EXIT_FLOOR_RATCHET,178,
,,,,,,,,,,0.526,0.752,0.514,GENERAL,,,,OWNER_R_EXIT_FLOOR_RATCHET,178,
,,,,,,,,,,0.529,0.756,0.526,GENERAL,,,,OWNER_R_EXIT_FLOOR_RATCHET,178,
,,,,,,,,,,0.532,0.760,0.529,GENERAL,,,,OWNER_R_EXIT_FLOOR_RATCHET,178,
,,,,,,,,,,0.539,0.770,0.532,GENERAL,,,,OWNER_R_EXIT_FLOOR_RATCHET,178,
,,,,,,,,,,0.544,0.778,0.539,GENERAL,,,,OWNER_R_EXIT_FLOOR_RATCHET,178,
,,,,,,,,,,0.548,0.783,0.544,GENERAL,,,,OWNER_R_EXIT_FLOOR_RATCHET,178,
,,,,,,,,,,0.578,0.825,0.548,GENERAL,,,,OWNER_R_EXIT_FLOOR_RATCHET,178,
,,,,,,,,,,0.579,0.827,0.578,GENERAL,,,,OWNER_R_EXIT_FLOOR_RATCHET,178,
,,,,,,,,,,0.583,0.833,0.579,GENERAL,,,,OWNER_R_EXIT_FLOOR_RATCHET,178,
,,,,,,,,,,0.586,0.838,0.583,GENERAL,,,,OWNER_R_EXIT_FLOOR_RATCHET,178,
,,,,,,,,,,0.600,0.858,0.586,GENERAL,,,,OWNER_R_EXIT_FLOOR_RATCHET,178,
,,,,,,,,,,0.621,0.887,0.600,GENERAL,,,,OWNER_R_EXIT_FLOOR_RATCHET,178,
,,,,,,,,,,0.631,0.902,0.621,GENERAL,,,,OWNER_R_EXIT_FLOOR_RATCHET,178,
,,,,,,,,,,0.635,0.907,0.631,GENERAL,,,,OWNER_R_EXIT_FLOOR_RATCHET,178,
,,,,,,,,,,0.636,0.908,0.635,GENERAL,,,,OWNER_R_EXIT_FLOOR_RATCHET,178,
,,,,,,,,,,0.651,0.930,0.636,GENERAL,,,,OWNER_R_EXIT_FLOOR_RATCHET,178,
,,,,,,,,,,0.674,0.963,0.651,GENERAL,,,,OWNER_R_EXIT_FLOOR_RATCHET,178,
,,,,,,,,,,0.678,0.969,0.674,GENERAL,,,,OWNER_R_EXIT_FLOOR_RATCHET,178,
,,,,,,,,,,0.690,0.986,0.678,GENERAL,,,,OWNER_R_EXIT_FLOOR_RATCHET,178,
,,,OWNER_R_EXIT_TP_1R,,APPROVE,,false,,,,,,,,,,OWNER_R_EXIT_DECISION,178,
,,,OWNER_R_EXIT_TP_1R,,,,false,,,,,,,,,10009,OWNER_R_EXIT_CLOSE_APPROVED,178,
,,,OWNER_R_EXIT_GIVEBACK_45,,APPROVE,,false,,,,,,,,,,OWNER_R_EXIT_DECISION,180,
,,,OWNER_R_EXIT_GIVEBACK_45,,,,false,,,,,,,,,10009,OWNER_R_EXIT_CLOSE_APPROVED,180,
,,,OWNER_R_EXIT_GIVEBACK_45,,APPROVE,,false,,,,,,,,,,OWNER_R_EXIT_DECISION,182,
,,,OWNER_R_EXIT_GIVEBACK_45,,,,false,,,,,,,,,10009,OWNER_R_EXIT_CLOSE_APPROVED,182,
,,,,,,,,0.300,,,0.402,,GENERAL,,,,OWNER_R_EXIT_FLOOR_ARMED,184,
CLOSE_AT_OR_ABOVE_FLOOR,,,,0.323,,SELL,,,0.30,,,,,,OWNER_R_EXIT_FLOOR_BREACH,,OWNER_R_EXIT_DECISION,184,
,,,OWNER_R_EXIT_FLOOR_BREACH,,APPROVE,,false,,,,,,,,,,OWNER_R_EXIT_DECISION,184,
,,,OWNER_R_EXIT_FLOOR_BREACH,,,,false,,,,,,,,,10009,OWNER_R_EXIT_CLOSE_APPROVED,184,
,,,OWNER_R_EXIT_GIVEBACK_45,,APPROVE,,false,,,,,,,,,,OWNER_R_EXIT_DECISION,190,
,,,OWNER_R_EXIT_GIVEBACK_45,,,,false,,,,,,,,,10009,OWNER_R_EXIT_CLOSE_APPROVED,190,
,,,OWNER_R_EXIT_GIVEBACK_45,,APPROVE,,false,,,,,,,,,,OWNER_R_EXIT_DECISION,192,
,,,OWNER_R_EXIT_GIVEBACK_45,,,,false,,,,,,,,,10009,OWNER_R_EXIT_CLOSE_APPROVED,192,
